{"filename": "5.jpg", "glare_frac": 0.005342279989102385, "R_norm_p50": 0.3711790442466736, "a_mean": 22.07193946838379, "R_p50": 182.0, "R_p10": 166.0, "RG": 1.3221445083618164, "S_p50": 0.24705882370471954, "gray_p90": 183.0, "gray_kurt": 3.5283455848693848, "gray_std": 21.321754455566406, "gray_mean": 154.31544494628906, "B_mean": 168.2043914794922, "B_p10": 137.0, "B_p75": 186.0, "G_kurt": 2.7436249256134033, "vessel_area_fraction": 0.0002418290849983317, "mean_vesselness": 0.002816307561453448, "p90_vesselness": 0.0068758678644282424, "skeleton_len_per_area": 9.550718293604998e-05, "branchpoint_density": 0.0, "tortuosity_mean": 0.9425114505685178}