{"filename": "70.jpg", "glare_frac": 0.0792041406726625, "R_norm_p50": 0.4033263921737671, "a_mean": 27.889419555664062, "R_p50": 199.0, "R_p10": 176.0, "RG": 1.4872204065322876, "S_p50": 0.3176470696926117, "gray_p90": 211.0, "gray_kurt": 1.5560801029205322, "gray_std": 43.69131851196289, "gray_mean": 154.07186889648438, "B_mean": 149.62106323242188, "B_p10": 72.0, "B_p75": 208.0, "G_kurt": 1.5169934034347534, "vessel_area_fraction": 0.00329089012654242, "mean_vesselness": 0.0037265578915427347, "p90_vesselness": 0.01089379197509861, "skeleton_len_per_area": 0.0011471473835435813, "branchpoint_density": 0.00015783362525338004, "tortuosity_mean": 1.215905922201501}