{"filename": "136.jpg", "glare_frac": 0.00851384640372486, "R_norm_p50": 0.3705882430076599, "a_mean": 21.53912925720215, "R_p50": 177.0, "R_p10": 128.0, "RG": 1.3242831230163574, "S_p50": 0.25882354378700256, "gray_p90": 184.0, "gray_kurt": 2.9149301052093506, "gray_std": 31.68811798095703, "gray_mean": 143.64834594726562, "B_mean": 159.38511657714844, "B_p10": 113.0, "B_p75": 183.0, "G_kurt": 2.4289660453796387, "vessel_area_fraction": 0.001836441893830703, "mean_vesselness": 0.0036493791775468448, "p90_vesselness": 0.010984322858269224, "skeleton_len_per_area": 0.0007447010097181993, "branchpoint_density": 0.00017406134105736173, "tortuosity_mean": 1.5254162597527106}