{"filename": "66.jpg", "glare_frac": 0.007665466593466178, "R_norm_p50": 0.38533833622932434, "a_mean": 28.664356231689453, "R_p50": 198.0, "R_p10": 169.0, "RG": 1.4637221097946167, "S_p50": 0.3019607961177826, "gray_p90": 191.0, "gray_kurt": 2.951425790786743, "gray_std": 31.867929458618164, "gray_mean": 153.8521728515625, "B_mean": 164.4984588623047, "B_p10": 105.0, "B_p75": 198.0, "G_kurt": 2.3808679580688477, "vessel_area_fraction": 0.002258704468309717, "mean_vesselness": 0.0032782248348008046, "p90_vesselness": 0.009490199303399937, "skeleton_len_per_area": 0.0008825695897817482, "branchpoint_density": 0.0001621046185313415, "tortuosity_mean": 1.342081168916557}