{"filename": "143.jpg", "glare_frac": 0.009068153880590514, "R_norm_p50": 0.36534446477890015, "a_mean": 20.199846267700195, "R_p50": 163.0, "R_p10": 73.0, "RG": 1.328795313835144, "S_p50": 0.2823529541492462, "gray_p90": 193.0, "gray_kurt": 2.05249285697937, "gray_std": 44.90227127075195, "gray_mean": 127.7774887084961, "B_mean": 143.26890563964844, "B_p10": 74.0, "B_p75": 189.0, "G_kurt": 1.9255722761154175, "vessel_area_fraction": 0.0018268314990180486, "mean_vesselness": 0.0029075538332231352, "p90_vesselness": 0.008290770682446864, "skeleton_len_per_area": 0.0006328581860856278, "branchpoint_density": 9.976505414153268e-05, "tortuosity_mean": 1.2946810753327491}