{"filename": "187.jpg", "glare_frac": 0.043485732374621264, "R_norm_p50": 0.3508196771144867, "a_mean": 16.044452667236328, "R_p50": 202.0, "R_p10": 140.0, "RG": 1.1818753480911255, "S_p50": 0.1764705926179886, "gray_p90": 205.0, "gray_kurt": 5.468786239624023, "gray_std": 32.56964874267578, "gray_mean": 172.88577270507812, "B_mean": 190.02561950683594, "B_p10": 144.0, "B_p75": 213.0, "G_kurt": 4.295494079589844, "vessel_area_fraction": 3.8491511359728414e-05, "mean_vesselness": 0.0018949510112204865, "p90_vesselness": 0.0054914036186250815, "skeleton_len_per_area": 1.4513192807766451e-05, "branchpoint_density": 8.413445105951566e-07, "tortuosity_mean": 0.945871278027931}