{"filename": "121.jpg", "glare_frac": 0.020665067248273356, "R_norm_p50": 0.3668639063835144, "a_mean": 19.4798526763916, "R_p50": 174.0, "R_p10": 100.0, "RG": 1.2896971702575684, "S_p50": 0.27843138575553894, "gray_p90": 192.0, "gray_kurt": 1.9641075134277344, "gray_std": 36.08146667480469, "gray_mean": 139.68081665039062, "B_mean": 153.219482421875, "B_p10": 101.0, "B_p75": 186.0, "G_kurt": 1.9832895994186401, "vessel_area_fraction": 0.00032453653217012, "mean_vesselness": 0.0015850598050631548, "p90_vesselness": 0.0032600575788779063, "skeleton_len_per_area": 0.00013929480189022174, "branchpoint_density": 7.851690294438386e-06, "tortuosity_mean": 1.3403953192143077}