{"filename": "86.jpg", "glare_frac": 0.005827704306296965, "R_norm_p50": 0.40508806705474854, "a_mean": 27.192716598510742, "R_p50": 196.0, "R_p10": 149.0, "RG": 1.4950565099716187, "S_p50": 0.32549020648002625, "gray_p90": 180.0, "gray_kurt": 2.7162721157073975, "gray_std": 29.429168701171875, "gray_mean": 146.60499572753906, "B_mean": 145.9093780517578, "B_p10": 92.0, "B_p75": 171.0, "G_kurt": 2.418837070465088, "vessel_area_fraction": 9.639328460117278e-05, "mean_vesselness": 0.0032441778044778723, "p90_vesselness": 0.008960326410341888, "skeleton_len_per_area": 4.527563367630843e-05, "branchpoint_density": 2.921008624277963e-07, "tortuosity_mean": 1.0955637836005299}