{"filename": "16.jpg", "glare_frac": 0.019823166142368873, "R_norm_p50": 0.38084113597869873, "a_mean": 22.93636703491211, "R_p50": 183.0, "R_p10": 144.0, "RG": 1.3789621591567993, "S_p50": 0.26274511218070984, "gray_p90": 196.0, "gray_kurt": 1.8959531784057617, "gray_std": 35.29055404663086, "gray_mean": 146.5498046875, "B_mean": 151.74752807617188, "B_p10": 92.0, "B_p75": 190.0, "G_kurt": 1.8683087825775146, "vessel_area_fraction": 0.0014568995816373964, "mean_vesselness": 0.0069697122124426315, "p90_vesselness": 0.018590306875991947, "skeleton_len_per_area": 0.0005987198819479633, "branchpoint_density": 1.2645940696643069e-05, "tortuosity_mean": 1.0254379349551848}