{"filename": "186.jpg", "glare_frac": 0.06301205823726913, "R_norm_p50": 0.3601895868778229, "a_mean": 18.489336013793945, "R_p50": 162.0, "R_p10": 90.0, "RG": 1.2540297508239746, "S_p50": 0.27843138575553894, "gray_p90": 197.0, "gray_kurt": 2.31707501411438, "gray_std": 44.85161209106445, "gray_mean": 133.94789123535156, "B_mean": 153.8511505126953, "B_p10": 78.0, "B_p75": 203.0, "G_kurt": 1.9960310459136963, "vessel_area_fraction": 0.0015804804599966148, "mean_vesselness": 0.004190959845899509, "p90_vesselness": 0.012178942349281397, "skeleton_len_per_area": 0.0005843432391259862, "branchpoint_density": 0.00012480136624653574, "tortuosity_mean": 1.3707825234505118}