{"filename": "78.jpg", "glare_frac": 0.05067939477372965, "R_norm_p50": 0.40772533416748047, "a_mean": 28.66211700439453, "R_p50": 183.0, "R_p10": 144.0, "RG": 1.5402716398239136, "S_p50": 0.3529411852359772, "gray_p90": 204.0, "gray_kurt": 1.9481604099273682, "gray_std": 44.18888854980469, "gray_mean": 139.19781494140625, "B_mean": 141.24147033691406, "B_p10": 64.0, "B_p75": 190.0, "G_kurt": 1.9080308675765991, "vessel_area_fraction": 5.9352040260663195e-05, "mean_vesselness": 0.0014100072910040165, "p90_vesselness": 0.0035263656404780916, "skeleton_len_per_area": 2.977396079082774e-05, "branchpoint_density": 1.9588132099228777e-06, "tortuosity_mean": 1.147958833453512}