{"filename": "181.jpg", "glare_frac": 0.0373344727141173, "R_norm_p50": 0.38008129596710205, "a_mean": 24.407604217529297, "R_p50": 179.0, "R_p10": 139.0, "RG": 1.3870736360549927, "S_p50": 0.2862745225429535, "gray_p90": 200.0, "gray_kurt": 2.275538921356201, "gray_std": 37.795955657958984, "gray_mean": 144.85797119140625, "B_mean": 158.35491943359375, "B_p10": 99.0, "B_p75": 193.0, "G_kurt": 2.1192073822021484, "vessel_area_fraction": 0.0018509739834457121, "mean_vesselness": 0.005282448077088971, "p90_vesselness": 0.01594409952284182, "skeleton_len_per_area": 0.0006455798055151851, "branchpoint_density": 0.00013488563569339013, "tortuosity_mean": 1.4164175100010052}