{"filename": "140.jpg", "glare_frac": 0.006791052846420042, "R_norm_p50": 0.3720073699951172, "a_mean": 22.141963958740234, "R_p50": 172.0, "R_p10": 97.0, "RG": 1.3440003395080566, "S_p50": 0.34117648005485535, "gray_p90": 175.0, "gray_kurt": 2.9363558292388916, "gray_std": 32.41154861450195, "gray_mean": 135.02259826660156, "B_mean": 151.93634033203125, "B_p10": 106.0, "B_p75": 171.0, "G_kurt": 2.7387726306915283, "vessel_area_fraction": 0.00015497818881902813, "mean_vesselness": 0.002090830352446074, "p90_vesselness": 0.005598444377739547, "skeleton_len_per_area": 5.902117756007214e-05, "branchpoint_density": 1.1423453721304284e-06, "tortuosity_mean": 1.0098416522388436}