{"filename": "165.jpg", "glare_frac": 0.04434741292428968, "R_norm_p50": 0.3731343150138855, "a_mean": 19.18113136291504, "R_p50": 160.0, "R_p10": 108.0, "RG": 1.3050538301467896, "S_p50": 0.26274511218070984, "gray_p90": 196.0, "gray_kurt": 2.3325371742248535, "gray_std": 42.00590515136719, "gray_mean": 132.6304168701172, "B_mean": 145.28831481933594, "B_p10": 85.0, "B_p75": 182.0, "G_kurt": 2.216200113296509, "vessel_area_fraction": 0.0019917858135441433, "mean_vesselness": 0.004351736808329045, "p90_vesselness": 0.013020198908543194, "skeleton_len_per_area": 0.0007362168140971835, "branchpoint_density": 0.0001835278330661711, "tortuosity_mean": 1.6104796469747626}