{"filename": "215.jpg", "glare_frac": 0.016518010291595196, "R_norm_p50": 0.37130802869796753, "a_mean": 22.164913177490234, "R_p50": 174.0, "R_p10": 134.0, "RG": 1.3428672552108765, "S_p50": 0.27450981736183167, "gray_p90": 202.0, "gray_kurt": 2.5250139236450195, "gray_std": 38.21527862548828, "gray_mean": 143.92013549804688, "B_mean": 157.63906860351562, "B_p10": 106.0, "B_p75": 192.0, "G_kurt": 2.1422410011291504, "vessel_area_fraction": 0.001297397905185942, "mean_vesselness": 0.012027411011701423, "p90_vesselness": 0.03656053326688137, "skeleton_len_per_area": 0.0005426809240538667, "branchpoint_density": 0.0001211634611875479, "tortuosity_mean": 1.4702266317049468}