{"filename": "104.jpg", "glare_frac": 0.12570136702704668, "R_norm_p50": 0.36911487579345703, "a_mean": 21.12266731262207, "R_p50": 178.0, "R_p10": 145.0, "RG": 1.3146939277648926, "S_p50": 0.2549019753932953, "gray_p90": 209.0, "gray_kurt": 1.5332748889923096, "gray_std": 43.920963287353516, "gray_mean": 152.04832458496094, "B_mean": 160.0386962890625, "B_p10": 83.0, "B_p75": 215.0, "G_kurt": 1.5395859479904175, "vessel_area_fraction": 9.87210714065097e-05, "mean_vesselness": 0.0021816127620304586, "p90_vesselness": 0.006322470133450964, "skeleton_len_per_area": 4.0027257022522455e-05, "branchpoint_density": 1.1546324141112245e-06, "tortuosity_mean": 0.9996468673380624}