{"filename": "48.jpg", "glare_frac": 0.15118414473721536, "R_norm_p50": 0.36346516013145447, "a_mean": 21.599294662475586, "R_p50": 193.0, "R_p10": 163.0, "RG": 1.3000872135162354, "S_p50": 0.21568627655506134, "gray_p90": 214.0, "gray_kurt": 2.205794334411621, "gray_std": 39.845428466796875, "gray_mean": 163.95489501953125, "B_mean": 174.78750610351562, "B_p10": 96.0, "B_p75": 219.0, "G_kurt": 2.115236520767212, "vessel_area_fraction": 0.0002486419045969892, "mean_vesselness": 0.0014516204506802711, "p90_vesselness": 0.0031646654508364976, "skeleton_len_per_area": 0.00012580096363538145, "branchpoint_density": 3.7000283422171016e-06, "tortuosity_mean": 1.054811452318193}