{"filename": "64.jpg", "glare_frac": 0.006672845122092452, "R_norm_p50": 0.3945578336715698, "a_mean": 28.305953979492188, "R_p50": 195.0, "R_p10": 168.0, "RG": 1.4829230308532715, "S_p50": 0.3176470696926117, "gray_p90": 188.0, "gray_kurt": 2.550931692123413, "gray_std": 30.19655990600586, "gray_mean": 150.2844696044922, "B_mean": 156.19297790527344, "B_p10": 99.0, "B_p75": 186.0, "G_kurt": 2.3037562370300293, "vessel_area_fraction": 0.00011750957844642143, "mean_vesselness": 0.0036561994374623335, "p90_vesselness": 0.010329874553764848, "skeleton_len_per_area": 5.0968009928568334e-05, "branchpoint_density": 2.8315561071426854e-07, "tortuosity_mean": 1.0450772927856056}