{"filename": "125.jpg", "glare_frac": 0.006272146518420012, "R_norm_p50": 0.38235294818878174, "a_mean": 23.120651245117188, "R_p50": 161.0, "R_p10": 130.0, "RG": 1.4252057075500488, "S_p50": 0.2862745225429535, "gray_p90": 164.0, "gray_kurt": 3.0198118686676025, "gray_std": 30.66438102722168, "gray_mean": 126.89688110351562, "B_mean": 137.28298950195312, "B_p10": 81.0, "B_p75": 165.0, "G_kurt": 2.394786834716797, "vessel_area_fraction": 0.0008736564796188905, "mean_vesselness": 0.01415995888495614, "p90_vesselness": 0.043640319533545684, "skeleton_len_per_area": 0.00039558626726481555, "branchpoint_density": 0.0001068924594524076, "tortuosity_mean": 1.5692312683331389}