{"filename": "80.jpg", "glare_frac": 0.006307159311458164, "R_norm_p50": 0.4178082048892975, "a_mean": 26.941511154174805, "R_p50": 183.0, "R_p10": 157.0, "RG": 1.5294110774993896, "S_p50": 0.3490196168422699, "gray_p90": 178.0, "gray_kurt": 2.2627673149108887, "gray_std": 31.197099685668945, "gray_mean": 138.58946228027344, "B_mean": 132.80484008789062, "B_p10": 80.0, "B_p75": 166.0, "G_kurt": 2.216418981552124, "vessel_area_fraction": 0.00010665505795287587, "mean_vesselness": 0.0011944260334197957, "p90_vesselness": 0.0029214998706303106, "skeleton_len_per_area": 3.917940904391359e-05, "branchpoint_density": 2.53940614173514e-06, "tortuosity_mean": 0.8848510702951184}