{"filename": "212.jpg", "glare_frac": 0.021073094669686692, "R_norm_p50": 0.37755101919174194, "a_mean": 25.07562828063965, "R_p50": 163.0, "R_p10": 106.0, "RG": 1.4301599264144897, "S_p50": 0.30588236451148987, "gray_p90": 184.0, "gray_kurt": 1.8674479722976685, "gray_std": 41.08333206176758, "gray_mean": 128.30982971191406, "B_mean": 146.70713806152344, "B_p10": 81.0, "B_p75": 190.0, "G_kurt": 1.8380300998687744, "vessel_area_fraction": 0.00023652347017723548, "mean_vesselness": 0.0017658982078631886, "p90_vesselness": 0.004464597102081209, "skeleton_len_per_area": 8.662619015467871e-05, "branchpoint_density": 6.79421099252382e-06, "tortuosity_mean": 1.0874129624453122}