{"filename": "210.jpg", "glare_frac": 0.007232085659375858, "R_norm_p50": 0.3822714686393738, "a_mean": 24.48276138305664, "R_p50": 145.0, "R_p10": 65.0, "RG": 1.5153664350509644, "S_p50": 0.3294117748737335, "gray_p90": 155.0, "gray_kurt": 2.2573015689849854, "gray_std": 35.62315368652344, "gray_mean": 107.37419891357422, "B_mean": 123.1707763671875, "B_p10": 64.0, "B_p75": 156.0, "G_kurt": 2.3917605876922607, "vessel_area_fraction": 0.0027981147615997073, "mean_vesselness": 0.006687835523176789, "p90_vesselness": 0.01939241821601583, "skeleton_len_per_area": 0.0010989597632775083, "branchpoint_density": 0.00021239437479027485, "tortuosity_mean": 1.32916834372437}