{"filename": "3.jpg", "glare_frac": 0.035945129504795136, "R_norm_p50": 0.36247724294662476, "a_mean": 18.640357971191406, "R_p50": 192.0, "R_p10": 159.0, "RG": 1.2564833164215088, "S_p50": 0.20000000298023224, "gray_p90": 202.0, "gray_kurt": 2.7857704162597656, "gray_std": 29.043010711669922, "gray_mean": 162.9482421875, "B_mean": 172.5041961669922, "B_p10": 127.0, "B_p75": 199.0, "G_kurt": 2.6106510162353516, "vessel_area_fraction": 0.00035195728251556223, "mean_vesselness": 0.002134685764110344, "p90_vesselness": 0.005473835359709049, "skeleton_len_per_area": 0.00015904210841445664, "branchpoint_density": 0.0, "tortuosity_mean": 0.9505330813226421}