{"filename": "185.jpg", "glare_frac": 0.014195759148932926, "R_norm_p50": 0.3581395447254181, "a_mean": 20.79576301574707, "R_p50": 174.0, "R_p10": 92.0, "RG": 1.289250135421753, "S_p50": 0.2980392277240753, "gray_p90": 194.0, "gray_kurt": 2.124082088470459, "gray_std": 36.87406539916992, "gray_mean": 140.87664794921875, "B_mean": 161.48751831054688, "B_p10": 112.0, "B_p75": 197.0, "G_kurt": 1.995422601699829, "vessel_area_fraction": 0.0018187327760688843, "mean_vesselness": 0.003325196113640518, "p90_vesselness": 0.009738706428697477, "skeleton_len_per_area": 0.0006628473850117971, "branchpoint_density": 0.00014293718768224493, "tortuosity_mean": 1.4197898981376817}