{"filename": "92.jpg", "glare_frac": 0.04661854753189888, "R_norm_p50": 0.3857142925262451, "a_mean": 24.711929321289062, "R_p50": 195.0, "R_p10": 162.0, "RG": 1.3889024257659912, "S_p50": 0.27450981736183167, "gray_p90": 198.0, "gray_kurt": 2.810997724533081, "gray_std": 31.268407821655273, "gray_mean": 155.89459228515625, "B_mean": 163.02920532226562, "B_p10": 112.0, "B_p75": 192.0, "G_kurt": 2.6154937744140625, "vessel_area_fraction": 0.0022597956439847455, "mean_vesselness": 0.0031245017925942953, "p90_vesselness": 0.009153754110650858, "skeleton_len_per_area": 0.0009136623305541993, "branchpoint_density": 0.0001841007827393077, "tortuosity_mean": 1.3817163842317854}