{"filename": "47.jpg", "glare_frac": 0.036840624440484616, "R_norm_p50": 0.40857142210006714, "a_mean": 29.217506408691406, "R_p50": 209.0, "R_p10": 189.0, "RG": 1.5001410245895386, "S_p50": 0.32156863808631897, "gray_p90": 204.0, "gray_kurt": 2.269305467605591, "gray_std": 32.128326416015625, "gray_mean": 161.0082550048828, "B_mean": 156.42091369628906, "B_p10": 97.0, "B_p75": 192.0, "G_kurt": 2.2401652336120605, "vessel_area_fraction": 9.591692315562414e-05, "mean_vesselness": 0.0021082982332852316, "p90_vesselness": 0.0058893188446377835, "skeleton_len_per_area": 4.3482338497216274e-05, "branchpoint_density": 0.0, "tortuosity_mean": 0.9844065070399212}