{"filename": "87.jpg", "glare_frac": 0.00585815350035424, "R_norm_p50": 0.45396146178245544, "a_mean": 32.4135627746582, "R_p50": 199.0, "R_p10": 164.0, "RG": 1.7081953287124634, "S_p50": 0.41960784792900085, "gray_p90": 176.0, "gray_kurt": 3.1283252239227295, "gray_std": 27.840423583984375, "gray_mean": 138.1612091064453, "B_mean": 116.9659194946289, "B_p10": 64.0, "B_p75": 146.0, "G_kurt": 2.9860785007476807, "vessel_area_fraction": 0.0009114516207430364, "mean_vesselness": 0.002894599188809793, "p90_vesselness": 0.00534513030911504, "skeleton_len_per_area": 0.0004233212601834981, "branchpoint_density": 1.178347279564365e-06, "tortuosity_mean": 0.9690832849564259}