{"filename": "169.jpg", "glare_frac": 0.0065309287189389475, "R_norm_p50": 0.35886213183403015, "a_mean": 17.36446189880371, "R_p50": 166.0, "R_p10": 100.0, "RG": 1.2638553380966187, "S_p50": 0.239215686917305, "gray_p90": 189.0, "gray_kurt": 2.2315874099731445, "gray_std": 35.314125061035156, "gray_mean": 137.76922607421875, "B_mean": 149.6595458984375, "B_p10": 106.0, "B_p75": 175.0, "G_kurt": 2.187797784805298, "vessel_area_fraction": 0.0002258985618537102, "mean_vesselness": 0.0014160386626609267, "p90_vesselness": 0.003105410232718382, "skeleton_len_per_area": 8.350045850698199e-05, "branchpoint_density": 2.9821592323922135e-06, "tortuosity_mean": 0.9275790701535533}