{"filename": "49.jpg", "glare_frac": 0.04591467676030832, "R_norm_p50": 0.4011741578578949, "a_mean": 23.378093719482422, "R_p50": 193.0, "R_p10": 150.0, "RG": 1.3990123271942139, "S_p50": 0.30588236451148987, "gray_p90": 206.0, "gray_kurt": 2.458498954772949, "gray_std": 39.4045524597168, "gray_mean": 150.68359375, "B_mean": 149.9535369873047, "B_p10": 83.0, "B_p75": 188.0, "G_kurt": 2.256051540374756, "vessel_area_fraction": 0.0003206125561773393, "mean_vesselness": 0.002668896532109633, "p90_vesselness": 0.007309113381917078, "skeleton_len_per_area": 0.00011758344343496692, "branchpoint_density": 3.315802092526182e-06, "tortuosity_mean": 0.9278063118020067}