{"filename": "162.jpg", "glare_frac": 0.013851665575803506, "R_norm_p50": 0.3741176426410675, "a_mean": 20.394447326660156, "R_p50": 143.0, "R_p10": 70.0, "RG": 1.3764334917068481, "S_p50": 0.30980393290519714, "gray_p90": 192.0, "gray_kurt": 2.3985722064971924, "gray_std": 45.66692352294922, "gray_mean": 116.03463745117188, "B_mean": 128.56338500976562, "B_p10": 69.0, "B_p75": 167.0, "G_kurt": 2.4227404594421387, "vessel_area_fraction": 0.0017973405904440386, "mean_vesselness": 0.006216947874666637, "p90_vesselness": 0.018226803441173608, "skeleton_len_per_area": 0.0006527954803816873, "branchpoint_density": 0.00010644527885907196, "tortuosity_mean": 1.3454518359052476}