{"filename": "149.jpg", "glare_frac": 0.010232619405356701, "R_norm_p50": 0.3766816258430481, "a_mean": 21.546916961669922, "R_p50": 167.0, "R_p10": 115.0, "RG": 1.3562541007995605, "S_p50": 0.27450981736183167, "gray_p90": 181.0, "gray_kurt": 2.5918519496917725, "gray_std": 35.16392135620117, "gray_mean": 132.4387969970703, "B_mean": 146.10482788085938, "B_p10": 86.0, "B_p75": 180.0, "G_kurt": 2.366262197494507, "vessel_area_fraction": 0.003542594652027063, "mean_vesselness": 0.006850107283925972, "p90_vesselness": 0.02004914277536224, "skeleton_len_per_area": 0.0013334819829166715, "branchpoint_density": 0.0003237492704730747, "tortuosity_mean": 1.4972764940174852}