{"filename": "183.jpg", "glare_frac": 0.020407087993656977, "R_norm_p50": 0.35687732696533203, "a_mean": 19.021127700805664, "R_p50": 174.0, "R_p10": 108.0, "RG": 1.2571651935577393, "S_p50": 0.239215686917305, "gray_p90": 199.0, "gray_kurt": 2.008885383605957, "gray_std": 43.97371292114258, "gray_mean": 143.37841796875, "B_mean": 162.71142578125, "B_p10": 89.0, "B_p75": 209.0, "G_kurt": 1.7284579277038574, "vessel_area_fraction": 0.00043937873286237255, "mean_vesselness": 0.00209607697037902, "p90_vesselness": 0.004259578730352655, "skeleton_len_per_area": 0.00018406092718429025, "branchpoint_density": 9.284283842839357e-06, "tortuosity_mean": 1.0979672428032425}