{"filename": "166.jpg", "glare_frac": 0.02370921835142168, "R_norm_p50": 0.38319671154022217, "a_mean": 25.087682723999023, "R_p50": 176.0, "R_p10": 97.0, "RG": 1.4459635019302368, "S_p50": 0.3333333432674408, "gray_p90": 200.0, "gray_kurt": 2.4853196144104004, "gray_std": 43.25726318359375, "gray_mean": 132.36355590820312, "B_mean": 144.6574249267578, "B_p10": 83.0, "B_p75": 177.0, "G_kurt": 2.35768461227417, "vessel_area_fraction": 0.0018280454491349084, "mean_vesselness": 0.004011430374962576, "p90_vesselness": 0.011432973254475558, "skeleton_len_per_area": 0.0006328284266529252, "branchpoint_density": 0.00010358798650568717, "tortuosity_mean": 1.277624490753013}