{"filename": "95.jpg", "glare_frac": 0.007071463045727158, "R_norm_p50": 0.3956989347934723, "a_mean": 25.71047592163086, "R_p50": 195.0, "R_p10": 162.0, "RG": 1.4277284145355225, "S_p50": 0.30588236451148987, "gray_p90": 200.0, "gray_kurt": 2.4947502613067627, "gray_std": 32.42206954956055, "gray_mean": 153.60916137695312, "B_mean": 157.27163696289062, "B_p10": 107.0, "B_p75": 187.0, "G_kurt": 2.4396896362304688, "vessel_area_fraction": 3.137622586453038e-05, "mean_vesselness": 0.0018713780440945064, "p90_vesselness": 0.005245146734268036, "skeleton_len_per_area": 1.62418110357569e-05, "branchpoint_density": 3.1376225864530375e-06, "tortuosity_mean": 1.492445148864361}