{"filename": "141.jpg", "glare_frac": 0.01960602534631236, "R_norm_p50": 0.3773987293243408, "a_mean": 22.383073806762695, "R_p50": 166.0, "R_p10": 92.0, "RG": 1.3753467798233032, "S_p50": 0.3019607961177826, "gray_p90": 195.0, "gray_kurt": 2.1133346557617188, "gray_std": 39.49308776855469, "gray_mean": 131.03622436523438, "B_mean": 145.33241271972656, "B_p10": 94.0, "B_p75": 183.0, "G_kurt": 2.149996519088745, "vessel_area_fraction": 3.7209067660590234e-05, "mean_vesselness": 0.001250000444718979, "p90_vesselness": 0.0031804597336219965, "skeleton_len_per_area": 1.240302255353008e-05, "branchpoint_density": 0.0, "tortuosity_mean": 0.8930508261855493}