{"filename": "189.jpg", "glare_frac": 0.03477864892690267, "R_norm_p50": 0.36155202984809875, "a_mean": 19.978965759277344, "R_p50": 148.0, "R_p10": 98.0, "RG": 1.315871238708496, "S_p50": 0.2705882489681244, "gray_p90": 198.0, "gray_kurt": 2.09519624710083, "gray_std": 44.4069709777832, "gray_mean": 125.9623794555664, "B_mean": 143.83676147460938, "B_p10": 84.0, "B_p75": 186.0, "G_kurt": 2.150691270828247, "vessel_area_fraction": 0.0002879317562140085, "mean_vesselness": 0.0021273193304256308, "p90_vesselness": 0.005270230409260411, "skeleton_len_per_area": 0.00012077294685990338, "branchpoint_density": 8.485218748939348e-07, "tortuosity_mean": 0.9862996587001112}