{"filename": "108.jpg", "glare_frac": 0.017141065850775773, "R_norm_p50": 0.3914209008216858, "a_mean": 26.005329132080078, "R_p50": 189.0, "R_p10": 152.0, "RG": 1.4529892206192017, "S_p50": 0.29411765933036804, "gray_p90": 203.0, "gray_kurt": 1.9200396537780762, "gray_std": 40.2638053894043, "gray_mean": 147.55459594726562, "B_mean": 149.20098876953125, "B_p10": 75.0, "B_p75": 193.0, "G_kurt": 1.9132471084594727, "vessel_area_fraction": 0.0003381063803584823, "mean_vesselness": 0.0024668532833849776, "p90_vesselness": 0.006370671948507396, "skeleton_len_per_area": 0.00014362324009551425, "branchpoint_density": 2.8788622736294614e-06, "tortuosity_mean": 1.0381992522670667}