{"filename": "184.jpg", "glare_frac": 0.08303946064193457, "R_norm_p50": 0.364705890417099, "a_mean": 18.46360969543457, "R_p50": 167.0, "R_p10": 94.0, "RG": 1.2704471349716187, "S_p50": 0.24313725531101227, "gray_p90": 202.0, "gray_kurt": 2.353715181350708, "gray_std": 43.75810241699219, "gray_mean": 136.95849609375, "B_mean": 152.4774627685547, "B_p10": 87.0, "B_p75": 184.0, "G_kurt": 2.2836647033691406, "vessel_area_fraction": 0.0002904534745361922, "mean_vesselness": 0.0012963034692319326, "p90_vesselness": 0.0031063704544387785, "skeleton_len_per_area": 0.00012179610382038097, "branchpoint_density": 4.534961312460994e-06, "tortuosity_mean": 0.9797384737906342}