{"filename": "63.jpg", "glare_frac": 0.07752967743094136, "R_norm_p50": 0.38199514150619507, "a_mean": 21.94361114501953, "R_p50": 194.0, "R_p10": 154.0, "RG": 1.3340091705322266, "S_p50": 0.2666666805744171, "gray_p90": 211.0, "gray_kurt": 2.2569947242736816, "gray_std": 37.56000518798828, "gray_mean": 159.02560424804688, "B_mean": 164.235595703125, "B_p10": 99.0, "B_p75": 199.0, "G_kurt": 2.109163284301758, "vessel_area_fraction": 2.0106396020261e-05, "mean_vesselness": 0.001029748054713568, "p90_vesselness": 0.002767285894825303, "skeleton_len_per_area": 9.955594145954477e-06, "branchpoint_density": 7.808309134081942e-07, "tortuosity_mean": 1.7749311923913145}