{"filename": "118.jpg", "glare_frac": 0.052652170042987216, "R_norm_p50": 0.3799622058868408, "a_mean": 20.488779067993164, "R_p50": 189.0, "R_p10": 145.0, "RG": 1.3205199241638184, "S_p50": 0.24313725531101227, "gray_p90": 208.0, "gray_kurt": 2.4339654445648193, "gray_std": 37.90976333618164, "gray_mean": 154.47511291503906, "B_mean": 157.9825439453125, "B_p10": 93.0, "B_p75": 191.0, "G_kurt": 2.1459906101226807, "vessel_area_fraction": 0.00013006120835449533, "mean_vesselness": 0.001299025233251425, "p90_vesselness": 0.0036060335827125807, "skeleton_len_per_area": 5.654835145847623e-05, "branchpoint_density": 2.303821726086069e-06, "tortuosity_mean": 1.1121166198501378}