{"filename": "81.jpg", "glare_frac": 0.006166703330950155, "R_norm_p50": 0.41163310408592224, "a_mean": 29.423110961914062, "R_p50": 191.0, "R_p10": 158.0, "RG": 1.5644359588623047, "S_p50": 0.3529411852359772, "gray_p90": 175.0, "gray_kurt": 2.4160125255584717, "gray_std": 27.161815643310547, "gray_mean": 141.1052703857422, "B_mean": 140.37921142578125, "B_p10": 91.0, "B_p75": 170.0, "G_kurt": 2.409289598464966, "vessel_area_fraction": 0.00011617994830336028, "mean_vesselness": 0.0025762662158739604, "p90_vesselness": 0.006965590118722417, "skeleton_len_per_area": 5.4308969916955395e-05, "branchpoint_density": 9.166070872059983e-07, "tortuosity_mean": 1.0388647517272827}