{"filename": "1.jpg", "glare_frac": 0.042415704712115365, "R_norm_p50": 0.34594595432281494, "a_mean": 16.87950325012207, "R_p50": 197.0, "R_p10": 146.0, "RG": 1.2112692594528198, "S_p50": 0.18431372940540314, "gray_p90": 204.0, "gray_kurt": 2.2003097534179688, "gray_std": 25.317899703979492, "gray_mean": 169.73605346679688, "B_mean": 182.2460479736328, "B_p10": 146.0, "B_p75": 207.0, "G_kurt": 2.043148994445801, "vessel_area_fraction": 0.0008697940423143047, "mean_vesselness": 0.007122497852060117, "p90_vesselness": 0.022016301242705635, "skeleton_len_per_area": 0.00031086628539349494, "branchpoint_density": 7.403249008806709e-05, "tortuosity_mean": 1.4382533742247579}