{"filename": "204.jpg", "glare_frac": 0.08351131552604239, "R_norm_p50": 0.3760683834552765, "a_mean": 23.040327072143555, "R_p50": 168.0, "R_p10": 119.0, "RG": 1.375125765800476, "S_p50": 0.2823529541492462, "gray_p90": 203.0, "gray_kurt": 2.1337053775787354, "gray_std": 42.2872314453125, "gray_mean": 135.74867248535156, "B_mean": 150.30345153808594, "B_p10": 88.0, "B_p75": 186.0, "G_kurt": 2.0813486576080322, "vessel_area_fraction": 4.082250846623328e-05, "mean_vesselness": 0.0009721774484632461, "p90_vesselness": 0.002190709896999012, "skeleton_len_per_area": 1.6861470888226788e-05, "branchpoint_density": 0.0, "tortuosity_mean": 0.8794127014594608}