{"filename": "45.jpg", "glare_frac": 0.007719134154702733, "R_norm_p50": 0.4303797483444214, "a_mean": 29.01593017578125, "R_p50": 194.0, "R_p10": 143.0, "RG": 1.599694013595581, "S_p50": 0.37254902720451355, "gray_p90": 175.0, "gray_kurt": 2.304037094116211, "gray_std": 28.468172073364258, "gray_mean": 138.53244018554688, "B_mean": 127.54956817626953, "B_p10": 80.0, "B_p75": 156.0, "G_kurt": 2.093982696533203, "vessel_area_fraction": 0.0012470909258960362, "mean_vesselness": 0.005688779135709, "p90_vesselness": 0.015871787040022477, "skeleton_len_per_area": 0.0004531740809257167, "branchpoint_density": 1.5519660305675228e-05, "tortuosity_mean": 1.0139891502147316}