{"filename": "58.jpg", "glare_frac": 0.014372276140767625, "R_norm_p50": 0.41067761182785034, "a_mean": 27.802183151245117, "R_p50": 188.0, "R_p10": 154.0, "RG": 1.5248334407806396, "S_p50": 0.34117648005485535, "gray_p90": 201.0, "gray_kurt": 2.0032958984375, "gray_std": 36.836082458496094, "gray_mean": 143.0142364501953, "B_mean": 139.25584411621094, "B_p10": 81.0, "B_p75": 175.0, "G_kurt": 2.070143222808838, "vessel_area_fraction": 0.00012973574917860315, "mean_vesselness": 0.001464893073916476, "p90_vesselness": 0.0037792569962176916, "skeleton_len_per_area": 5.836137045116494e-05, "branchpoint_density": 0.0, "tortuosity_mean": 0.8548227523783735}