{"filename": "96.jpg", "glare_frac": 0.005328639098554523, "R_norm_p50": 0.429193913936615, "a_mean": 31.703943252563477, "R_p50": 197.0, "R_p10": 171.0, "RG": 1.6301028728485107, "S_p50": 0.3843137323856354, "gray_p90": 180.0, "gray_kurt": 2.407824993133545, "gray_std": 28.878618240356445, "gray_mean": 142.7855224609375, "B_mean": 136.30575561523438, "B_p10": 86.0, "B_p75": 167.0, "G_kurt": 2.232417583465576, "vessel_area_fraction": 0.0013412382850009317, "mean_vesselness": 0.0033309479227372615, "p90_vesselness": 0.009932762475016524, "skeleton_len_per_area": 0.0005158379822251697, "branchpoint_density": 0.00012322961606533195, "tortuosity_mean": 1.5268126558645725}