{"filename": "205.jpg", "glare_frac": 0.008834704202085555, "R_norm_p50": 0.3693467378616333, "a_mean": 20.938892364501953, "R_p50": 187.0, "R_p10": 146.0, "RG": 1.3061100244522095, "S_p50": 0.23137255012989044, "gray_p90": 199.0, "gray_kurt": 2.721054792404175, "gray_std": 34.077762603759766, "gray_mean": 154.57562255859375, "B_mean": 166.51614379882812, "B_p10": 121.0, "B_p75": 196.0, "G_kurt": 2.1907854080200195, "vessel_area_fraction": 8.775854355232818e-05, "mean_vesselness": 0.002294615596741543, "p90_vesselness": 0.006310345821766127, "skeleton_len_per_area": 3.785662663041608e-05, "branchpoint_density": 3.441511511856007e-06, "tortuosity_mean": 1.3375182194993143}