{"filename": "59.jpg", "glare_frac": 0.012930731033263315, "R_norm_p50": 0.40869563817977905, "a_mean": 27.458765029907227, "R_p50": 187.0, "R_p10": 163.0, "RG": 1.4918962717056274, "S_p50": 0.34117648005485535, "gray_p90": 196.0, "gray_kurt": 1.9561764001846313, "gray_std": 34.92293930053711, "gray_mean": 145.6590576171875, "B_mean": 146.99462890625, "B_p10": 87.0, "B_p75": 184.0, "G_kurt": 1.9548953771591187, "vessel_area_fraction": 0.0008161521170019958, "mean_vesselness": 0.006111300716213403, "p90_vesselness": 0.01884144109355676, "skeleton_len_per_area": 0.00032212222471442864, "branchpoint_density": 6.221420350265965e-05, "tortuosity_mean": 1.3596991017800757}