{"filename": "173.jpg", "glare_frac": 0.00796714525766708, "R_norm_p50": 0.365217387676239, "a_mean": 20.273469924926758, "R_p50": 165.0, "R_p10": 73.0, "RG": 1.33026921749115, "S_p50": 0.26274511218070984, "gray_p90": 192.0, "gray_kurt": 2.0189852714538574, "gray_std": 43.86890411376953, "gray_mean": 127.74002838134766, "B_mean": 143.76869201660156, "B_p10": 74.0, "B_p75": 181.0, "G_kurt": 2.087924003601074, "vessel_area_fraction": 0.0017567245870075245, "mean_vesselness": 0.0029761780357223534, "p90_vesselness": 0.008465034553132014, "skeleton_len_per_area": 0.0006974496052110839, "branchpoint_density": 0.0001302571355707284, "tortuosity_mean": 1.4041863483524106}