{"filename": "98.jpg", "glare_frac": 0.007951999233138024, "R_norm_p50": 0.39756593108177185, "a_mean": 28.705045700073242, "R_p50": 196.0, "R_p10": 166.0, "RG": 1.5073506832122803, "S_p50": 0.32156863808631897, "gray_p90": 192.0, "gray_kurt": 2.703458786010742, "gray_std": 34.47483444213867, "gray_mean": 148.78140258789062, "B_mean": 151.66639709472656, "B_p10": 90.0, "B_p75": 183.0, "G_kurt": 2.2817959785461426, "vessel_area_fraction": 0.00037714032375954086, "mean_vesselness": 0.0017749505758363757, "p90_vesselness": 0.0041173075239907065, "skeleton_len_per_area": 0.00017853505397989384, "branchpoint_density": 1.7973327581868508e-06, "tortuosity_mean": 0.9702115810666991}