{"filename": "77.jpg", "glare_frac": 0.017689538130955446, "R_norm_p50": 0.3928571343421936, "a_mean": 25.15795135498047, "R_p50": 199.0, "R_p10": 158.0, "RG": 1.4207102060317993, "S_p50": 0.29019609093666077, "gray_p90": 204.0, "gray_kurt": 2.894801616668701, "gray_std": 39.72279739379883, "gray_mean": 154.01535034179688, "B_mean": 155.4960479736328, "B_p10": 81.0, "B_p75": 190.0, "G_kurt": 2.458810806274414, "vessel_area_fraction": 1.3077839299510688e-05, "mean_vesselness": 0.0016909617476629506, "p90_vesselness": 0.00487808222581639, "skeleton_len_per_area": 6.287422740149369e-06, "branchpoint_density": 0.0, "tortuosity_mean": 1.733438112001918}