{"filename": "167.jpg", "glare_frac": 0.009188375427649345, "R_norm_p50": 0.3767772614955902, "a_mean": 16.154518127441406, "R_p50": 164.0, "R_p10": 114.0, "RG": 1.266032099723816, "S_p50": 0.24313725531101227, "gray_p90": 184.0, "gray_kurt": 2.7530572414398193, "gray_std": 36.183895111083984, "gray_mean": 135.1498260498047, "B_mean": 141.62551879882812, "B_p10": 90.0, "B_p75": 169.0, "G_kurt": 2.3582499027252197, "vessel_area_fraction": 0.00024487632185362014, "mean_vesselness": 0.0024416351444835876, "p90_vesselness": 0.006231984061025417, "skeleton_len_per_area": 0.00010111290774924332, "branchpoint_density": 4.993230012308312e-06, "tortuosity_mean": 1.015014112157315}