{"filename": "154.jpg", "glare_frac": 0.013456325723875277, "R_norm_p50": 0.364705890417099, "a_mean": 20.8298397064209, "R_p50": 164.0, "R_p10": 58.0, "RG": 1.3429299592971802, "S_p50": 0.29411765933036804, "gray_p90": 195.0, "gray_kurt": 2.0408027172088623, "gray_std": 47.90437316894531, "gray_mean": 128.31105041503906, "B_mean": 144.55409240722656, "B_p10": 71.0, "B_p75": 186.0, "G_kurt": 1.9167954921722412, "vessel_area_fraction": 1.613203340082269e-05, "mean_vesselness": 0.0016233040446822981, "p90_vesselness": 0.004525106487417731, "skeleton_len_per_area": 6.850589526376758e-06, "branchpoint_density": 0.0, "tortuosity_mean": 0.7969704697251533}