{"filename": "28.jpg", "glare_frac": 0.06952583948423546, "R_norm_p50": 0.3942505121231079, "a_mean": 23.988920211791992, "R_p50": 186.0, "R_p10": 147.0, "RG": 1.3982951641082764, "S_p50": 0.3137255012989044, "gray_p90": 210.0, "gray_kurt": 1.8055484294891357, "gray_std": 47.811214447021484, "gray_mean": 148.6252899169922, "B_mean": 152.28172302246094, "B_p10": 69.0, "B_p75": 208.0, "G_kurt": 1.7010984420776367, "vessel_area_fraction": 1.9933479132494988e-05, "mean_vesselness": 0.0015406077509768788, "p90_vesselness": 0.003951629805627722, "skeleton_len_per_area": 7.119099690176782e-07, "branchpoint_density": 0.0, "tortuosity_mean": 1.0}