{"filename": "218.jpg", "glare_frac": 0.00639701734875769, "R_norm_p50": 0.40666666626930237, "a_mean": 27.675790786743164, "R_p50": 175.0, "R_p10": 90.0, "RG": 1.5673167705535889, "S_p50": 0.3607843220233917, "gray_p90": 162.0, "gray_kurt": 2.892812728881836, "gray_std": 33.35417556762695, "gray_mean": 122.60005187988281, "B_mean": 132.05010986328125, "B_p10": 82.0, "B_p75": 156.0, "G_kurt": 3.0469930171966553, "vessel_area_fraction": 0.002969315013387242, "mean_vesselness": 0.006903340340409866, "p90_vesselness": 0.02013924532367034, "skeleton_len_per_area": 0.0010078691038199914, "branchpoint_density": 0.00022554988259746014, "tortuosity_mean": 1.4813279688144751}