{"filename": "8.jpg", "glare_frac": 0.0069622330667896545, "R_norm_p50": 0.4095022678375244, "a_mean": 25.604326248168945, "R_p50": 183.0, "R_p10": 164.0, "RG": 1.472669005393982, "S_p50": 0.3333333432674408, "gray_p90": 174.0, "gray_kurt": 3.556492805480957, "gray_std": 23.25710678100586, "gray_mean": 142.55966186523438, "B_mean": 141.7054443359375, "B_p10": 104.0, "B_p75": 162.0, "G_kurt": 3.029925584793091, "vessel_area_fraction": 0.00010906892532829747, "mean_vesselness": 0.0027574968477669737, "p90_vesselness": 0.0075912347707550905, "skeleton_len_per_area": 4.518569763600895e-05, "branchpoint_density": 0.0, "tortuosity_mean": 0.8228874708723448}