{"filename": "191.jpg", "glare_frac": 0.02361402780524237, "R_norm_p50": 0.374485582113266, "a_mean": 20.583465576171875, "R_p50": 147.0, "R_p10": 86.0, "RG": 1.3756462335586548, "S_p50": 0.29411765933036804, "gray_p90": 181.0, "gray_kurt": 2.5488226413726807, "gray_std": 39.759979248046875, "gray_mean": 116.50914001464844, "B_mean": 130.28369140625, "B_p10": 78.0, "B_p75": 158.0, "G_kurt": 2.8337557315826416, "vessel_area_fraction": 0.0006844266782589937, "mean_vesselness": 0.0031468846793505445, "p90_vesselness": 0.007409117485548747, "skeleton_len_per_area": 0.0003072402471649733, "branchpoint_density": 3.5953645944837304e-06, "tortuosity_mean": 1.012488679399636}