{"filename": "17.jpg", "glare_frac": 0.01932676875925408, "R_norm_p50": 0.3977777659893036, "a_mean": 22.594404220581055, "R_p50": 193.0, "R_p10": 149.0, "RG": 1.3978078365325928, "S_p50": 0.29019609093666077, "gray_p90": 204.0, "gray_kurt": 2.2421178817749023, "gray_std": 34.62322998046875, "gray_mean": 150.94491577148438, "B_mean": 144.60255432128906, "B_p10": 87.0, "B_p75": 175.0, "G_kurt": 2.2368133068084717, "vessel_area_fraction": 0.00031435405212313234, "mean_vesselness": 0.00304376870278744, "p90_vesselness": 0.008500404139900762, "skeleton_len_per_area": 0.0001464086395593245, "branchpoint_density": 2.692096625560422e-06, "tortuosity_mean": 1.0778191037229663}