{"filename": "194.jpg", "glare_frac": 0.007695316376032872, "R_norm_p50": 0.3582887649536133, "a_mean": 19.079158782958984, "R_p50": 164.0, "R_p10": 58.0, "RG": 1.2965201139450073, "S_p50": 0.2823529541492462, "gray_p90": 192.0, "gray_kurt": 2.1527349948883057, "gray_std": 46.10457992553711, "gray_mean": 127.80281066894531, "B_mean": 145.04978942871094, "B_p10": 69.0, "B_p75": 189.0, "G_kurt": 1.9483815431594849, "vessel_area_fraction": 0.0017447882331033, "mean_vesselness": 0.00339123171334991, "p90_vesselness": 0.009602967660202601, "skeleton_len_per_area": 0.0006373259969199025, "branchpoint_density": 9.820699179410922e-05, "tortuosity_mean": 1.2721064028406173}