{"filename": "153.jpg", "glare_frac": 0.009854936199228729, "R_norm_p50": 0.37154990434646606, "a_mean": 20.278644561767578, "R_p50": 158.0, "R_p10": 61.0, "RG": 1.3598676919937134, "S_p50": 0.30980393290519714, "gray_p90": 198.0, "gray_kurt": 2.0124003887176514, "gray_std": 49.25920486450195, "gray_mean": 123.13243865966797, "B_mean": 134.599365234375, "B_p10": 65.0, "B_p75": 181.0, "G_kurt": 1.96096670627594, "vessel_area_fraction": 0.000553677385430808, "mean_vesselness": 0.013089571752134028, "p90_vesselness": 0.0395759961850034, "skeleton_len_per_area": 0.0002503683852330544, "branchpoint_density": 5.782744096144066e-05, "tortuosity_mean": 1.4632949434371152}