{"filename": "14.jpg", "glare_frac": 0.03934953934953935, "R_norm_p50": 0.3692307770252228, "a_mean": 18.495878219604492, "R_p50": 183.0, "R_p10": 158.0, "RG": 1.2604831457138062, "S_p50": 0.23137255012989044, "gray_p90": 201.0, "gray_kurt": 2.1688649654388428, "gray_std": 30.868125915527344, "gray_mean": 157.24375915527344, "B_mean": 166.6428985595703, "B_p10": 119.0, "B_p75": 201.0, "G_kurt": 2.1019158363342285, "vessel_area_fraction": 0.00010818998160770312, "mean_vesselness": 0.001783767439054427, "p90_vesselness": 0.004489784502522896, "skeleton_len_per_area": 4.566460262662794e-05, "branchpoint_density": 0.0, "tortuosity_mean": 0.8390071031204498}