{"filename": "99.jpg", "glare_frac": 0.07598719593587601, "R_norm_p50": 0.37593984603881836, "a_mean": 20.90511131286621, "R_p50": 193.0, "R_p10": 159.0, "RG": 1.3230993747711182, "S_p50": 0.23529411852359772, "gray_p90": 211.0, "gray_kurt": 2.2269976139068604, "gray_std": 40.336708068847656, "gray_mean": 158.60948181152344, "B_mean": 160.88233947753906, "B_p10": 88.0, "B_p75": 198.0, "G_kurt": 2.1124589443206787, "vessel_area_fraction": 0.00011663621165584542, "mean_vesselness": 0.0016804474479722956, "p90_vesselness": 0.004489040029516422, "skeleton_len_per_area": 3.8101162474242834e-05, "branchpoint_density": 0.0, "tortuosity_mean": 0.8488695730538354}