{"filename": "147.jpg", "glare_frac": 0.013094801606109655, "R_norm_p50": 0.3711340129375458, "a_mean": 17.08153533935547, "R_p50": 155.0, "R_p10": 95.0, "RG": 1.263719081878662, "S_p50": 0.2549019753932953, "gray_p90": 194.0, "gray_kurt": 1.9737293720245361, "gray_std": 43.67036819458008, "gray_mean": 128.42935180664062, "B_mean": 141.08154296875, "B_p10": 77.0, "B_p75": 195.0, "G_kurt": 1.8972975015640259, "vessel_area_fraction": 0.00024167657816370514, "mean_vesselness": 0.0014750364078416338, "p90_vesselness": 0.003369066748583978, "skeleton_len_per_area": 0.0001001582858624791, "branchpoint_density": 2.4592436260876562e-06, "tortuosity_mean": 1.0105564753880805}