{"filename": "62.jpg", "glare_frac": 0.04297943441788073, "R_norm_p50": 0.3853503167629242, "a_mean": 24.071199417114258, "R_p50": 201.0, "R_p10": 154.0, "RG": 1.3802896738052368, "S_p50": 0.27843138575553894, "gray_p90": 208.0, "gray_kurt": 2.74312162399292, "gray_std": 39.714256286621094, "gray_mean": 157.55374145507812, "B_mean": 162.4418487548828, "B_p10": 93.0, "B_p75": 197.0, "G_kurt": 2.253903865814209, "vessel_area_fraction": 0.0023263338705264112, "mean_vesselness": 0.003512857796963974, "p90_vesselness": 0.010490173919609914, "skeleton_len_per_area": 0.0008545150055123847, "branchpoint_density": 0.00020860015252260528, "tortuosity_mean": 1.5193326733395067}