{"filename": "101.jpg", "glare_frac": 0.10662475085319338, "R_norm_p50": 0.38129496574401855, "a_mean": 20.829036712646484, "R_p50": 181.0, "R_p10": 139.0, "RG": 1.3277655839920044, "S_p50": 0.26274511218070984, "gray_p90": 208.0, "gray_kurt": 1.6999437808990479, "gray_std": 46.10801696777344, "gray_mean": 149.4949493408203, "B_mean": 153.8773193359375, "B_p10": 72.0, "B_p75": 211.0, "G_kurt": 1.6508911848068237, "vessel_area_fraction": 0.00041225730591643007, "mean_vesselness": 0.0021735151067020196, "p90_vesselness": 0.006043605364654843, "skeleton_len_per_area": 0.0001572851243224641, "branchpoint_density": 0.0, "tortuosity_mean": 0.9621093433184971}