{"filename": "21.jpg", "glare_frac": 0.0667872451886493, "R_norm_p50": 0.3866906464099884, "a_mean": 21.117385864257812, "R_p50": 199.0, "R_p10": 121.0, "RG": 1.321131944656372, "S_p50": 0.2705882489681244, "gray_p90": 203.0, "gray_kurt": 3.2001922130584717, "gray_std": 40.087711334228516, "gray_mean": 155.30709838867188, "B_mean": 162.61036682128906, "B_p10": 89.0, "B_p75": 195.0, "G_kurt": 2.517148971557617, "vessel_area_fraction": 0.00013154020579924058, "mean_vesselness": 0.0024360464951199683, "p90_vesselness": 0.005807279329705665, "skeleton_len_per_area": 5.047473013226674e-05, "branchpoint_density": 3.5689203123824966e-06, "tortuosity_mean": 1.0133153120305474}