{"filename": "198.jpg", "glare_frac": 0.008134703163848242, "R_norm_p50": 0.3719008266925812, "a_mean": 21.39063835144043, "R_p50": 160.0, "R_p10": 100.0, "RG": 1.353155493736267, "S_p50": 0.29411765933036804, "gray_p90": 187.0, "gray_kurt": 2.119400978088379, "gray_std": 39.69768142700195, "gray_mean": 128.3859405517578, "B_mean": 143.97755432128906, "B_p10": 87.0, "B_p75": 185.0, "G_kurt": 1.9158686399459839, "vessel_area_fraction": 0.00022033773652944637, "mean_vesselness": 0.0035300600369430105, "p90_vesselness": 0.009257836574876839, "skeleton_len_per_area": 9.697232818994478e-05, "branchpoint_density": 4.744823397673139e-06, "tortuosity_mean": 1.1180025466971875}