{"filename": "120.jpg", "glare_frac": 0.03498099444114868, "R_norm_p50": 0.3834422528743744, "a_mean": 21.599191665649414, "R_p50": 190.0, "R_p10": 155.0, "RG": 1.34912109375, "S_p50": 0.250980406999588, "gray_p90": 205.0, "gray_kurt": 1.7875514030456543, "gray_std": 39.92844009399414, "gray_mean": 154.47796630859375, "B_mean": 155.01646423339844, "B_p10": 85.0, "B_p75": 200.0, "G_kurt": 1.7654614448547363, "vessel_area_fraction": 0.003126798936567574, "mean_vesselness": 0.004262059247521096, "p90_vesselness": 0.012703365286178431, "skeleton_len_per_area": 0.0011763671917913562, "branchpoint_density": 0.00023290048996989872, "tortuosity_mean": 1.3745485592862117}