{"filename": "216.jpg", "glare_frac": 0.061646920203138854, "R_norm_p50": 0.3657817244529724, "a_mean": 16.441801071166992, "R_p50": 153.0, "R_p10": 80.0, "RG": 1.2486920356750488, "S_p50": 0.2666666805744171, "gray_p90": 202.0, "gray_kurt": 1.9501609802246094, "gray_std": 51.31175994873047, "gray_mean": 127.50843048095703, "B_mean": 141.22979736328125, "B_p10": 68.0, "B_p75": 200.0, "G_kurt": 1.7931691408157349, "vessel_area_fraction": 0.00024685348951264846, "mean_vesselness": 0.002117902778062746, "p90_vesselness": 0.005655190030318413, "skeleton_len_per_area": 0.00011416701544980388, "branchpoint_density": 8.715039347313273e-07, "tortuosity_mean": 1.034639078111026}