{"filename": "190.jpg", "glare_frac": 0.006022095355303341, "R_norm_p50": 0.38736262917518616, "a_mean": 22.377243041992188, "R_p50": 158.0, "R_p10": 97.0, "RG": 1.4163780212402344, "S_p50": 0.33725491166114807, "gray_p90": 186.0, "gray_kurt": 2.679488182067871, "gray_std": 38.7666015625, "gray_mean": 123.06692504882812, "B_mean": 133.90179443359375, "B_p10": 81.0, "B_p75": 161.0, "G_kurt": 2.6750168800354004, "vessel_area_fraction": 0.0, "mean_vesselness": 0.0013637458648149327, "p90_vesselness": 0.003824836952538539, "skeleton_len_per_area": 0.0, "branchpoint_density": 0.0, "tortuosity_mean": 1.0}