{"filename": "201.jpg", "glare_frac": 0.044856345885634585, "R_norm_p50": 0.3514099717140198, "a_mean": 16.247386932373047, "R_p50": 172.0, "R_p10": 113.0, "RG": 1.1987743377685547, "S_p50": 0.2235294133424759, "gray_p90": 202.0, "gray_kurt": 2.8241846561431885, "gray_std": 41.02216339111328, "gray_mean": 147.158447265625, "B_mean": 166.674072265625, "B_p10": 105.0, "B_p75": 206.0, "G_kurt": 2.2355988025665283, "vessel_area_fraction": 0.00011408647140864714, "mean_vesselness": 0.0014371770969014474, "p90_vesselness": 0.003578234545976869, "skeleton_len_per_area": 4.1562064156206416e-05, "branchpoint_density": 0.0, "tortuosity_mean": 1.1484418176535345}