{"filename": "135.jpg", "glare_frac": 0.0065904317704497725, "R_norm_p50": 0.35185185074806213, "a_mean": 16.602386474609375, "R_p50": 166.0, "R_p10": 78.0, "RG": 1.2315655946731567, "S_p50": 0.24705882370471954, "gray_p90": 179.0, "gray_kurt": 2.7122859954833984, "gray_std": 37.29706573486328, "gray_mean": 133.6770477294922, "B_mean": 150.94383239746094, "B_p10": 93.0, "B_p75": 182.0, "G_kurt": 2.3659980297088623, "vessel_area_fraction": 0.0013451758398980395, "mean_vesselness": 0.0030539068503198418, "p90_vesselness": 0.009081422854878774, "skeleton_len_per_area": 0.0005321813173052842, "branchpoint_density": 0.00011871021812925094, "tortuosity_mean": 1.4469638725032585}