{"filename": "145.jpg", "glare_frac": 0.006958008839983622, "R_norm_p50": 0.3814432919025421, "a_mean": 22.45146942138672, "R_p50": 168.0, "R_p10": 103.0, "RG": 1.3700309991836548, "S_p50": 0.30588236451148987, "gray_p90": 189.0, "gray_kurt": 2.999696969985962, "gray_std": 39.433189392089844, "gray_mean": 132.07518005371094, "B_mean": 147.99850463867188, "B_p10": 81.0, "B_p75": 175.0, "G_kurt": 2.6607844829559326, "vessel_area_fraction": 0.0018121619835152676, "mean_vesselness": 0.005216524467517582, "p90_vesselness": 0.015122591504463628, "skeleton_len_per_area": 0.0006515861121054896, "branchpoint_density": 0.0001227913038010345, "tortuosity_mean": 1.4125924316720953}