{"filename": "44.jpg", "glare_frac": 0.017603196517907295, "R_norm_p50": 0.40444445610046387, "a_mean": 28.437795639038086, "R_p50": 185.0, "R_p10": 119.0, "RG": 1.5677409172058105, "S_p50": 0.3333333432674408, "gray_p90": 189.0, "gray_kurt": 2.09413743019104, "gray_std": 40.908966064453125, "gray_mean": 134.465576171875, "B_mean": 132.6291961669922, "B_p10": 68.0, "B_p75": 175.0, "G_kurt": 2.0170114040374756, "vessel_area_fraction": 0.004099138251049345, "mean_vesselness": 0.001903631445048453, "p90_vesselness": 0.005535003780401819, "skeleton_len_per_area": 0.0015088668425011493, "branchpoint_density": 0.00030784783242878815, "tortuosity_mean": 1.366048564011525}