{"filename": "57.jpg", "glare_frac": 0.04143701123518765, "R_norm_p50": 0.40430107712745667, "a_mean": 24.634885787963867, "R_p50": 201.0, "R_p10": 178.0, "RG": 1.40901517868042, "S_p50": 0.30980393290519714, "gray_p90": 205.0, "gray_kurt": 2.172388792037964, "gray_std": 33.57245635986328, "gray_mean": 159.1715087890625, "B_mean": 155.7249298095703, "B_p10": 96.0, "B_p75": 195.0, "G_kurt": 2.027845859527588, "vessel_area_fraction": 5.873715124816446e-05, "mean_vesselness": 0.0024825647755658477, "p90_vesselness": 0.0072108809889992985, "skeleton_len_per_area": 2.7661100297100708e-05, "branchpoint_density": 1.024485196188915e-06, "tortuosity_mean": 1.0478853535138837}