{"filename": "12.jpg", "glare_frac": 0.09361472220050193, "R_norm_p50": 0.36263737082481384, "a_mean": 14.802590370178223, "R_p50": 197.0, "R_p10": 166.0, "RG": 1.1836730241775513, "S_p50": 0.18039216101169586, "gray_p90": 208.0, "gray_kurt": 3.3469619750976562, "gray_std": 27.013431549072266, "gray_mean": 173.9590301513672, "B_mean": 182.85040283203125, "B_p10": 143.0, "B_p75": 212.0, "G_kurt": 2.686464309692383, "vessel_area_fraction": 0.0032699704766107874, "mean_vesselness": 0.003986038536773671, "p90_vesselness": 0.012178647858751768, "skeleton_len_per_area": 0.0012360682779731132, "branchpoint_density": 0.0002473903629967632, "tortuosity_mean": 1.399918941517438}