{"filename": "85.jpg", "glare_frac": 0.009161455629194647, "R_norm_p50": 0.38049712777137756, "a_mean": 22.315807342529297, "R_p50": 188.0, "R_p10": 134.0, "RG": 1.3519760370254517, "S_p50": 0.27450981736183167, "gray_p90": 199.0, "gray_kurt": 2.9472644329071045, "gray_std": 37.92844772338867, "gray_mean": 149.6638946533203, "B_mean": 158.28289794921875, "B_p10": 94.0, "B_p75": 190.0, "G_kurt": 2.388824462890625, "vessel_area_fraction": 0.002092737890628318, "mean_vesselness": 0.004021482428119754, "p90_vesselness": 0.011259726794164447, "skeleton_len_per_area": 0.0007951374347049047, "branchpoint_density": 0.0001333380353438461, "tortuosity_mean": 1.3019050023001355}