{"filename": "211.jpg", "glare_frac": 0.041032223360151256, "R_norm_p50": 0.3965517282485962, "a_mean": 25.13624382019043, "R_p50": 151.0, "R_p10": 116.0, "RG": 1.4770324230194092, "S_p50": 0.3686274588108063, "gray_p90": 186.0, "gray_kurt": 2.454007625579834, "gray_std": 40.776363372802734, "gray_mean": 119.11550903320312, "B_mean": 134.0341339111328, "B_p10": 71.0, "B_p75": 171.0, "G_kurt": 2.4285476207733154, "vessel_area_fraction": 3.5081586229308015e-05, "mean_vesselness": 0.0013281131895100013, "p90_vesselness": 0.00320961776772868, "skeleton_len_per_area": 1.6002127051965062e-05, "branchpoint_density": 2.1541324877645273e-06, "tortuosity_mean": 1.8703100026178727}