{"filename": "150.jpg", "glare_frac": 0.038924136524018486, "R_norm_p50": 0.34455958008766174, "a_mean": 15.092207908630371, "R_p50": 164.0, "R_p10": 75.0, "RG": 1.1656123399734497, "S_p50": 0.239215686917305, "gray_p90": 192.0, "gray_kurt": 2.3031930923461914, "gray_std": 43.27351760864258, "gray_mean": 139.3829803466797, "B_mean": 162.6214599609375, "B_p10": 87.0, "B_p75": 204.0, "G_kurt": 2.0117909908294678, "vessel_area_fraction": 0.0014365005200620068, "mean_vesselness": 0.0023994102873321254, "p90_vesselness": 0.006882509301326095, "skeleton_len_per_area": 0.0005173296318762489, "branchpoint_density": 0.00010510535126499846, "tortuosity_mean": 1.3637073360201768}