{"filename": "174.jpg", "glare_frac": 0.06801201737975382, "R_norm_p50": 0.3784860670566559, "a_mean": 22.311737060546875, "R_p50": 163.0, "R_p10": 118.0, "RG": 1.363338589668274, "S_p50": 0.32156863808631897, "gray_p90": 208.0, "gray_kurt": 1.9222407341003418, "gray_std": 50.410125732421875, "gray_mean": 135.68594360351562, "B_mean": 148.7126922607422, "B_p10": 76.0, "B_p75": 203.0, "G_kurt": 1.7251505851745605, "vessel_area_fraction": 0.0009484172720150226, "mean_vesselness": 0.003863229003640299, "p90_vesselness": 0.008825711313641429, "skeleton_len_per_area": 0.0004027044661007358, "branchpoint_density": 4.09430829732048e-06, "tortuosity_mean": 0.9221545828495713}