{"filename": "178.jpg", "glare_frac": 0.023131088041318613, "R_norm_p50": 0.37288135290145874, "a_mean": 20.79362678527832, "R_p50": 169.0, "R_p10": 123.0, "RG": 1.3243244886398315, "S_p50": 0.26274511218070984, "gray_p90": 195.0, "gray_kurt": 2.0594635009765625, "gray_std": 38.79742431640625, "gray_mean": 140.35142517089844, "B_mean": 152.8852081298828, "B_p10": 96.0, "B_p75": 194.0, "G_kurt": 2.004669427871704, "vessel_area_fraction": 0.00017832377897902043, "mean_vesselness": 0.0024072028685941747, "p90_vesselness": 0.006482379505277526, "skeleton_len_per_area": 7.44422084696857e-05, "branchpoint_density": 1.5000948810012233e-06, "tortuosity_mean": 1.0301446701084858}