{"filename": "111.jpg", "glare_frac": 0.026202060666352847, "R_norm_p50": 0.40700218081474304, "a_mean": 27.041179656982422, "R_p50": 192.0, "R_p10": 165.0, "RG": 1.4953374862670898, "S_p50": 0.32549020648002625, "gray_p90": 189.0, "gray_kurt": 2.9034037590026855, "gray_std": 30.489364624023438, "gray_mean": 146.90890502929688, "B_mean": 143.0301055908203, "B_p10": 90.0, "B_p75": 172.0, "G_kurt": 2.7848527431488037, "vessel_area_fraction": 6.606735948457296e-05, "mean_vesselness": 0.000872319881204261, "p90_vesselness": 0.0021168215905377446, "skeleton_len_per_area": 3.811578431802286e-05, "branchpoint_density": 1.2705261439340952e-06, "tortuosity_mean": 1.1054045025643304}