{"filename": "164.jpg", "glare_frac": 0.008824076574549164, "R_norm_p50": 0.3729729652404785, "a_mean": 21.53790283203125, "R_p50": 180.0, "R_p10": 75.0, "RG": 1.3494871854782104, "S_p50": 0.2980392277240753, "gray_p90": 180.0, "gray_kurt": 2.589139461517334, "gray_std": 36.74694061279297, "gray_mean": 135.2346649169922, "B_mean": 149.9556884765625, "B_p10": 99.0, "B_p75": 176.0, "G_kurt": 2.5840651988983154, "vessel_area_fraction": 0.0006930116722177214, "mean_vesselness": 0.005337061031304274, "p90_vesselness": 0.01623911314454756, "skeleton_len_per_area": 0.0002568488012722417, "branchpoint_density": 5.449035316710175e-05, "tortuosity_mean": 1.3828598095215852}