{"filename": "133.jpg", "glare_frac": 0.07065007520019512, "R_norm_p50": 0.37136930227279663, "a_mean": 21.184593200683594, "R_p50": 171.0, "R_p10": 103.0, "RG": 1.342585563659668, "S_p50": 0.27450981736183167, "gray_p90": 203.0, "gray_kurt": 2.2632927894592285, "gray_std": 43.73026657104492, "gray_mean": 134.00921630859375, "B_mean": 147.334228515625, "B_p10": 80.0, "B_p75": 184.0, "G_kurt": 2.1503806114196777, "vessel_area_fraction": 8.581403646644898e-05, "mean_vesselness": 0.0015601314749684955, "p90_vesselness": 0.004216842305158266, "skeleton_len_per_area": 4.093103713037862e-05, "branchpoint_density": 0.0, "tortuosity_mean": 0.9927443887284735}