{"filename": "13.jpg", "glare_frac": 0.10247690362527265, "R_norm_p50": 0.34609493613243103, "a_mean": 13.991473197937012, "R_p50": 200.0, "R_p10": 170.0, "RG": 1.1613597869873047, "S_p50": 0.16078431904315948, "gray_p90": 209.0, "gray_kurt": 2.366835117340088, "gray_std": 27.439523696899414, "gray_mean": 176.84178161621094, "B_mean": 188.12918090820312, "B_p10": 145.0, "B_p75": 217.0, "G_kurt": 1.9683873653411865, "vessel_area_fraction": 0.0004420630842499746, "mean_vesselness": 0.0019937044469361953, "p90_vesselness": 0.005117692896756597, "skeleton_len_per_area": 0.00018691734912820469, "branchpoint_density": 3.1982055934483693e-06, "tortuosity_mean": 0.9986028543538618}