{"filename": "29.jpg", "glare_frac": 0.04324748787693514, "R_norm_p50": 0.36862003803253174, "a_mean": 21.022897720336914, "R_p50": 192.0, "R_p10": 172.0, "RG": 1.2873597145080566, "S_p50": 0.22745098173618317, "gray_p90": 209.0, "gray_kurt": 2.75685715675354, "gray_std": 31.850730895996094, "gray_mean": 164.25759887695312, "B_mean": 176.34274291992188, "B_p10": 130.0, "B_p75": 206.0, "G_kurt": 2.442091464996338, "vessel_area_fraction": 6.388236776641573e-05, "mean_vesselness": 0.0027397612935811015, "p90_vesselness": 0.007630420830683061, "skeleton_len_per_area": 2.9461731253004514e-05, "branchpoint_density": 2.0419021660498177e-06, "tortuosity_mean": 1.173901140859329}