{"filename": "35.jpg", "glare_frac": 0.024756064832286165, "R_norm_p50": 0.4034229815006256, "a_mean": 25.934125900268555, "R_p50": 192.0, "R_p10": 153.0, "RG": 1.458168387413025, "S_p50": 0.3294117748737335, "gray_p90": 201.0, "gray_kurt": 1.8589893579483032, "gray_std": 39.10004425048828, "gray_mean": 146.5186309814453, "B_mean": 146.17613220214844, "B_p10": 81.0, "B_p75": 192.0, "G_kurt": 1.7585554122924805, "vessel_area_fraction": 0.0011017873515915895, "mean_vesselness": 0.005416198551473596, "p90_vesselness": 0.015111332178825976, "skeleton_len_per_area": 0.00044292265480388256, "branchpoint_density": 2.2077141672467664e-05, "tortuosity_mean": 1.06035070387681}