{"filename": "124.jpg", "glare_frac": 0.03101853302009919, "R_norm_p50": 0.3904494345188141, "a_mean": 25.70164680480957, "R_p50": 170.0, "R_p10": 109.0, "RG": 1.4792530536651611, "S_p50": 0.32156863808631897, "gray_p90": 197.0, "gray_kurt": 2.6374778747558594, "gray_std": 41.744956970214844, "gray_mean": 127.91028594970703, "B_mean": 139.2159423828125, "B_p10": 73.0, "B_p75": 172.0, "G_kurt": 2.560511350631714, "vessel_area_fraction": 0.0022315322370138344, "mean_vesselness": 0.00313803865668005, "p90_vesselness": 0.009063361715218555, "skeleton_len_per_area": 0.0008253719655442444, "branchpoint_density": 0.00016262072565909684, "tortuosity_mean": 1.4603562905212262}