{"filename": "117.jpg", "glare_frac": 0.1118756371049949, "R_norm_p50": 0.36873748898506165, "a_mean": 20.234886169433594, "R_p50": 184.0, "R_p10": 152.0, "RG": 1.303363561630249, "S_p50": 0.2235294133424759, "gray_p90": 210.0, "gray_kurt": 1.8364017009735107, "gray_std": 43.87252426147461, "gray_mean": 154.8367462158203, "B_mean": 159.5943603515625, "B_p10": 73.0, "B_p75": 216.0, "G_kurt": 1.766891360282898, "vessel_area_fraction": 0.004290994922953594, "mean_vesselness": 0.003797939100759049, "p90_vesselness": 0.011383954222338595, "skeleton_len_per_area": 0.0015899171639796917, "branchpoint_density": 0.00033822234098354164, "tortuosity_mean": 1.4040115201036885}