{"filename": "67.jpg", "glare_frac": 0.0559787610619469, "R_norm_p50": 0.3821989595890045, "a_mean": 25.363298416137695, "R_p50": 193.0, "R_p10": 152.0, "RG": 1.387413740158081, "S_p50": 0.29019609093666077, "gray_p90": 203.0, "gray_kurt": 2.3618240356445312, "gray_std": 33.31911849975586, "gray_mean": 154.23060607910156, "B_mean": 166.67555236816406, "B_p10": 112.0, "B_p75": 196.0, "G_kurt": 2.3655824661254883, "vessel_area_fraction": 0.0035417987240172876, "mean_vesselness": 0.003699958033394857, "p90_vesselness": 0.01071187135421616, "skeleton_len_per_area": 0.0013309734513274336, "branchpoint_density": 0.00025783082938876314, "tortuosity_mean": 1.2923113046028702}