{"filename": "33.jpg", "glare_frac": 0.08788793844960048, "R_norm_p50": 0.3821292817592621, "a_mean": 23.571990966796875, "R_p50": 189.0, "R_p10": 136.0, "RG": 1.3747495412826538, "S_p50": 0.2980392277240753, "gray_p90": 211.0, "gray_kurt": 2.2224907875061035, "gray_std": 43.886409759521484, "gray_mean": 149.90623474121094, "B_mean": 157.70648193359375, "B_p10": 86.0, "B_p75": 202.0, "G_kurt": 1.974784255027771, "vessel_area_fraction": 0.00016800448011946984, "mean_vesselness": 0.0016115837916442174, "p90_vesselness": 0.004021543980454912, "skeleton_len_per_area": 7.851189757217055e-05, "branchpoint_density": 0.0, "tortuosity_mean": 0.947881790881331}