{"filename": "202.jpg", "glare_frac": 0.009070101745234198, "R_norm_p50": 0.4376470446586609, "a_mean": 25.657129287719727, "R_p50": 175.0, "R_p10": 113.0, "RG": 1.559005856513977, "S_p50": 0.38823530077934265, "gray_p90": 188.0, "gray_kurt": 2.16719651222229, "gray_std": 41.30020523071289, "gray_mean": 125.53335571289062, "B_mean": 118.14602661132812, "B_p10": 57.0, "B_p75": 162.0, "G_kurt": 2.0580077171325684, "vessel_area_fraction": 0.002046641101388389, "mean_vesselness": 0.00886039402488809, "p90_vesselness": 0.026458365262050698, "skeleton_len_per_area": 0.000794274446616554, "branchpoint_density": 0.000193816189106745, "tortuosity_mean": 1.5115680800570657}