{"filename": "43.jpg", "glare_frac": 0.008257190474839568, "R_norm_p50": 0.4166666567325592, "a_mean": 31.66510772705078, "R_p50": 192.0, "R_p10": 153.0, "RG": 1.6495509147644043, "S_p50": 0.3686274588108063, "gray_p90": 179.0, "gray_kurt": 2.3322620391845703, "gray_std": 32.70792007446289, "gray_mean": 136.3579864501953, "B_mean": 133.9573516845703, "B_p10": 69.0, "B_p75": 164.0, "G_kurt": 2.2417917251586914, "vessel_area_fraction": 0.0019367645604288178, "mean_vesselness": 0.002206370402092587, "p90_vesselness": 0.006370244034914508, "skeleton_len_per_area": 0.0007664762360419668, "branchpoint_density": 0.00013085556280543082, "tortuosity_mean": 1.2706262672128772}