{"filename": "179.jpg", "glare_frac": 0.061272362031603425, "R_norm_p50": 0.36538460850715637, "a_mean": 17.757925033569336, "R_p50": 170.0, "R_p10": 115.0, "RG": 1.2393873929977417, "S_p50": 0.2549019753932953, "gray_p90": 200.0, "gray_kurt": 2.419599771499634, "gray_std": 44.2221794128418, "gray_mean": 140.02491760253906, "B_mean": 158.4217529296875, "B_p10": 88.0, "B_p75": 205.0, "G_kurt": 1.967874526977539, "vessel_area_fraction": 0.0007278322980384005, "mean_vesselness": 0.006212302689788794, "p90_vesselness": 0.01884000140142858, "skeleton_len_per_area": 0.00029465796853215593, "branchpoint_density": 6.937116283694161e-05, "tortuosity_mean": 1.560706411742395}