{"filename": "11.jpg", "glare_frac": 0.02133387328837078, "R_norm_p50": 0.3781321048736572, "a_mean": 21.16701316833496, "R_p50": 179.0, "R_p10": 154.0, "RG": 1.339672565460205, "S_p50": 0.250980406999588, "gray_p90": 201.0, "gray_kurt": 1.9383983612060547, "gray_std": 33.680992126464844, "gray_mean": 149.9783935546875, "B_mean": 154.19305419921875, "B_p10": 101.0, "B_p75": 190.0, "G_kurt": 1.934635877609253, "vessel_area_fraction": 0.0041495663560438545, "mean_vesselness": 0.006144279912646532, "p90_vesselness": 0.018065268764582428, "skeleton_len_per_area": 0.0014651037703787683, "branchpoint_density": 0.00026046289251178105, "tortuosity_mean": 1.312731787723052}