{"filename": "200.jpg", "glare_frac": 0.006320650944352996, "R_norm_p50": 0.37948718667030334, "a_mean": 19.78770637512207, "R_p50": 153.0, "R_p10": 78.0, "RG": 1.3700588941574097, "S_p50": 0.29019609093666077, "gray_p90": 160.0, "gray_kurt": 2.73290753364563, "gray_std": 34.62741470336914, "gray_mean": 116.6653823852539, "B_mean": 128.34861755371094, "B_p10": 81.0, "B_p75": 152.0, "G_kurt": 2.9730966091156006, "vessel_area_fraction": 0.00011389965908115741, "mean_vesselness": 0.003152719668219971, "p90_vesselness": 0.008726951648135648, "skeleton_len_per_area": 4.930450995841882e-05, "branchpoint_density": 4.368754046948503e-06, "tortuosity_mean": 1.2418425694362463}