{"filename": "130.jpg", "glare_frac": 0.013095797886794209, "R_norm_p50": 0.38009050488471985, "a_mean": 23.26842498779297, "R_p50": 168.0, "R_p10": 111.0, "RG": 1.398800253868103, "S_p50": 0.2980392277240753, "gray_p90": 177.0, "gray_kurt": 2.8473901748657227, "gray_std": 36.734317779541016, "gray_mean": 130.6007080078125, "B_mean": 145.15695190429688, "B_p10": 80.0, "B_p75": 176.0, "G_kurt": 2.6119954586029053, "vessel_area_fraction": 0.00010951380661093783, "mean_vesselness": 0.002771033595199353, "p90_vesselness": 0.007589035079022021, "skeleton_len_per_area": 4.346329199871595e-05, "branchpoint_density": 1.3689225826367228e-06, "tortuosity_mean": 0.9930439043759631}