{"filename": "24.jpg", "glare_frac": 0.006714452906787803, "R_norm_p50": 0.373517781496048, "a_mean": 22.255014419555664, "R_p50": 188.0, "R_p10": 167.0, "RG": 1.3276828527450562, "S_p50": 0.239215686917305, "gray_p90": 186.0, "gray_kurt": 3.060598134994507, "gray_std": 23.6777400970459, "gray_mean": 156.67938232421875, "B_mean": 168.36973571777344, "B_p10": 128.0, "B_p75": 193.0, "G_kurt": 2.484757661819458, "vessel_area_fraction": 0.0002141743031900997, "mean_vesselness": 0.0015508090306359317, "p90_vesselness": 0.004128832569728122, "skeleton_len_per_area": 7.788156479639988e-05, "branchpoint_density": 4.6020924652418114e-06, "tortuosity_mean": 0.8964894635192981}