{"filename": "109.jpg", "glare_frac": 0.10432972331176932, "R_norm_p50": 0.37177279591560364, "a_mean": 23.796606063842773, "R_p50": 210.0, "R_p10": 171.0, "RG": 1.3589531183242798, "S_p50": 0.2235294133424759, "gray_p90": 215.0, "gray_kurt": 2.5980629920959473, "gray_std": 42.781253814697266, "gray_mean": 168.092529296875, "B_mean": 168.84796142578125, "B_p10": 66.0, "B_p75": 215.0, "G_kurt": 2.469906806945801, "vessel_area_fraction": 0.00022550120834609756, "mean_vesselness": 0.0028431391198488953, "p90_vesselness": 0.0075016302803941, "skeleton_len_per_area": 9.310371754134105e-05, "branchpoint_density": 2.002230484760023e-06, "tortuosity_mean": 0.9255258895355319}