{"filename": "22.jpg", "glare_frac": 0.00707696628404361, "R_norm_p50": 0.39076924324035645, "a_mean": 24.354589462280273, "R_p50": 202.0, "R_p10": 170.0, "RG": 1.3859308958053589, "S_p50": 0.2823529541492462, "gray_p90": 194.0, "gray_kurt": 3.990689992904663, "gray_std": 27.895702362060547, "gray_mean": 160.43431091308594, "B_mean": 163.93270874023438, "B_p10": 119.0, "B_p75": 191.0, "G_kurt": 2.990386724472046, "vessel_area_fraction": 0.0004021862802989933, "mean_vesselness": 0.0023064661807081282, "p90_vesselness": 0.005682355115115259, "skeleton_len_per_area": 0.00015914622729825876, "branchpoint_density": 7.561246093356185e-06, "tortuosity_mean": 1.0439614240558936}