{"filename": "105.jpg", "glare_frac": 0.08041942823736352, "R_norm_p50": 0.37246963381767273, "a_mean": 19.245025634765625, "R_p50": 188.0, "R_p10": 153.0, "RG": 1.2797449827194214, "S_p50": 0.22745098173618317, "gray_p90": 205.0, "gray_kurt": 2.5730247497558594, "gray_std": 35.181060791015625, "gray_mean": 157.47152709960938, "B_mean": 164.85308837890625, "B_p10": 102.0, "B_p75": 202.0, "G_kurt": 2.3481409549713135, "vessel_area_fraction": 1.5194809041168919e-05, "mean_vesselness": 0.0018822233763252148, "p90_vesselness": 0.005583058608962624, "skeleton_len_per_area": 6.953556679856963e-06, "branchpoint_density": 0.0, "tortuosity_mean": 1.451528991759923}