{"filename": "214.jpg", "glare_frac": 0.007140938329333345, "R_norm_p50": 0.3832976520061493, "a_mean": 25.761123657226562, "R_p50": 172.0, "R_p10": 109.0, "RG": 1.4585978984832764, "S_p50": 0.3019607961177826, "gray_p90": 190.0, "gray_kurt": 2.299372673034668, "gray_std": 38.059810638427734, "gray_mean": 131.73574829101562, "B_mean": 145.7858428955078, "B_p10": 91.0, "B_p75": 176.0, "G_kurt": 2.3117432594299316, "vessel_area_fraction": 0.00035424249670111676, "mean_vesselness": 0.001979975848469057, "p90_vesselness": 0.004738257107038248, "skeleton_len_per_area": 0.00013710496631580258, "branchpoint_density": 8.85606241752792e-06, "tortuosity_mean": 1.1600185543143144}