{"filename": "68.jpg", "glare_frac": 0.00676127355930367, "R_norm_p50": 0.38385826349258423, "a_mean": 26.535804748535156, "R_p50": 184.0, "R_p10": 151.0, "RG": 1.4567638635635376, "S_p50": 0.2862745225429535, "gray_p90": 175.0, "gray_kurt": 3.1986570358276367, "gray_std": 28.8026123046875, "gray_mean": 142.85067749023438, "B_mean": 152.0914764404297, "B_p10": 92.0, "B_p75": 180.0, "G_kurt": 2.8149211406707764, "vessel_area_fraction": 0.0023971997150242915, "mean_vesselness": 0.0022115477364959436, "p90_vesselness": 0.006370396198914855, "skeleton_len_per_area": 0.0009040925905293619, "branchpoint_density": 0.00016967707182348677, "tortuosity_mean": 1.2830093213334073}