{"filename": "161.jpg", "glare_frac": 0.01865775780076603, "R_norm_p50": 0.3682926893234253, "a_mean": 21.369915008544922, "R_p50": 169.0, "R_p10": 89.0, "RG": 1.3493387699127197, "S_p50": 0.2862745225429535, "gray_p90": 193.0, "gray_kurt": 2.326561450958252, "gray_std": 39.94279861450195, "gray_mean": 130.4980010986328, "B_mean": 146.23585510253906, "B_p10": 93.0, "B_p75": 177.0, "G_kurt": 2.487898588180542, "vessel_area_fraction": 0.0015487692471530922, "mean_vesselness": 0.003788538076017757, "p90_vesselness": 0.011105781725103198, "skeleton_len_per_area": 0.0006810177993705772, "branchpoint_density": 0.00016690352645668772, "tortuosity_mean": 1.5270330804227104}