{"filename": "110.jpg", "glare_frac": 0.07874959232247812, "R_norm_p50": 0.3649373948574066, "a_mean": 20.069074630737305, "R_p50": 182.0, "R_p10": 133.0, "RG": 1.291774868965149, "S_p50": 0.23137255012989044, "gray_p90": 204.0, "gray_kurt": 2.2618374824523926, "gray_std": 40.93891525268555, "gray_mean": 151.7665252685547, "B_mean": 161.84963989257812, "B_p10": 83.0, "B_p75": 203.0, "G_kurt": 2.0172131061553955, "vessel_area_fraction": 0.00014763130685800332, "mean_vesselness": 0.0014205480629861762, "p90_vesselness": 0.004070164079061917, "skeleton_len_per_area": 6.279968634852785e-05, "branchpoint_density": 1.2143585758002623e-06, "tortuosity_mean": 1.0775731662112316}