{"filename": "106.jpg", "glare_frac": 0.006606319245087391, "R_norm_p50": 0.3706721067428589, "a_mean": 21.812196731567383, "R_p50": 179.0, "R_p10": 132.0, "RG": 1.3488118648529053, "S_p50": 0.22745098173618317, "gray_p90": 193.0, "gray_kurt": 1.7138752937316895, "gray_std": 33.381019592285156, "gray_mean": 147.68014526367188, "B_mean": 154.99362182617188, "B_p10": 100.0, "B_p75": 191.0, "G_kurt": 1.8212648630142212, "vessel_area_fraction": 0.00025538550702883456, "mean_vesselness": 0.0014610595927923278, "p90_vesselness": 0.003320125642266262, "skeleton_len_per_area": 9.728971696336556e-05, "branchpoint_density": 0.0, "tortuosity_mean": 0.9215011335394627}