{"filename": "60.jpg", "glare_frac": 0.11530345442006683, "R_norm_p50": 0.37942665815353394, "a_mean": 25.733217239379883, "R_p50": 206.0, "R_p10": 170.0, "RG": 1.3848484754562378, "S_p50": 0.26274511218070984, "gray_p90": 210.0, "gray_kurt": 2.8294217586517334, "gray_std": 36.53567123413086, "gray_mean": 165.3236541748047, "B_mean": 173.7291717529297, "B_p10": 114.0, "B_p75": 210.0, "G_kurt": 2.3617031574249268, "vessel_area_fraction": 0.00029783005537488633, "mean_vesselness": 0.0017760806767980247, "p90_vesselness": 0.004329044302223486, "skeleton_len_per_area": 0.00012085234015934015, "branchpoint_density": 8.601590046928125e-07, "tortuosity_mean": 0.9043154302030574}