{"filename": "182.jpg", "glare_frac": 0.04824282440359007, "R_norm_p50": 0.37882351875305176, "a_mean": 20.72528839111328, "R_p50": 156.0, "R_p10": 101.0, "RG": 1.355175256729126, "S_p50": 0.29411765933036804, "gray_p90": 191.0, "gray_kurt": 2.9976208209991455, "gray_std": 40.34750747680664, "gray_mean": 124.52742767333984, "B_mean": 138.62762451171875, "B_p10": 90.0, "B_p75": 159.0, "G_kurt": 2.9955861568450928, "vessel_area_fraction": 0.0002353917625635704, "mean_vesselness": 0.0023466665836108114, "p90_vesselness": 0.00577095006477665, "skeleton_len_per_area": 0.00010148945067639265, "branchpoint_density": 2.9224710927757044e-06, "tortuosity_mean": 1.0396346122219693}