{"filename": "180.jpg", "glare_frac": 0.008571671842351254, "R_norm_p50": 0.3511904776096344, "a_mean": 16.5341739654541, "R_p50": 179.0, "R_p10": 117.0, "RG": 1.2042710781097412, "S_p50": 0.21176470816135406, "gray_p90": 194.0, "gray_kurt": 2.473534107208252, "gray_std": 41.137718200683594, "gray_mean": 148.5723876953125, "B_mean": 167.1464385986328, "B_p10": 88.0, "B_p75": 208.0, "G_kurt": 2.047856092453003, "vessel_area_fraction": 0.0018888995269163615, "mean_vesselness": 0.002825170936714969, "p90_vesselness": 0.007838308058180882, "skeleton_len_per_area": 0.0006071593275239959, "branchpoint_density": 7.637454074782735e-05, "tortuosity_mean": 1.1642978715441274}