{"filename": "38.jpg", "glare_frac": 0.008241020261972983, "R_norm_p50": 0.4309927225112915, "a_mean": 30.593406677246094, "R_p50": 189.0, "R_p10": 159.0, "RG": 1.6127071380615234, "S_p50": 0.40392157435417175, "gray_p90": 187.0, "gray_kurt": 2.2589006423950195, "gray_std": 35.04322814941406, "gray_mean": 139.26864624023438, "B_mean": 133.59439086914062, "B_p10": 73.0, "B_p75": 170.0, "G_kurt": 2.1871354579925537, "vessel_area_fraction": 0.00403843037931505, "mean_vesselness": 0.004827383166288353, "p90_vesselness": 0.013763393607007504, "skeleton_len_per_area": 0.0015024858439077638, "branchpoint_density": 0.0002393104448082958, "tortuosity_mean": 1.2670112847314132}