{"filename": "73.jpg", "glare_frac": 0.16639069517603017, "R_norm_p50": 0.3675958216190338, "a_mean": 21.355358123779297, "R_p50": 201.0, "R_p10": 172.0, "RG": 1.3038250207901, "S_p50": 0.21960784494876862, "gray_p90": 215.0, "gray_kurt": 1.837246060371399, "gray_std": 36.25244140625, "gray_mean": 167.1322784423828, "B_mean": 172.1522216796875, "B_p10": 101.0, "B_p75": 217.0, "G_kurt": 1.8775016069412231, "vessel_area_fraction": 0.0006643429453049944, "mean_vesselness": 0.002701445804188397, "p90_vesselness": 0.007198850897988088, "skeleton_len_per_area": 0.00023278624129787647, "branchpoint_density": 1.7747362741896553e-06, "tortuosity_mean": 0.8822972267389022}