{"filename": "196.jpg", "glare_frac": 0.07281419152129356, "R_norm_p50": 0.35852372646331787, "a_mean": 17.135950088500977, "R_p50": 177.0, "R_p10": 103.0, "RG": 1.2226240634918213, "S_p50": 0.22745098173618317, "gray_p90": 202.0, "gray_kurt": 2.3571481704711914, "gray_std": 40.45087814331055, "gray_mean": 147.40072631835938, "B_mean": 164.78515625, "B_p10": 93.0, "B_p75": 201.0, "G_kurt": 2.085731267929077, "vessel_area_fraction": 0.0003467469077302224, "mean_vesselness": 0.00115547092748239, "p90_vesselness": 0.002402869147748946, "skeleton_len_per_area": 0.0001454528823070795, "branchpoint_density": 7.977306159437631e-07, "tortuosity_mean": 0.9217470047183342}