{"filename": "142.jpg", "glare_frac": 0.005775130233455527, "R_norm_p50": 0.43044620752334595, "a_mean": 30.929380416870117, "R_p50": 162.0, "R_p10": 113.0, "RG": 1.7261289358139038, "S_p50": 0.43921568989753723, "gray_p90": 156.0, "gray_kurt": 3.083059549331665, "gray_std": 28.582487106323242, "gray_mean": 114.1282730102539, "B_mean": 120.31521606445312, "B_p10": 80.0, "B_p75": 141.0, "G_kurt": 3.4801149368286133, "vessel_area_fraction": 0.0002845842176345746, "mean_vesselness": 0.014340797072236533, "p90_vesselness": 0.04325445178024301, "skeleton_len_per_area": 0.00014084507042253522, "branchpoint_density": 3.7622998263553925e-05, "tortuosity_mean": 1.5606984141627152}