{"filename": "103.jpg", "glare_frac": 0.03941066022036669, "R_norm_p50": 0.38034188747406006, "a_mean": 23.3975772857666, "R_p50": 195.0, "R_p10": 158.0, "RG": 1.3676828145980835, "S_p50": 0.2549019753932953, "gray_p90": 209.0, "gray_kurt": 2.0277318954467773, "gray_std": 36.85928726196289, "gray_mean": 156.89498901367188, "B_mean": 160.91156005859375, "B_p10": 92.0, "B_p75": 197.0, "G_kurt": 2.04150652885437, "vessel_area_fraction": 0.0048074632172363995, "mean_vesselness": 0.004906253439631626, "p90_vesselness": 0.014500887241324738, "skeleton_len_per_area": 0.0015278042504526827, "branchpoint_density": 0.0003420320506711434, "tortuosity_mean": 1.4161752072032787}