{"filename": "158.jpg", "glare_frac": 0.036504035006224116, "R_norm_p50": 0.34634146094322205, "a_mean": 17.707759857177734, "R_p50": 168.0, "R_p10": 58.0, "RG": 1.2584089040756226, "S_p50": 0.2705882489681244, "gray_p90": 191.0, "gray_kurt": 2.0661308765411377, "gray_std": 46.60091781616211, "gray_mean": 127.42524719238281, "B_mean": 146.75711059570312, "B_p10": 72.0, "B_p75": 184.0, "G_kurt": 2.0789196491241455, "vessel_area_fraction": 0.0015890491349435968, "mean_vesselness": 0.006710248484167357, "p90_vesselness": 0.01946811070734208, "skeleton_len_per_area": 0.0006191601936282788, "branchpoint_density": 0.0001211091156555478, "tortuosity_mean": 1.4260795309637535}