{"filename": "25.jpg", "glare_frac": 0.10532173860256176, "R_norm_p50": 0.34565216302871704, "a_mean": 14.258044242858887, "R_p50": 177.0, "R_p10": 155.0, "RG": 1.1672298908233643, "S_p50": 0.1921568661928177, "gray_p90": 206.0, "gray_kurt": 2.343186855316162, "gray_std": 35.08369064331055, "gray_mean": 160.54373168945312, "B_mean": 173.98487854003906, "B_p10": 118.0, "B_p75": 215.0, "G_kurt": 1.9248409271240234, "vessel_area_fraction": 0.0035558186122746313, "mean_vesselness": 0.0023927177851576034, "p90_vesselness": 0.00705565031648034, "skeleton_len_per_area": 0.0014557154131002246, "branchpoint_density": 0.00030079524069689793, "tortuosity_mean": 1.3947595513867659}