{"filename": "69.jpg", "glare_frac": 0.0544100747159143, "R_norm_p50": 0.38308456540107727, "a_mean": 23.24064064025879, "R_p50": 202.0, "R_p10": 175.0, "RG": 1.3503146171569824, "S_p50": 0.26274511218070984, "gray_p90": 210.0, "gray_kurt": 2.8915748596191406, "gray_std": 34.46889877319336, "gray_mean": 164.27928161621094, "B_mean": 168.98696899414062, "B_p10": 107.0, "B_p75": 202.0, "G_kurt": 2.5366709232330322, "vessel_area_fraction": 0.00016063003689901418, "mean_vesselness": 0.002479766360150489, "p90_vesselness": 0.006899152723915341, "skeleton_len_per_area": 7.618453178638958e-05, "branchpoint_density": 2.2029262203293374e-06, "tortuosity_mean": 1.0204204354103383}