{"filename": "27.jpg", "glare_frac": 0.014117961341042227, "R_norm_p50": 0.3754940629005432, "a_mean": 24.43581199645996, "R_p50": 184.0, "R_p10": 151.0, "RG": 1.396884560585022, "S_p50": 0.2666666805744171, "gray_p90": 188.0, "gray_kurt": 2.2171173095703125, "gray_std": 32.63275909423828, "gray_mean": 147.27987670898438, "B_mean": 156.3329315185547, "B_p10": 98.0, "B_p75": 190.0, "G_kurt": 2.1812796592712402, "vessel_area_fraction": 0.0013215791783540366, "mean_vesselness": 0.011797170850051952, "p90_vesselness": 0.035960547728271675, "skeleton_len_per_area": 0.0006136584807373061, "branchpoint_density": 0.0001583757894937699, "tortuosity_mean": 1.5946409560694235}