{"filename": "116.jpg", "glare_frac": 0.07403553364215408, "R_norm_p50": 0.39177489280700684, "a_mean": 24.29612159729004, "R_p50": 190.0, "R_p10": 154.0, "RG": 1.4060505628585815, "S_p50": 0.29411765933036804, "gray_p90": 213.0, "gray_kurt": 2.0816500186920166, "gray_std": 44.13594055175781, "gray_mean": 151.50726318359375, "B_mean": 152.28457641601562, "B_p10": 75.0, "B_p75": 199.0, "G_kurt": 1.9093141555786133, "vessel_area_fraction": 0.00018084801324796265, "mean_vesselness": 0.0014331834066827927, "p90_vesselness": 0.0032645597909960753, "skeleton_len_per_area": 7.728325170452505e-05, "branchpoint_density": 1.5612778122126273e-06, "tortuosity_mean": 1.3262495452518648}