{"filename": "20.jpg", "glare_frac": 0.007220605528831801, "R_norm_p50": 0.429824560880661, "a_mean": 31.880990982055664, "R_p50": 192.0, "R_p10": 169.0, "RG": 1.6111177206039429, "S_p50": 0.40392157435417175, "gray_p90": 194.0, "gray_kurt": 2.3668856620788574, "gray_std": 33.63267135620117, "gray_mean": 143.1698760986328, "B_mean": 142.9198760986328, "B_p10": 91.0, "B_p75": 175.0, "G_kurt": 2.3085272312164307, "vessel_area_fraction": 0.0009741262716858291, "mean_vesselness": 0.005269429866512844, "p90_vesselness": 0.013120411338274875, "skeleton_len_per_area": 0.0004062645210361952, "branchpoint_density": 9.734772868279438e-06, "tortuosity_mean": 1.1352106008031329}