{"filename": "115.jpg", "glare_frac": 0.09775397454069518, "R_norm_p50": 0.38352271914482117, "a_mean": 23.51887321472168, "R_p50": 192.0, "R_p10": 149.0, "RG": 1.379622220993042, "S_p50": 0.2666666805744171, "gray_p90": 213.0, "gray_kurt": 2.098376989364624, "gray_std": 47.04080581665039, "gray_mean": 153.15432739257812, "B_mean": 156.05714416503906, "B_p10": 67.0, "B_p75": 208.0, "G_kurt": 1.9795446395874023, "vessel_area_fraction": 0.00014099783555185984, "mean_vesselness": 0.0012388806644506914, "p90_vesselness": 0.002936820964626851, "skeleton_len_per_area": 7.093679925279905e-05, "branchpoint_density": 6.568222153036949e-07, "tortuosity_mean": 1.0868001576986344}