{"filename": "128.jpg", "glare_frac": 0.08642598890229052, "R_norm_p50": 0.3707093894481659, "a_mean": 20.98377799987793, "R_p50": 178.0, "R_p10": 130.0, "RG": 1.313511848449707, "S_p50": 0.239215686917305, "gray_p90": 210.0, "gray_kurt": 2.168698310852051, "gray_std": 43.41091537475586, "gray_mean": 148.14208984375, "B_mean": 159.7780303955078, "B_p10": 98.0, "B_p75": 206.0, "G_kurt": 1.994884967803955, "vessel_area_fraction": 0.0027914817895092828, "mean_vesselness": 0.002896444200579643, "p90_vesselness": 0.008728434709446264, "skeleton_len_per_area": 0.0010105650310390424, "branchpoint_density": 0.00022497318464782988, "tortuosity_mean": 1.4076167973361693}