{"filename": "129.jpg", "glare_frac": 0.016981809388430934, "R_norm_p50": 0.36534446477890015, "a_mean": 19.96993637084961, "R_p50": 159.0, "R_p10": 84.0, "RG": 1.3238996267318726, "S_p50": 0.2823529541492462, "gray_p90": 190.0, "gray_kurt": 2.0085296630859375, "gray_std": 45.1850700378418, "gray_mean": 124.82457733154297, "B_mean": 141.69886779785156, "B_p10": 72.0, "B_p75": 183.0, "G_kurt": 2.0727410316467285, "vessel_area_fraction": 0.0003205966155847469, "mean_vesselness": 0.0029153958972796476, "p90_vesselness": 0.007227409978530827, "skeleton_len_per_area": 0.00013100887801572914, "branchpoint_density": 5.1941845909319924e-06, "tortuosity_mean": 1.0068010272033805}