{"filename": "18.jpg", "glare_frac": 0.007970338025504793, "R_norm_p50": 0.40976646542549133, "a_mean": 28.408891677856445, "R_p50": 198.0, "R_p10": 177.0, "RG": 1.5099278688430786, "S_p50": 0.3294117748737335, "gray_p90": 189.0, "gray_kurt": 2.258333444595337, "gray_std": 29.176692962646484, "gray_mean": 152.2133331298828, "B_mean": 147.88812255859375, "B_p10": 95.0, "B_p75": 181.0, "G_kurt": 2.177251100540161, "vessel_area_fraction": 0.0005768649017055419, "mean_vesselness": 0.0026685700140669333, "p90_vesselness": 0.007071451039081133, "skeleton_len_per_area": 0.00020937524592566601, "branchpoint_density": 3.2489262298810245e-06, "tortuosity_mean": 0.9841110787999605}