{"filename": "2.jpg", "glare_frac": 0.08337987173556408, "R_norm_p50": 0.35793358087539673, "a_mean": 16.691082000732422, "R_p50": 194.0, "R_p10": 163.0, "RG": 1.2062530517578125, "S_p50": 0.18431372940540314, "gray_p90": 209.0, "gray_kurt": 3.2484164237976074, "gray_std": 29.13425636291504, "gray_mean": 170.53955078125, "B_mean": 183.3146209716797, "B_p10": 145.0, "B_p75": 208.0, "G_kurt": 2.9214065074920654, "vessel_area_fraction": 0.004479487639424575, "mean_vesselness": 0.006369420827713873, "p90_vesselness": 0.018696039136624668, "skeleton_len_per_area": 0.001758352765688283, "branchpoint_density": 0.0003436821667989592, "tortuosity_mean": 1.3504068192622871}