{"filename": "31.jpg", "glare_frac": 0.06937038570064306, "R_norm_p50": 0.38585859537124634, "a_mean": 25.588306427001953, "R_p50": 200.0, "R_p10": 175.0, "RG": 1.4007325172424316, "S_p50": 0.2705882489681244, "gray_p90": 214.0, "gray_kurt": 2.04240345954895, "gray_std": 40.462318420410156, "gray_mean": 162.5832061767578, "B_mean": 165.65518188476562, "B_p10": 94.0, "B_p75": 211.0, "G_kurt": 1.9271475076675415, "vessel_area_fraction": 0.00017145106441690406, "mean_vesselness": 0.002711050949345426, "p90_vesselness": 0.00723957015445837, "skeleton_len_per_area": 6.594271708342464e-05, "branchpoint_density": 0.0, "tortuosity_mean": 0.9269627817144537}