{"filename": "171.jpg", "glare_frac": 0.01135825063326, "R_norm_p50": 0.364705890417099, "a_mean": 19.865137100219727, "R_p50": 162.0, "R_p10": 86.0, "RG": 1.313642978668213, "S_p50": 0.2823529541492462, "gray_p90": 195.0, "gray_kurt": 2.2309463024139404, "gray_std": 47.086830139160156, "gray_mean": 129.9839324951172, "B_mean": 145.88189697265625, "B_p10": 69.0, "B_p75": 192.0, "G_kurt": 1.9155269861221313, "vessel_area_fraction": 5.524012642783718e-05, "mean_vesselness": 0.0019514868061830362, "p90_vesselness": 0.005194409605914848, "skeleton_len_per_area": 2.301671934493216e-05, "branchpoint_density": 1.0007269280405287e-06, "tortuosity_mean": 0.9304370392975627}