{"filename": "6.jpg", "glare_frac": 0.019167990722477903, "R_norm_p50": 0.36563071608543396, "a_mean": 18.85232925415039, "R_p50": 192.0, "R_p10": 160.0, "RG": 1.2555080652236938, "S_p50": 0.21176470816135406, "gray_p90": 202.0, "gray_kurt": 2.7568602561950684, "gray_std": 28.892744064331055, "gray_mean": 163.7538299560547, "B_mean": 174.73912048339844, "B_p10": 127.0, "B_p75": 200.0, "G_kurt": 2.587157964706421, "vessel_area_fraction": 0.00011870845204178538, "mean_vesselness": 0.0026850636534769805, "p90_vesselness": 0.007855235275568669, "skeleton_len_per_area": 5.279101833589013e-05, "branchpoint_density": 0.0, "tortuosity_mean": 0.980633692273534}