{"filename": "100.jpg", "glare_frac": 0.0058008831794460055, "R_norm_p50": 0.37272727489471436, "a_mean": 20.437902450561523, "R_p50": 192.0, "R_p10": 132.0, "RG": 1.3116024732589722, "S_p50": 0.24313725531101227, "gray_p90": 197.0, "gray_kurt": 2.6734836101531982, "gray_std": 33.0820198059082, "gray_mean": 154.12733459472656, "B_mean": 161.1411590576172, "B_p10": 109.0, "B_p75": 190.0, "G_kurt": 2.267488718032837, "vessel_area_fraction": 0.0009040998298098507, "mean_vesselness": 0.0017106822053844684, "p90_vesselness": 0.0029744489182510284, "skeleton_len_per_area": 0.00037373982958368435, "branchpoint_density": 7.633113009651648e-06, "tortuosity_mean": 0.9693317111381949}