{"filename": "52.jpg", "glare_frac": 0.029680747731863338, "R_norm_p50": 0.41282564401626587, "a_mean": 28.05222511291504, "R_p50": 199.0, "R_p10": 164.0, "RG": 1.500807762145996, "S_p50": 0.3490196168422699, "gray_p90": 209.0, "gray_kurt": 2.1509222984313965, "gray_std": 37.73631286621094, "gray_mean": 151.22433471679688, "B_mean": 148.2437744140625, "B_p10": 89.0, "B_p75": 187.0, "G_kurt": 2.0694191455841064, "vessel_area_fraction": 5.5472950410445446e-05, "mean_vesselness": 0.002588392782838995, "p90_vesselness": 0.007218430790533761, "skeleton_len_per_area": 2.3385655565187788e-05, "branchpoint_density": 8.157786825065507e-07, "tortuosity_mean": 0.9800569660696463}