{"filename": "89.jpg", "glare_frac": 0.1547046037550909, "R_norm_p50": 0.36464089155197144, "a_mean": 20.927152633666992, "R_p50": 196.0, "R_p10": 167.0, "RG": 1.286690592765808, "S_p50": 0.2078431397676468, "gray_p90": 212.0, "gray_kurt": 2.5487236976623535, "gray_std": 36.83730697631836, "gray_mean": 166.05783081054688, "B_mean": 175.7187042236328, "B_p10": 105.0, "B_p75": 219.0, "G_kurt": 2.401948928833008, "vessel_area_fraction": 0.00012930807192553095, "mean_vesselness": 0.0017399634320151656, "p90_vesselness": 0.005046197835646595, "skeleton_len_per_area": 5.3506788382978325e-05, "branchpoint_density": 7.754607012025844e-07, "tortuosity_mean": 0.9081176736442033}