{"filename": "42.jpg", "glare_frac": 0.10456565764423374, "R_norm_p50": 0.39024388790130615, "a_mean": 24.3613338470459, "R_p50": 192.0, "R_p10": 157.0, "RG": 1.4005244970321655, "S_p50": 0.29019609093666077, "gray_p90": 211.0, "gray_kurt": 2.0367419719696045, "gray_std": 41.45817947387695, "gray_mean": 152.5125274658203, "B_mean": 154.58468627929688, "B_p10": 76.0, "B_p75": 199.0, "G_kurt": 1.9920214414596558, "vessel_area_fraction": 6.69796427995064e-05, "mean_vesselness": 0.0016424542588905696, "p90_vesselness": 0.004618171963561924, "skeleton_len_per_area": 3.057766301716596e-05, "branchpoint_density": 7.280395956468086e-07, "tortuosity_mean": 0.9565202659199654}