{"filename": "65.jpg", "glare_frac": 0.008249770901707811, "R_norm_p50": 0.4157043993473053, "a_mean": 29.719064712524414, "R_p50": 184.0, "R_p10": 153.0, "RG": 1.58402681350708, "S_p50": 0.3764705955982208, "gray_p90": 187.0, "gray_kurt": 2.359285831451416, "gray_std": 34.22684097290039, "gray_mean": 137.1104736328125, "B_mean": 136.38746643066406, "B_p10": 75.0, "B_p75": 170.0, "G_kurt": 2.4156265258789062, "vessel_area_fraction": 0.0042936163895597405, "mean_vesselness": 0.008409049569519843, "p90_vesselness": 0.02365867252567364, "skeleton_len_per_area": 0.0016128966246743046, "branchpoint_density": 0.0002466783073031289, "tortuosity_mean": 1.1626221457633716}