{"filename": "159.jpg", "glare_frac": 0.07198747270950032, "R_norm_p50": 0.37651821970939636, "a_mean": 21.841569900512695, "R_p50": 164.0, "R_p10": 122.0, "RG": 1.3254197835922241, "S_p50": 0.29411765933036804, "gray_p90": 198.0, "gray_kurt": 2.1734201908111572, "gray_std": 43.22994613647461, "gray_mean": 135.88780212402344, "B_mean": 155.1903533935547, "B_p10": 84.0, "B_p75": 201.0, "G_kurt": 1.9863214492797852, "vessel_area_fraction": 0.0014704311459961253, "mean_vesselness": 0.006210917835443845, "p90_vesselness": 0.01914507631615207, "skeleton_len_per_area": 0.0005990374428582299, "branchpoint_density": 0.0001380987082009049, "tortuosity_mean": 1.5187264005005647}