{"filename": "79.jpg", "glare_frac": 0.12758946343456545, "R_norm_p50": 0.3780219852924347, "a_mean": 23.016632080078125, "R_p50": 190.0, "R_p10": 145.0, "RG": 1.3518033027648926, "S_p50": 0.26274511218070984, "gray_p90": 210.0, "gray_kurt": 2.126025915145874, "gray_std": 45.69074249267578, "gray_mean": 154.04881286621094, "B_mean": 162.4210205078125, "B_p10": 77.0, "B_p75": 213.0, "G_kurt": 1.8622132539749146, "vessel_area_fraction": 9.07982156259e-05, "mean_vesselness": 0.0012211884774197457, "p90_vesselness": 0.002844911893932059, "skeleton_len_per_area": 3.9251311963279686e-05, "branchpoint_density": 9.45814746103125e-07, "tortuosity_mean": 1.1815658514088139}