{"filename": "82.jpg", "glare_frac": 0.09462058159403683, "R_norm_p50": 0.3732251524925232, "a_mean": 22.470592498779297, "R_p50": 182.0, "R_p10": 123.0, "RG": 1.364545464515686, "S_p50": 0.2549019753932953, "gray_p90": 207.0, "gray_kurt": 1.7913089990615845, "gray_std": 48.72471618652344, "gray_mean": 144.69479370117188, "B_mean": 151.5003204345703, "B_p10": 69.0, "B_p75": 209.0, "G_kurt": 1.691432237625122, "vessel_area_fraction": 0.0007120778580481907, "mean_vesselness": 0.0022152040985934283, "p90_vesselness": 0.005781198698049308, "skeleton_len_per_area": 0.0002913148113545238, "branchpoint_density": 3.3769104871080812e-06, "tortuosity_mean": 0.9999811981784889}