{"filename": "113.jpg", "glare_frac": 0.029545747330451462, "R_norm_p50": 0.4029850661754608, "a_mean": 26.318012237548828, "R_p50": 185.0, "R_p10": 152.0, "RG": 1.4720603227615356, "S_p50": 0.34117648005485535, "gray_p90": 202.0, "gray_kurt": 2.276378631591797, "gray_std": 40.26424026489258, "gray_mean": 142.19097900390625, "B_mean": 143.9838104248047, "B_p10": 69.0, "B_p75": 188.0, "G_kurt": 2.0817553997039795, "vessel_area_fraction": 0.000681956673769104, "mean_vesselness": 0.004439372885775039, "p90_vesselness": 0.012425306861197659, "skeleton_len_per_area": 0.0002665970055251782, "branchpoint_density": 1.022423798754279e-06, "tortuosity_mean": 0.9736392218610325}