{"filename": "131.jpg", "glare_frac": 0.014264412946005221, "R_norm_p50": 0.41274237632751465, "a_mean": 29.045120239257812, "R_p50": 174.0, "R_p10": 132.0, "RG": 1.5727547407150269, "S_p50": 0.3960784375667572, "gray_p90": 201.0, "gray_kurt": 2.0699663162231445, "gray_std": 43.307044982910156, "gray_mean": 130.11900329589844, "B_mean": 136.51292419433594, "B_p10": 73.0, "B_p75": 182.0, "G_kurt": 2.035900354385376, "vessel_area_fraction": 0.000840115557148291, "mean_vesselness": 0.0034632624962090556, "p90_vesselness": 0.009383178519416504, "skeleton_len_per_area": 0.00033976609841638087, "branchpoint_density": 2.1480971526710278e-05, "tortuosity_mean": 1.1036116785988856}