{"filename": "97.jpg", "glare_frac": 0.09324077236834175, "R_norm_p50": 0.3757009208202362, "a_mean": 21.271596908569336, "R_p50": 193.0, "R_p10": 150.0, "RG": 1.3054176568984985, "S_p50": 0.2549019753932953, "gray_p90": 206.0, "gray_kurt": 2.333062171936035, "gray_std": 36.222755432128906, "gray_mean": 158.55519104003906, "B_mean": 168.71897888183594, "B_p10": 106.0, "B_p75": 207.0, "G_kurt": 2.0689072608947754, "vessel_area_fraction": 7.260817705070151e-05, "mean_vesselness": 0.0018961231675014881, "p90_vesselness": 0.004913973193185575, "skeleton_len_per_area": 3.44774677190438e-05, "branchpoint_density": 0.0, "tortuosity_mean": 1.3029736937433178}