{"filename": "177.jpg", "glare_frac": 0.0063577124645465095, "R_norm_p50": 0.3820754587650299, "a_mean": 23.481548309326172, "R_p50": 169.0, "R_p10": 80.0, "RG": 1.4302829504013062, "S_p50": 0.29411765933036804, "gray_p90": 178.0, "gray_kurt": 2.2594010829925537, "gray_std": 38.61695861816406, "gray_mean": 126.25480651855469, "B_mean": 138.56552124023438, "B_p10": 75.0, "B_p75": 174.0, "G_kurt": 2.14923357963562, "vessel_area_fraction": 0.0013909919910231891, "mean_vesselness": 0.004888054515478658, "p90_vesselness": 0.013310475570692001, "skeleton_len_per_area": 0.0005102027625066469, "branchpoint_density": 6.664810861573315e-05, "tortuosity_mean": 1.1988215940525353}