{"filename": "176.jpg", "glare_frac": 0.023616587719691412, "R_norm_p50": 0.38866397738456726, "a_mean": 25.95564079284668, "R_p50": 168.0, "R_p10": 117.0, "RG": 1.4503774642944336, "S_p50": 0.34117648005485535, "gray_p90": 191.0, "gray_kurt": 2.2217025756835938, "gray_std": 39.84880447387695, "gray_mean": 130.9586181640625, "B_mean": 147.51768493652344, "B_p10": 82.0, "B_p75": 185.0, "G_kurt": 2.158525228500366, "vessel_area_fraction": 0.0004605088390367194, "mean_vesselness": 0.002309208547318345, "p90_vesselness": 0.0060831963132625564, "skeleton_len_per_area": 0.00017901085434365055, "branchpoint_density": 6.285877328097653e-06, "tortuosity_mean": 1.0690577184194672}