{"filename": "107.jpg", "glare_frac": 0.1023468999244587, "R_norm_p50": 0.375227689743042, "a_mean": 20.41792106628418, "R_p50": 199.0, "R_p10": 134.0, "RG": 1.302926778793335, "S_p50": 0.24313725531101227, "gray_p90": 214.0, "gray_kurt": 1.9727036952972412, "gray_std": 43.69873809814453, "gray_mean": 160.7492218017578, "B_mean": 165.68247985839844, "B_p10": 89.0, "B_p75": 209.0, "G_kurt": 1.8916525840759277, "vessel_area_fraction": 0.00033390621349974666, "mean_vesselness": 0.0015703297024953296, "p90_vesselness": 0.00412976779347024, "skeleton_len_per_area": 0.00013007363001750496, "branchpoint_density": 7.584468222595041e-06, "tortuosity_mean": 1.0445464596869767}