{"filename": "207.jpg", "glare_frac": 0.021954177509733067, "R_norm_p50": 0.36734694242477417, "a_mean": 18.058984756469727, "R_p50": 163.0, "R_p10": 117.0, "RG": 1.268293023109436, "S_p50": 0.24313725531101227, "gray_p90": 196.0, "gray_kurt": 2.5229427814483643, "gray_std": 36.45310974121094, "gray_mean": 137.8430938720703, "B_mean": 151.95468139648438, "B_p10": 104.0, "B_p75": 176.0, "G_kurt": 2.5438201427459717, "vessel_area_fraction": 0.0032658699325365994, "mean_vesselness": 0.00234541531014064, "p90_vesselness": 0.007027421045335272, "skeleton_len_per_area": 0.0012929457373901819, "branchpoint_density": 0.0003140892029780919, "tortuosity_mean": 1.5893379412615691}