{"filename": "94.jpg", "glare_frac": 0.01511080351205743, "R_norm_p50": 0.3866666555404663, "a_mean": 22.954246520996094, "R_p50": 185.0, "R_p10": 155.0, "RG": 1.377454161643982, "S_p50": 0.27450981736183167, "gray_p90": 194.0, "gray_kurt": 2.0212719440460205, "gray_std": 33.89561462402344, "gray_mean": 148.45455932617188, "B_mean": 153.3376922607422, "B_p10": 89.0, "B_p75": 189.0, "G_kurt": 2.0156641006469727, "vessel_area_fraction": 0.0014189203752176277, "mean_vesselness": 0.008737009428140109, "p90_vesselness": 0.026799589520273302, "skeleton_len_per_area": 0.0005743534233300045, "branchpoint_density": 0.00012532798813455278, "tortuosity_mean": 1.416406262395886}