{"filename": "72.jpg", "glare_frac": 0.0069590393624939795, "R_norm_p50": 0.4223194718360901, "a_mean": 30.92093276977539, "R_p50": 199.0, "R_p10": 177.0, "RG": 1.584267497062683, "S_p50": 0.37254902720451355, "gray_p90": 190.0, "gray_kurt": 2.145092010498047, "gray_std": 32.09220886230469, "gray_mean": 148.3480682373047, "B_mean": 142.54493713378906, "B_p10": 79.0, "B_p75": 179.0, "G_kurt": 2.0867667198181152, "vessel_area_fraction": 0.0003491834143351285, "mean_vesselness": 0.0024339443557637756, "p90_vesselness": 0.005474324199328532, "skeleton_len_per_area": 0.00017678094487499451, "branchpoint_density": 0.0, "tortuosity_mean": 0.962461767801603}