{"filename": "32.jpg", "glare_frac": 0.040927971306539926, "R_norm_p50": 0.4000000059604645, "a_mean": 27.55344009399414, "R_p50": 185.0, "R_p10": 152.0, "RG": 1.4852323532104492, "S_p50": 0.34117648005485535, "gray_p90": 203.0, "gray_kurt": 1.9808160066604614, "gray_std": 40.637786865234375, "gray_mean": 143.54197692871094, "B_mean": 149.59022521972656, "B_p10": 78.0, "B_p75": 191.0, "G_kurt": 1.9275110960006714, "vessel_area_fraction": 0.00023332503733200597, "mean_vesselness": 0.0018871284993669242, "p90_vesselness": 0.004861310992144711, "skeleton_len_per_area": 9.40826763435508e-05, "branchpoint_density": 1.0035485476645418e-06, "tortuosity_mean": 1.0287649454257237}