{"filename": "155.jpg", "glare_frac": 0.0582348733803988, "R_norm_p50": 0.3745020031929016, "a_mean": 21.7834529876709, "R_p50": 163.0, "R_p10": 106.0, "RG": 1.349890112876892, "S_p50": 0.2823529541492462, "gray_p90": 197.0, "gray_kurt": 2.159669876098633, "gray_std": 42.019615173339844, "gray_mean": 130.96812438964844, "B_mean": 147.13682556152344, "B_p10": 84.0, "B_p75": 187.0, "G_kurt": 2.1474905014038086, "vessel_area_fraction": 0.0006123684475922178, "mean_vesselness": 0.007902370967966275, "p90_vesselness": 0.02403540547498205, "skeleton_len_per_area": 0.00024936503466261174, "branchpoint_density": 6.016149437664409e-05, "tortuosity_mean": 1.488030630993612}