{"filename": "209.jpg", "glare_frac": 0.006409633368277088, "R_norm_p50": 0.36895161867141724, "a_mean": 18.771032333374023, "R_p50": 163.0, "R_p10": 111.0, "RG": 1.2858465909957886, "S_p50": 0.250980406999588, "gray_p90": 190.0, "gray_kurt": 2.424373149871826, "gray_std": 39.0193977355957, "gray_mean": 133.4508819580078, "B_mean": 148.4310760498047, "B_p10": 81.0, "B_p75": 185.0, "G_kurt": 2.188141107559204, "vessel_area_fraction": 0.00015880895022944857, "mean_vesselness": 0.001643743920511915, "p90_vesselness": 0.004400613212740311, "skeleton_len_per_area": 6.248220992634042e-05, "branchpoint_density": 2.6034254135975175e-06, "tortuosity_mean": 1.0288711066738359}