{"filename": "175.jpg", "glare_frac": 0.02303111874768213, "R_norm_p50": 0.3767123222351074, "a_mean": 22.86775016784668, "R_p50": 164.0, "R_p10": 82.0, "RG": 1.400760531425476, "S_p50": 0.2862745225429535, "gray_p90": 192.0, "gray_kurt": 2.167222023010254, "gray_std": 44.058074951171875, "gray_mean": 128.0611114501953, "B_mean": 141.93067932128906, "B_p10": 76.0, "B_p75": 180.0, "G_kurt": 2.1992530822753906, "vessel_area_fraction": 0.0012016110994831314, "mean_vesselness": 0.0032865480866602122, "p90_vesselness": 0.00879305229440718, "skeleton_len_per_area": 0.0004159146874069936, "branchpoint_density": 3.177250741089248e-05, "tortuosity_mean": 1.0830926274766823}