{"filename": "213.jpg", "glare_frac": 0.005482478277980404, "R_norm_p50": 0.3643031716346741, "a_mean": 20.617446899414062, "R_p50": 160.0, "R_p10": 99.0, "RG": 1.3335988521575928, "S_p50": 0.2705882489681244, "gray_p90": 190.0, "gray_kurt": 2.0083045959472656, "gray_std": 40.77272415161133, "gray_mean": 129.8666229248047, "B_mean": 145.3773956298828, "B_p10": 87.0, "B_p75": 186.0, "G_kurt": 1.8841174840927124, "vessel_area_fraction": 0.00016063833989492671, "mean_vesselness": 0.001542331319548972, "p90_vesselness": 0.003117745848092963, "skeleton_len_per_area": 5.67647321304477e-05, "branchpoint_density": 6.1446359522649565e-06, "tortuosity_mean": 1.0954567651469365}