{"filename": "46.jpg", "glare_frac": 0.01400306133033433, "R_norm_p50": 0.3721340298652649, "a_mean": 18.38109588623047, "R_p50": 193.0, "R_p10": 117.0, "RG": 1.261722207069397, "S_p50": 0.24705882370471954, "gray_p90": 202.0, "gray_kurt": 2.750999927520752, "gray_std": 35.89014434814453, "gray_mean": 155.921630859375, "B_mean": 165.20773315429688, "B_p10": 109.0, "B_p75": 195.0, "G_kurt": 2.3970894813537598, "vessel_area_fraction": 9.485620072936912e-05, "mean_vesselness": 0.0010058987668938224, "p90_vesselness": 0.002493898536053891, "skeleton_len_per_area": 4.640447229925971e-05, "branchpoint_density": 0.0, "tortuosity_mean": 1.0596472592367001}