{"filename": "114.jpg", "glare_frac": 0.008923781182092225, "R_norm_p50": 0.3929961025714874, "a_mean": 26.278841018676758, "R_p50": 186.0, "R_p10": 143.0, "RG": 1.4808851480484009, "S_p50": 0.3019607961177826, "gray_p90": 197.0, "gray_kurt": 1.839477777481079, "gray_std": 42.21535110473633, "gray_mean": 141.64857482910156, "B_mean": 142.16368103027344, "B_p10": 72.0, "B_p75": 194.0, "G_kurt": 1.6945440769195557, "vessel_area_fraction": 7.333557199816274e-05, "mean_vesselness": 0.00161644687787073, "p90_vesselness": 0.0044521849478812185, "skeleton_len_per_area": 3.2532321412718814e-05, "branchpoint_density": 0.0, "tortuosity_mean": 0.8078541689999015}