{"filename": "126.jpg", "glare_frac": 0.06431922018728894, "R_norm_p50": 0.3464052379131317, "a_mean": 15.799854278564453, "R_p50": 154.0, "R_p10": 97.0, "RG": 1.2119561433792114, "S_p50": 0.23137255012989044, "gray_p90": 201.0, "gray_kurt": 1.756438136100769, "gray_std": 46.38863754272461, "gray_mean": 135.7163543701172, "B_mean": 151.72711181640625, "B_p10": 86.0, "B_p75": 204.0, "G_kurt": 1.7259751558303833, "vessel_area_fraction": 8.852976461405872e-05, "mean_vesselness": 0.001107194836971501, "p90_vesselness": 0.0027908078840145215, "skeleton_len_per_area": 4.129303508500265e-05, "branchpoint_density": 0.0, "tortuosity_mean": 0.8697848286449316}