{"filename": "90.jpg", "glare_frac": 0.1483760155582617, "R_norm_p50": 0.39344263076782227, "a_mean": 23.24081039428711, "R_p50": 188.0, "R_p10": 152.0, "RG": 1.3640388250350952, "S_p50": 0.2980392277240753, "gray_p90": 214.0, "gray_kurt": 2.3168318271636963, "gray_std": 42.295738220214844, "gray_mean": 153.9104461669922, "B_mean": 159.61221313476562, "B_p10": 97.0, "B_p75": 208.0, "G_kurt": 2.0734572410583496, "vessel_area_fraction": 0.0003075492581031816, "mean_vesselness": 0.00259182848307295, "p90_vesselness": 0.0073590085091152085, "skeleton_len_per_area": 0.000141099581866934, "branchpoint_density": 3.348125671418773e-06, "tortuosity_mean": 1.096842816787408}