{"filename": "199.jpg", "glare_frac": 0.0505406109186423, "R_norm_p50": 0.36220473051071167, "a_mean": 17.248315811157227, "R_p50": 169.0, "R_p10": 99.0, "RG": 1.2355631589889526, "S_p50": 0.24313725531101227, "gray_p90": 201.0, "gray_kurt": 2.5787622928619385, "gray_std": 42.82339096069336, "gray_mean": 141.88311767578125, "B_mean": 158.57351684570312, "B_p10": 88.0, "B_p75": 198.0, "G_kurt": 2.198655605316162, "vessel_area_fraction": 5.321196476688631e-05, "mean_vesselness": 0.0013779124913787376, "p90_vesselness": 0.00350632020968029, "skeleton_len_per_area": 1.924688087312909e-05, "branchpoint_density": 0.0, "tortuosity_mean": 0.8413128580612131}