{"filename": "138.jpg", "glare_frac": 0.0063758969224534555, "R_norm_p50": 0.35593220591545105, "a_mean": 18.151710510253906, "R_p50": 172.0, "R_p10": 91.0, "RG": 1.2611725330352783, "S_p50": 0.23529411852359772, "gray_p90": 190.0, "gray_kurt": 2.1102027893066406, "gray_std": 41.698265075683594, "gray_mean": 137.06736755371094, "B_mean": 153.798828125, "B_p10": 85.0, "B_p75": 193.0, "G_kurt": 1.9840686321258545, "vessel_area_fraction": 0.00023838470523731198, "mean_vesselness": 0.0013913020077391425, "p90_vesselness": 0.003130185003825149, "skeleton_len_per_area": 0.00012008629526329591, "branchpoint_density": 2.9798088154663996e-07, "tortuosity_mean": 0.997276020403699}