{"filename": "172.jpg", "glare_frac": 0.006717262513052171, "R_norm_p50": 0.37354084849357605, "a_mean": 19.37992286682129, "R_p50": 141.0, "R_p10": 77.0, "RG": 1.3482996225357056, "S_p50": 0.3019607961177826, "gray_p90": 171.0, "gray_kurt": 2.348247528076172, "gray_std": 39.68375015258789, "gray_mean": 113.42926025390625, "B_mean": 128.91334533691406, "B_p10": 66.0, "B_p75": 165.0, "G_kurt": 2.373584270477295, "vessel_area_fraction": 0.00013556183079380837, "mean_vesselness": 0.0025045058411537727, "p90_vesselness": 0.006805397253825028, "skeleton_len_per_area": 4.588246580713514e-05, "branchpoint_density": 4.171133255194103e-06, "tortuosity_mean": 1.2470128085401102}