{"filename": "139.jpg", "glare_frac": 0.04993739635534617, "R_norm_p50": 0.3560885488986969, "a_mean": 16.606884002685547, "R_p50": 171.0, "R_p10": 89.0, "RG": 1.2273300886154175, "S_p50": 0.2235294133424759, "gray_p90": 201.0, "gray_kurt": 2.4985852241516113, "gray_std": 43.324859619140625, "gray_mean": 142.05796813964844, "B_mean": 158.01893615722656, "B_p10": 84.0, "B_p75": 194.0, "G_kurt": 2.2041361331939697, "vessel_area_fraction": 2.7537519238367798e-05, "mean_vesselness": 0.001220584442093652, "p90_vesselness": 0.003098173161763894, "skeleton_len_per_area": 1.061078722946282e-05, "branchpoint_density": 0.0, "tortuosity_mean": 0.7610701931589904}