{"filename": "192.jpg", "glare_frac": 0.04434269678742705, "R_norm_p50": 0.3634408712387085, "a_mean": 20.52175521850586, "R_p50": 152.0, "R_p10": 56.0, "RG": 1.3397809267044067, "S_p50": 0.30588236451148987, "gray_p90": 193.0, "gray_kurt": 2.2028439044952393, "gray_std": 48.539093017578125, "gray_mean": 119.50814056396484, "B_mean": 138.84829711914062, "B_p10": 63.0, "B_p75": 180.0, "G_kurt": 2.125727653503418, "vessel_area_fraction": 0.001500785862811061, "mean_vesselness": 0.0028998986972190673, "p90_vesselness": 0.008408375879485886, "skeleton_len_per_area": 0.0005657356684753335, "branchpoint_density": 9.981473671902544e-05, "tortuosity_mean": 1.3319125347026544}