{"filename": "137.jpg", "glare_frac": 0.010861162948676905, "R_norm_p50": 0.3564356565475464, "a_mean": 16.61229133605957, "R_p50": 163.0, "R_p10": 71.0, "RG": 1.2403690814971924, "S_p50": 0.24705882370471954, "gray_p90": 186.0, "gray_kurt": 2.2495603561401367, "gray_std": 40.943138122558594, "gray_mean": 130.1937255859375, "B_mean": 146.34986877441406, "B_p10": 85.0, "B_p75": 183.0, "G_kurt": 2.195272922515869, "vessel_area_fraction": 7.526207251359705e-05, "mean_vesselness": 0.001096645796049731, "p90_vesselness": 0.0028108405128590926, "skeleton_len_per_area": 3.318471785181657e-05, "branchpoint_density": 6.506807421924818e-07, "tortuosity_mean": 1.2349393214183233}