{"filename": "41.jpg", "glare_frac": 0.01098536062287286, "R_norm_p50": 0.4107142984867096, "a_mean": 26.091920852661133, "R_p50": 184.0, "R_p10": 152.0, "RG": 1.4701316356658936, "S_p50": 0.34117648005485535, "gray_p90": 187.0, "gray_kurt": 2.9987738132476807, "gray_std": 32.00075912475586, "gray_mean": 141.96014404296875, "B_mean": 144.54910278320312, "B_p10": 97.0, "B_p75": 170.0, "G_kurt": 2.7945823669433594, "vessel_area_fraction": 0.00033128673741289716, "mean_vesselness": 0.0035706800121448746, "p90_vesselness": 0.00962227982131384, "skeleton_len_per_area": 0.00014300469449893665, "branchpoint_density": 5.379486940398871e-06, "tortuosity_mean": 1.0269841129142303}