{"filename": "84.jpg", "glare_frac": 0.06916693833790974, "R_norm_p50": 0.3807615339756012, "a_mean": 24.69131088256836, "R_p50": 196.0, "R_p10": 159.0, "RG": 1.37169349193573, "S_p50": 0.27843138575553894, "gray_p90": 207.0, "gray_kurt": 2.4514107704162598, "gray_std": 36.945438385009766, "gray_mean": 157.65469360351562, "B_mean": 168.6380615234375, "B_p10": 104.0, "B_p75": 203.0, "G_kurt": 2.2684786319732666, "vessel_area_fraction": 0.00013565739297655236, "mean_vesselness": 0.0015040048306876363, "p90_vesselness": 0.003952064736158121, "skeleton_len_per_area": 6.935636983260672e-05, "branchpoint_density": 0.0, "tortuosity_mean": 0.8874260455554303}