{"filename": "23.jpg", "glare_frac": 0.060392709903775266, "R_norm_p50": 0.37254902720451355, "a_mean": 20.984298706054688, "R_p50": 176.0, "R_p10": 119.0, "RG": 1.3237197399139404, "S_p50": 0.2705882489681244, "gray_p90": 204.0, "gray_kurt": 2.4241814613342285, "gray_std": 43.142086029052734, "gray_mean": 143.93533325195312, "B_mean": 155.19406127929688, "B_p10": 90.0, "B_p75": 197.0, "G_kurt": 2.0856363773345947, "vessel_area_fraction": 0.0004405708214251704, "mean_vesselness": 0.0029197142761184284, "p90_vesselness": 0.00793930786471155, "skeleton_len_per_area": 0.0001733393395771162, "branchpoint_density": 9.362464329010906e-06, "tortuosity_mean": 1.0917219344924087}