{"filename": "193.jpg", "glare_frac": 0.042290054475295345, "R_norm_p50": 0.3565022349357605, "a_mean": 17.689035415649414, "R_p50": 152.0, "R_p10": 76.0, "RG": 1.250048279762268, "S_p50": 0.27450981736183167, "gray_p90": 190.0, "gray_kurt": 2.0643887519836426, "gray_std": 45.59373474121094, "gray_mean": 125.60686492919922, "B_mean": 145.9931640625, "B_p10": 72.0, "B_p75": 196.0, "G_kurt": 1.9331094026565552, "vessel_area_fraction": 4.0941140358661535e-05, "mean_vesselness": 0.0013821197774589072, "p90_vesselness": 0.0033602300758363984, "skeleton_len_per_area": 1.8862933777812645e-05, "branchpoint_density": 6.430545606072493e-07, "tortuosity_mean": 1.3419809333762283}