{"filename": "76.jpg", "glare_frac": 0.08304272180109064, "R_norm_p50": 0.3854961693286896, "a_mean": 24.602930068969727, "R_p50": 187.0, "R_p10": 158.0, "RG": 1.4112831354141235, "S_p50": 0.27843138575553894, "gray_p90": 204.0, "gray_kurt": 1.9001073837280273, "gray_std": 39.57209014892578, "gray_mean": 149.03700256347656, "B_mean": 151.00563049316406, "B_p10": 71.0, "B_p75": 196.0, "G_kurt": 1.8905479907989502, "vessel_area_fraction": 0.003667595000522572, "mean_vesselness": 0.003711061720347133, "p90_vesselness": 0.011119596176784695, "skeleton_len_per_area": 0.001364589289117591, "branchpoint_density": 0.0002491131645118255, "tortuosity_mean": 1.316867391481443}