{"filename": "71.jpg", "glare_frac": 0.029983148903125607, "R_norm_p50": 0.40789473056793213, "a_mean": 27.884075164794922, "R_p50": 189.0, "R_p10": 162.0, "RG": 1.5216232538223267, "S_p50": 0.33725491166114807, "gray_p90": 205.0, "gray_kurt": 1.8946995735168457, "gray_std": 41.45846176147461, "gray_mean": 144.20126342773438, "B_mean": 140.2537078857422, "B_p10": 70.0, "B_p75": 189.0, "G_kurt": 1.8219233751296997, "vessel_area_fraction": 0.0004513298388662396, "mean_vesselness": 0.0016837243419250613, "p90_vesselness": 0.004054900500545838, "skeleton_len_per_area": 0.00020128130460104834, "branchpoint_density": 5.28052805280528e-06, "tortuosity_mean": 1.0102813658293812}