{"filename": "36.jpg", "glare_frac": 0.09430904510048344, "R_norm_p50": 0.39830508828163147, "a_mean": 24.087383270263672, "R_p50": 176.0, "R_p10": 129.0, "RG": 1.4125937223434448, "S_p50": 0.3333333432674408, "gray_p90": 211.0, "gray_kurt": 2.2673401832580566, "gray_std": 46.12350082397461, "gray_mean": 140.26412963867188, "B_mean": 146.5477752685547, "B_p10": 73.0, "B_p75": 191.0, "G_kurt": 2.2076661586761475, "vessel_area_fraction": 0.002907532325362123, "mean_vesselness": 0.003303671980619699, "p90_vesselness": 0.00997345103452565, "skeleton_len_per_area": 0.0010859830537908936, "branchpoint_density": 0.00023439922242740488, "tortuosity_mean": 1.3917619537522778}