{"filename": "160.jpg", "glare_frac": 0.008007776727904184, "R_norm_p50": 0.3855140209197998, "a_mean": 24.97756004333496, "R_p50": 175.0, "R_p10": 146.0, "RG": 1.403809666633606, "S_p50": 0.3137255012989044, "gray_p90": 190.0, "gray_kurt": 2.6596295833587646, "gray_std": 32.649227142333984, "gray_mean": 141.48153686523438, "B_mean": 156.2913055419922, "B_p10": 103.0, "B_p75": 188.0, "G_kurt": 2.3631293773651123, "vessel_area_fraction": 0.00023947846571319753, "mean_vesselness": 0.003923066563220352, "p90_vesselness": 0.01087470662030027, "skeleton_len_per_area": 9.004390310816227e-05, "branchpoint_density": 1.0345469718810133e-05, "tortuosity_mean": 1.2278946902539558}