{"filename": "9.jpg", "glare_frac": 0.05640508629215628, "R_norm_p50": 0.366445928812027, "a_mean": 13.627098083496094, "R_p50": 183.0, "R_p10": 128.0, "RG": 1.1905477046966553, "S_p50": 0.20392157137393951, "gray_p90": 208.0, "gray_kurt": 2.2428102493286133, "gray_std": 39.28253173828125, "gray_mean": 155.83047485351562, "B_mean": 160.7157440185547, "B_p10": 99.0, "B_p75": 199.0, "G_kurt": 1.9553518295288086, "vessel_area_fraction": 3.0307896879296884e-05, "mean_vesselness": 0.0016088571350452582, "p90_vesselness": 0.004603223892581406, "skeleton_len_per_area": 1.5328131755046702e-05, "branchpoint_density": 0.0, "tortuosity_mean": 1.205942769999423}