{"filename": "188.jpg", "glare_frac": 0.013728777312779295, "R_norm_p50": 0.3825910985469818, "a_mean": 25.52777671813965, "R_p50": 181.0, "R_p10": 118.0, "RG": 1.425889015197754, "S_p50": 0.32549020648002625, "gray_p90": 195.0, "gray_kurt": 2.8464951515197754, "gray_std": 37.34632873535156, "gray_mean": 138.2292022705078, "B_mean": 153.64645385742188, "B_p10": 98.0, "B_p75": 181.0, "G_kurt": 2.573147773742676, "vessel_area_fraction": 0.0022674410602953523, "mean_vesselness": 0.005279258525931216, "p90_vesselness": 0.015559695326982126, "skeleton_len_per_area": 0.0007416096475951415, "branchpoint_density": 0.0001463633601427956, "tortuosity_mean": 1.3524329419839594}