{"filename": "26.jpg", "glare_frac": 0.14378993580442614, "R_norm_p50": 0.34990790486335754, "a_mean": 15.863988876342773, "R_p50": 188.0, "R_p10": 154.0, "RG": 1.1857906579971313, "S_p50": 0.18039216101169586, "gray_p90": 216.0, "gray_kurt": 2.825864791870117, "gray_std": 39.30036926269531, "gray_mean": 168.15365600585938, "B_mean": 183.00022888183594, "B_p10": 124.0, "B_p75": 221.0, "G_kurt": 2.2312583923339844, "vessel_area_fraction": 0.000214127287486657, "mean_vesselness": 0.0010370774748894025, "p90_vesselness": 0.0026684325963918475, "skeleton_len_per_area": 9.188297783942372e-05, "branchpoint_density": 0.0, "tortuosity_mean": 0.7857210232911988}