{"filename": "208.jpg", "glare_frac": 0.02304965312305554, "R_norm_p50": 0.41063830256462097, "a_mean": 28.978408813476562, "R_p50": 178.0, "R_p10": 133.0, "RG": 1.5697757005691528, "S_p50": 0.37254902720451355, "gray_p90": 188.0, "gray_kurt": 2.5640933513641357, "gray_std": 37.323150634765625, "gray_mean": 132.08714294433594, "B_mean": 138.10589599609375, "B_p10": 88.0, "B_p75": 169.0, "G_kurt": 2.5550413131713867, "vessel_area_fraction": 0.0025943080779004786, "mean_vesselness": 0.0025531126496105344, "p90_vesselness": 0.0074408682105812415, "skeleton_len_per_area": 0.0009627797840233073, "branchpoint_density": 0.00021116461099189942, "tortuosity_mean": 1.4137537682059793}