{"filename": "134.jpg", "glare_frac": 0.006241480549439027, "R_norm_p50": 0.3890063464641571, "a_mean": 27.000154495239258, "R_p50": 164.0, "R_p10": 79.0, "RG": 1.545102834701538, "S_p50": 0.3333333432674408, "gray_p90": 152.0, "gray_kurt": 3.7511329650878906, "gray_std": 32.962772369384766, "gray_mean": 118.28485870361328, "B_mean": 133.25250244140625, "B_p10": 68.0, "B_p75": 163.0, "G_kurt": 2.88561749458313, "vessel_area_fraction": 0.00039014714620250955, "mean_vesselness": 0.01612554935314852, "p90_vesselness": 0.04927291193475856, "skeleton_len_per_area": 0.00019223375624759708, "branchpoint_density": 4.849533396246199e-05, "tortuosity_mean": 1.5840248285213578}