{"filename": "34.jpg", "glare_frac": 0.006333952427014553, "R_norm_p50": 0.3973941504955292, "a_mean": 28.248533248901367, "R_p50": 188.0, "R_p10": 150.0, "RG": 1.5196703672409058, "S_p50": 0.32156863808631897, "gray_p90": 191.0, "gray_kurt": 2.2028300762176514, "gray_std": 36.55611038208008, "gray_mean": 141.93753051757812, "B_mean": 145.04974365234375, "B_p10": 77.0, "B_p75": 182.0, "G_kurt": 2.1202428340911865, "vessel_area_fraction": 0.0001468595127655851, "mean_vesselness": 0.0023755327165761366, "p90_vesselness": 0.006123970845867841, "skeleton_len_per_area": 5.9015139079011095e-05, "branchpoint_density": 0.0, "tortuosity_mean": 0.8822801338744292}