{"filename": "19.jpg", "glare_frac": 0.04251701571824242, "R_norm_p50": 0.37064221501350403, "a_mean": 18.894804000854492, "R_p50": 193.0, "R_p10": 113.0, "RG": 1.2781034708023071, "S_p50": 0.239215686917305, "gray_p90": 205.0, "gray_kurt": 2.134772300720215, "gray_std": 37.95490646362305, "gray_mean": 152.4725341796875, "B_mean": 161.60150146484375, "B_p10": 103.0, "B_p75": 192.0, "G_kurt": 2.0800509452819824, "vessel_area_fraction": 1.7183181451483723e-05, "mean_vesselness": 0.0014835738672437742, "p90_vesselness": 0.0038694582528204565, "skeleton_len_per_area": 5.824807271689398e-06, "branchpoint_density": 0.0, "tortuosity_mean": 0.7856742010097442}