{"filename": "61.jpg", "glare_frac": 0.026591392570774013, "R_norm_p50": 0.38532111048698425, "a_mean": 24.060216903686523, "R_p50": 200.0, "R_p10": 149.0, "RG": 1.3819364309310913, "S_p50": 0.27843138575553894, "gray_p90": 198.0, "gray_kurt": 3.3273677825927734, "gray_std": 35.281036376953125, "gray_mean": 156.8598175048828, "B_mean": 161.97776794433594, "B_p10": 102.0, "B_p75": 194.0, "G_kurt": 2.6598548889160156, "vessel_area_fraction": 0.0001285102416881888, "mean_vesselness": 0.0021292739616464037, "p90_vesselness": 0.005569344755742016, "skeleton_len_per_area": 6.069774391154938e-05, "branchpoint_density": 2.668032699408764e-06, "tortuosity_mean": 1.0592484528517385}