{"filename": "206.jpg", "glare_frac": 0.005709934633108339, "R_norm_p50": 0.382488489151001, "a_mean": 23.607654571533203, "R_p50": 164.0, "R_p10": 90.0, "RG": 1.4167945384979248, "S_p50": 0.30980393290519714, "gray_p90": 178.0, "gray_kurt": 3.0005223751068115, "gray_std": 35.77729415893555, "gray_mean": 126.299560546875, "B_mean": 141.889404296875, "B_p10": 86.0, "B_p75": 166.0, "G_kurt": 3.2420525550842285, "vessel_area_fraction": 0.002471669476944549, "mean_vesselness": 0.004195720523774417, "p90_vesselness": 0.011986464659451426, "skeleton_len_per_area": 0.000887343092818236, "branchpoint_density": 0.00015727243194744523, "tortuosity_mean": 1.3519179249465276}