{"filename": "122.jpg", "glare_frac": 0.15540083597624915, "R_norm_p50": 0.3650485575199127, "a_mean": 18.51557731628418, "R_p50": 186.0, "R_p10": 149.0, "RG": 1.2460650205612183, "S_p50": 0.21568627655506134, "gray_p90": 210.0, "gray_kurt": 2.2705302238464355, "gray_std": 41.24330139160156, "gray_mean": 159.7602996826172, "B_mean": 171.7830047607422, "B_p10": 96.0, "B_p75": 218.0, "G_kurt": 2.08846378326416, "vessel_area_fraction": 8.724838691000791e-05, "mean_vesselness": 0.0009056414003792355, "p90_vesselness": 0.002208251009879898, "skeleton_len_per_area": 3.65880332203259e-05, "branchpoint_density": 1.6082651964978418e-06, "tortuosity_mean": 1.3885257342095019}