{"filename": "132.jpg", "glare_frac": 0.046973870845718226, "R_norm_p50": 0.36451613903045654, "a_mean": 22.274497985839844, "R_p50": 168.0, "R_p10": 105.0, "RG": 1.3412915468215942, "S_p50": 0.2705882489681244, "gray_p90": 199.0, "gray_kurt": 2.078737258911133, "gray_std": 46.09461975097656, "gray_mean": 135.9674530029297, "B_mean": 154.9461212158203, "B_p10": 74.0, "B_p75": 203.0, "G_kurt": 1.8520500659942627, "vessel_area_fraction": 0.0002792860490137196, "mean_vesselness": 0.002868275888055201, "p90_vesselness": 0.00766383477159205, "skeleton_len_per_area": 0.00011175370034374574, "branchpoint_density": 2.160440604184891e-06, "tortuosity_mean": 1.0010418298435904}