{"filename": "40.jpg", "glare_frac": 0.032554812253028545, "R_norm_p50": 0.4004576802253723, "a_mean": 22.995079040527344, "R_p50": 198.0, "R_p10": 156.0, "RG": 1.3840545415878296, "S_p50": 0.3019607961177826, "gray_p90": 204.0, "gray_kurt": 2.125908374786377, "gray_std": 38.71732711791992, "gray_mean": 155.6128387451172, "B_mean": 152.804443359375, "B_p10": 85.0, "B_p75": 198.0, "G_kurt": 1.9128260612487793, "vessel_area_fraction": 0.00024146775316341297, "mean_vesselness": 0.0020263905921816643, "p90_vesselness": 0.004678301706204719, "skeleton_len_per_area": 0.00011169621595466895, "branchpoint_density": 1.6221442151093002e-06, "tortuosity_mean": 1.17812656086946}