{"filename": "10.jpg", "glare_frac": 0.009750622235899032, "R_norm_p50": 0.3743016719818115, "a_mean": 18.508243560791016, "R_p50": 201.0, "R_p10": 177.0, "RG": 1.2553712129592896, "S_p50": 0.21568627655506134, "gray_p90": 199.0, "gray_kurt": 2.662022113800049, "gray_std": 23.171476364135742, "gray_mean": 170.49522399902344, "B_mean": 177.2259521484375, "B_p10": 136.0, "B_p75": 203.0, "G_kurt": 2.244882106781006, "vessel_area_fraction": 0.0052266636483362045, "mean_vesselness": 0.015430570061801313, "p90_vesselness": 0.04658057469777269, "skeleton_len_per_area": 0.002249009905075865, "branchpoint_density": 0.0005134698892060494, "tortuosity_mean": 1.4510763363401766}