{"filename": "91.jpg", "glare_frac": 0.027228172408521507, "R_norm_p50": 0.38832998275756836, "a_mean": 25.586288452148438, "R_p50": 188.0, "R_p10": 153.0, "RG": 1.4272969961166382, "S_p50": 0.29019609093666077, "gray_p90": 194.0, "gray_kurt": 2.2796852588653564, "gray_std": 32.716468811035156, "gray_mean": 148.95652770996094, "B_mean": 155.41458129882812, "B_p10": 98.0, "B_p75": 185.0, "G_kurt": 2.243825912475586, "vessel_area_fraction": 0.0022019329219804037, "mean_vesselness": 0.008088970820814346, "p90_vesselness": 0.024430749891611637, "skeleton_len_per_area": 0.0008422329192825861, "branchpoint_density": 0.00017882675772442952, "tortuosity_mean": 1.392499125569032}