{"filename": "163.jpg", "glare_frac": 0.010752738032149796, "R_norm_p50": 0.36102235317230225, "a_mean": 17.377700805664062, "R_p50": 157.0, "R_p10": 84.0, "RG": 1.2588392496109009, "S_p50": 0.250980406999588, "gray_p90": 189.0, "gray_kurt": 2.3020176887512207, "gray_std": 42.947967529296875, "gray_mean": 128.489501953125, "B_mean": 145.3880157470703, "B_p10": 73.0, "B_p75": 183.0, "G_kurt": 2.146059274673462, "vessel_area_fraction": 0.00231120826709062, "mean_vesselness": 0.008643662713234437, "p90_vesselness": 0.025690404582717947, "skeleton_len_per_area": 0.0008702084437378555, "branchpoint_density": 0.00015015015015015014, "tortuosity_mean": 1.3431533745610829}