{"filename": "102.jpg", "glare_frac": 0.030630499783107144, "R_norm_p50": 0.3960177004337311, "a_mean": 22.50518226623535, "R_p50": 181.0, "R_p10": 114.0, "RG": 1.383872389793396, "S_p50": 0.30588236451148987, "gray_p90": 200.0, "gray_kurt": 2.099757671356201, "gray_std": 38.491580963134766, "gray_mean": 141.25384521484375, "B_mean": 146.78028869628906, "B_p10": 87.0, "B_p75": 178.0, "G_kurt": 2.1219916343688965, "vessel_area_fraction": 0.00031178347896139305, "mean_vesselness": 0.002266403231817232, "p90_vesselness": 0.0057451581262331665, "skeleton_len_per_area": 0.00014059304703476484, "branchpoint_density": 1.3555803433104047e-06, "tortuosity_mean": 0.9886262419656026}