{"filename": "15.jpg", "glare_frac": 0.07991533712329604, "R_norm_p50": 0.3544776141643524, "a_mean": 14.428101539611816, "R_p50": 192.0, "R_p10": 156.0, "RG": 1.188437581062317, "S_p50": 0.16862745583057404, "gray_p90": 206.0, "gray_kurt": 2.1734321117401123, "gray_std": 31.901512145996094, "gray_mean": 167.2647705078125, "B_mean": 173.9400177001953, "B_p10": 118.0, "B_p75": 208.0, "G_kurt": 2.0145699977874756, "vessel_area_fraction": 0.0034335839598997496, "mean_vesselness": 0.0038289523683498745, "p90_vesselness": 0.01120526892539793, "skeleton_len_per_area": 0.0012852252582676203, "branchpoint_density": 0.0002380952380952381, "tortuosity_mean": 1.3267993597363463}