{"filename": "83.jpg", "glare_frac": 0.02183534573834805, "R_norm_p50": 0.4020618498325348, "a_mean": 26.817596435546875, "R_p50": 181.0, "R_p10": 149.0, "RG": 1.4893243312835693, "S_p50": 0.3294117748737335, "gray_p90": 194.0, "gray_kurt": 2.103146553039551, "gray_std": 36.282318115234375, "gray_mean": 139.6099395751953, "B_mean": 143.65158081054688, "B_p10": 84.0, "B_p75": 182.0, "G_kurt": 1.973090410232544, "vessel_area_fraction": 0.0029582122538242633, "mean_vesselness": 0.0033041578132758285, "p90_vesselness": 0.009931598189471128, "skeleton_len_per_area": 0.0012214870759905403, "branchpoint_density": 0.0002999535332098842, "tortuosity_mean": 1.5451361440124491}