{"filename": "119.jpg", "glare_frac": 0.017116604955174836, "R_norm_p50": 0.3891509473323822, "a_mean": 28.119491577148438, "R_p50": 191.0, "R_p10": 162.0, "RG": 1.4712201356887817, "S_p50": 0.30588236451148987, "gray_p90": 197.0, "gray_kurt": 2.0792152881622314, "gray_std": 36.90126037597656, "gray_mean": 149.11180114746094, "B_mean": 157.26356506347656, "B_p10": 82.0, "B_p75": 200.0, "G_kurt": 2.018171548843384, "vessel_area_fraction": 0.0002568666436488755, "mean_vesselness": 0.0018742871347923614, "p90_vesselness": 0.004850333814597192, "skeleton_len_per_area": 0.00012203397902206137, "branchpoint_density": 2.0835069589132426e-06, "tortuosity_mean": 1.1166229332420976}