{"filename": "74.jpg", "glare_frac": 0.006501292061463225, "R_norm_p50": 0.40058478713035583, "a_mean": 26.228803634643555, "R_p50": 193.0, "R_p10": 141.0, "RG": 1.4811123609542847, "S_p50": 0.30980393290519714, "gray_p90": 190.0, "gray_kurt": 2.3217861652374268, "gray_std": 36.41543960571289, "gray_mean": 143.9826202392578, "B_mean": 142.61061096191406, "B_p10": 80.0, "B_p75": 181.0, "G_kurt": 1.9929780960083008, "vessel_area_fraction": 0.0001719275334129873, "mean_vesselness": 0.0009075817802554504, "p90_vesselness": 0.0022133455679436893, "skeleton_len_per_area": 8.058017727639001e-05, "branchpoint_density": 3.473283503292673e-07, "tortuosity_mean": 1.0848640100369447}