{"filename": "56.jpg", "glare_frac": 0.0751179616004707, "R_norm_p50": 0.3844011127948761, "a_mean": 22.431310653686523, "R_p50": 193.0, "R_p10": 141.0, "RG": 1.3589515686035156, "S_p50": 0.2666666805744171, "gray_p90": 213.0, "gray_kurt": 2.1400930881500244, "gray_std": 41.07423782348633, "gray_mean": 155.50083923339844, "B_mean": 157.8600616455078, "B_p10": 93.0, "B_p75": 195.0, "G_kurt": 2.050848960876465, "vessel_area_fraction": 0.0003457370869541392, "mean_vesselness": 0.003459547009703197, "p90_vesselness": 0.009585674753491223, "skeleton_len_per_area": 0.00013321152620391494, "branchpoint_density": 7.210366776937209e-06, "tortuosity_mean": 1.076920083501225}