{"filename": "30.jpg", "glare_frac": 0.11582753980713165, "R_norm_p50": 0.39840638637542725, "a_mean": 22.54301643371582, "R_p50": 197.0, "R_p10": 166.0, "RG": 1.3259460926055908, "S_p50": 0.3019607961177826, "gray_p90": 207.0, "gray_kurt": 2.1355504989624023, "gray_std": 31.555185317993164, "gray_mean": 162.39813232421875, "B_mean": 171.24855041503906, "B_p10": 122.0, "B_p75": 214.0, "G_kurt": 1.9927582740783691, "vessel_area_fraction": 0.0005151098901098901, "mean_vesselness": 0.0035673659854705284, "p90_vesselness": 0.009220965830302557, "skeleton_len_per_area": 0.00022356470060551692, "branchpoint_density": 0.0, "tortuosity_mean": 1.0031610204730297}