{"filename": "123.jpg", "glare_frac": 0.10631475554844058, "R_norm_p50": 0.386892169713974, "a_mean": 22.781597137451172, "R_p50": 194.0, "R_p10": 163.0, "RG": 1.3515050411224365, "S_p50": 0.27450981736183167, "gray_p90": 212.0, "gray_kurt": 2.1884703636169434, "gray_std": 38.49418640136719, "gray_mean": 158.69032287597656, "B_mean": 162.22325134277344, "B_p10": 93.0, "B_p75": 210.0, "G_kurt": 2.0456151962280273, "vessel_area_fraction": 0.0005477554575436949, "mean_vesselness": 0.004118510061505971, "p90_vesselness": 0.010792093520635291, "skeleton_len_per_area": 0.00022113718781330594, "branchpoint_density": 8.479186649283204e-06, "tortuosity_mean": 1.0467790465682478}