{"filename": "156.jpg", "glare_frac": 0.09715622896589564, "R_norm_p50": 0.3558441698551178, "a_mean": 19.839014053344727, "R_p50": 174.0, "R_p10": 71.0, "RG": 1.2742061614990234, "S_p50": 0.2705882489681244, "gray_p90": 206.0, "gray_kurt": 2.3788280487060547, "gray_std": 43.542362213134766, "gray_mean": 140.44223022460938, "B_mean": 160.69374084472656, "B_p10": 97.0, "B_p75": 192.0, "G_kurt": 2.1609721183776855, "vessel_area_fraction": 0.0008937999036618083, "mean_vesselness": 0.002449054821965177, "p90_vesselness": 0.00668480904077786, "skeleton_len_per_area": 0.0003162093792566647, "branchpoint_density": 2.4323798404358825e-05, "tortuosity_mean": 1.1026847126115624}