{"filename": "50.jpg", "glare_frac": 0.022063383695964063, "R_norm_p50": 0.3987068831920624, "a_mean": 22.803062438964844, "R_p50": 195.0, "R_p10": 126.0, "RG": 1.3892021179199219, "S_p50": 0.3137255012989044, "gray_p90": 200.0, "gray_kurt": 2.68949818611145, "gray_std": 42.04787826538086, "gray_mean": 147.8212432861328, "B_mean": 148.92898559570312, "B_p10": 74.0, "B_p75": 187.0, "G_kurt": 2.164696455001831, "vessel_area_fraction": 4.49206961718464e-05, "mean_vesselness": 0.0019325696364370561, "p90_vesselness": 0.005288958227670893, "skeleton_len_per_area": 1.8403633233399625e-05, "branchpoint_density": 0.0, "tortuosity_mean": 0.8477975176881505}