{"filename": "144.jpg", "glare_frac": 0.10400413176048813, "R_norm_p50": 0.3580246865749359, "a_mean": 23.21360206604004, "R_p50": 178.0, "R_p10": 127.0, "RG": 1.342518925666809, "S_p50": 0.2666666805744171, "gray_p90": 204.0, "gray_kurt": 1.9816970825195312, "gray_std": 44.513240814208984, "gray_mean": 144.64088439941406, "B_mean": 162.68710327148438, "B_p10": 86.0, "B_p75": 210.0, "G_kurt": 1.8664675951004028, "vessel_area_fraction": 0.0002662680571728716, "mean_vesselness": 0.0033002428023747167, "p90_vesselness": 0.008554290747415382, "skeleton_len_per_area": 9.339732335267257e-05, "branchpoint_density": 5.141137065284729e-06, "tortuosity_mean": 1.0373544624585564}