{"filename": "88.jpg", "glare_frac": 0.16108139321651666, "R_norm_p50": 0.361623615026474, "a_mean": 19.637950897216797, "R_p50": 182.0, "R_p10": 146.0, "RG": 1.2741707563400269, "S_p50": 0.21568627655506134, "gray_p90": 212.0, "gray_kurt": 1.998317837715149, "gray_std": 44.48683547973633, "gray_mean": 155.92306518554688, "B_mean": 166.70614624023438, "B_p10": 88.0, "B_p75": 221.0, "G_kurt": 1.8145657777786255, "vessel_area_fraction": 0.00018679354972122404, "mean_vesselness": 0.0023889399622315888, "p90_vesselness": 0.006225932045500963, "skeleton_len_per_area": 7.559530080101755e-05, "branchpoint_density": 1.4631348542132431e-06, "tortuosity_mean": 0.9961112122972813}