{"filename": "152.jpg", "glare_frac": 0.005342990488496936, "R_norm_p50": 0.4077448844909668, "a_mean": 29.932756423950195, "R_p50": 170.0, "R_p10": 123.0, "RG": 1.6070863008499146, "S_p50": 0.3921568691730499, "gray_p90": 164.0, "gray_kurt": 2.990708112716675, "gray_std": 29.606781005859375, "gray_mean": 122.86714172363281, "B_mean": 136.08070373535156, "B_p10": 88.0, "B_p75": 160.0, "G_kurt": 3.2170772552490234, "vessel_area_fraction": 0.004164976512967499, "mean_vesselness": 0.006689688433026067, "p90_vesselness": 0.019219615766280167, "skeleton_len_per_area": 0.0015260635592085888, "branchpoint_density": 0.00033238987817254265, "tortuosity_mean": 1.3985269701901313}