{"filename": "195.jpg", "glare_frac": 0.010323939211823861, "R_norm_p50": 0.36832061409950256, "a_mean": 22.32679557800293, "R_p50": 193.0, "R_p10": 127.0, "RG": 1.3268979787826538, "S_p50": 0.250980406999588, "gray_p90": 195.0, "gray_kurt": 2.952658176422119, "gray_std": 39.03727340698242, "gray_mean": 150.4378662109375, "B_mean": 166.2384490966797, "B_p10": 98.0, "B_p75": 201.0, "G_kurt": 2.2973785400390625, "vessel_area_fraction": 0.004080297096632349, "mean_vesselness": 0.011070790625462575, "p90_vesselness": 0.03274719884886368, "skeleton_len_per_area": 0.0015066722045698952, "branchpoint_density": 0.00032346105200784935, "tortuosity_mean": 1.403947520498332}