{"filename": "148.jpg", "glare_frac": 0.05630325035438064, "R_norm_p50": 0.3467230498790741, "a_mean": 15.00717544555664, "R_p50": 155.0, "R_p10": 60.0, "RG": 1.2018927335739136, "S_p50": 0.250980406999588, "gray_p90": 199.0, "gray_kurt": 1.999764084815979, "gray_std": 49.767578125, "gray_mean": 127.97785949707031, "B_mean": 145.7931671142578, "B_p10": 67.0, "B_p75": 194.0, "G_kurt": 1.8471753597259521, "vessel_area_fraction": 0.0006659869190022631, "mean_vesselness": 0.001968848945700455, "p90_vesselness": 0.005292427561495581, "skeleton_len_per_area": 0.0002474447290542389, "branchpoint_density": 3.431896744671856e-05, "tortuosity_mean": 1.1814742272339356}