{"filename": "7.jpg", "glare_frac": 0.16975745969588715, "R_norm_p50": 0.3537549376487732, "a_mean": 14.91612720489502, "R_p50": 193.0, "R_p10": 170.0, "RG": 1.1788842678070068, "S_p50": 0.16078431904315948, "gray_p90": 214.0, "gray_kurt": 1.9604440927505493, "gray_std": 33.460289001464844, "gray_mean": 174.38442993164062, "B_mean": 184.32276916503906, "B_p10": 125.0, "B_p75": 221.0, "G_kurt": 1.9395676851272583, "vessel_area_fraction": 0.00010376591554456352, "mean_vesselness": 0.0020394881945960575, "p90_vesselness": 0.00551324812454217, "skeleton_len_per_area": 5.367202528167079e-05, "branchpoint_density": 1.4312540075112211e-06, "tortuosity_mean": 1.1233545361488775}