{"filename": "53.jpg", "glare_frac": 0.007053039048479902, "R_norm_p50": 0.4070248007774353, "a_mean": 29.83146858215332, "R_p50": 186.0, "R_p10": 161.0, "RG": 1.560570240020752, "S_p50": 0.3529411852359772, "gray_p90": 176.0, "gray_kurt": 3.005131244659424, "gray_std": 26.847576141357422, "gray_mean": 140.30218505859375, "B_mean": 144.83753967285156, "B_p10": 101.0, "B_p75": 167.0, "G_kurt": 3.0251994132995605, "vessel_area_fraction": 0.0005351013248106792, "mean_vesselness": 0.002831258649190518, "p90_vesselness": 0.006178937323120501, "skeleton_len_per_area": 0.0002313669577367371, "branchpoint_density": 0.0, "tortuosity_mean": 0.8633101062921468}