{"filename": "54.jpg", "glare_frac": 0.05230033124769967, "R_norm_p50": 0.39308175444602966, "a_mean": 25.48630142211914, "R_p50": 197.0, "R_p10": 146.0, "RG": 1.445379614830017, "S_p50": 0.29411765933036804, "gray_p90": 210.0, "gray_kurt": 1.9919184446334839, "gray_std": 42.957847595214844, "gray_mean": 150.89149475097656, "B_mean": 147.3825225830078, "B_p10": 71.0, "B_p75": 194.0, "G_kurt": 1.8946295976638794, "vessel_area_fraction": 0.00040535566851356323, "mean_vesselness": 0.0031336688981092515, "p90_vesselness": 0.008157061911323026, "skeleton_len_per_area": 0.00016363437416068994, "branchpoint_density": 1.740791214475425e-06, "tortuosity_mean": 0.8720363437301409}