{"filename": "55.jpg", "glare_frac": 0.01614788569157919, "R_norm_p50": 0.389413982629776, "a_mean": 25.4854793548584, "R_p50": 198.0, "R_p10": 116.0, "RG": 1.4377715587615967, "S_p50": 0.2862745225429535, "gray_p90": 198.0, "gray_kurt": 2.5349550247192383, "gray_std": 43.35379409790039, "gray_mean": 147.78782653808594, "B_mean": 151.10830688476562, "B_p10": 67.0, "B_p75": 196.0, "G_kurt": 2.001265048980713, "vessel_area_fraction": 0.0005498710406157672, "mean_vesselness": 0.0018073666489180045, "p90_vesselness": 0.004488765265987655, "skeleton_len_per_area": 0.00023529108763719182, "branchpoint_density": 3.311367926090268e-06, "tortuosity_mean": 1.0053615894165913}