{"filename": "217.jpg", "glare_frac": 0.0376676245210728, "R_norm_p50": 0.3544776141643524, "a_mean": 15.682673454284668, "R_p50": 171.0, "R_p10": 53.0, "RG": 1.2218961715698242, "S_p50": 0.24705882370471954, "gray_p90": 201.0, "gray_kurt": 2.072051525115967, "gray_std": 52.84981918334961, "gray_mean": 134.65621948242188, "B_mean": 150.03334045410156, "B_p10": 63.0, "B_p75": 196.0, "G_kurt": 1.8979079723358154, "vessel_area_fraction": 0.00014516156376089242, "mean_vesselness": 0.001988943968794455, "p90_vesselness": 0.005129885961150056, "skeleton_len_per_area": 5.509781982165259e-05, "branchpoint_density": 1.4834028413521852e-06, "tortuosity_mean": 1.0444297097531452}