{"filename": "51.jpg", "glare_frac": 0.0214906506956416, "R_norm_p50": 0.4031311273574829, "a_mean": 28.392887115478516, "R_p50": 196.0, "R_p10": 163.0, "RG": 1.5018880367279053, "S_p50": 0.33725491166114807, "gray_p90": 207.0, "gray_kurt": 2.1675026416778564, "gray_std": 37.886775970458984, "gray_mean": 149.8634490966797, "B_mean": 150.3318634033203, "B_p10": 84.0, "B_p75": 187.0, "G_kurt": 2.0765326023101807, "vessel_area_fraction": 0.004700374508988175, "mean_vesselness": 0.0061810503312065375, "p90_vesselness": 0.018546195346010538, "skeleton_len_per_area": 0.0017690456059957225, "branchpoint_density": 0.0004127773080656686, "tortuosity_mean": 1.4267669075783322}