{"filename": "127.jpg", "glare_frac": 0.037439412490736936, "R_norm_p50": 0.3418259024620056, "a_mean": 13.31985092163086, "R_p50": 179.0, "R_p10": 109.0, "RG": 1.1388275623321533, "S_p50": 0.1882352977991104, "gray_p90": 198.0, "gray_kurt": 2.981147050857544, "gray_std": 42.79910659790039, "gray_mean": 154.87420654296875, "B_mean": 174.26780700683594, "B_p10": 97.0, "B_p75": 212.0, "G_kurt": 2.371833324432373, "vessel_area_fraction": 0.0031117309090520503, "mean_vesselness": 0.0038094728614085044, "p90_vesselness": 0.011157177107012703, "skeleton_len_per_area": 0.0012007557589216174, "branchpoint_density": 0.0002774294496909436, "tortuosity_mean": 1.4752435686841172}