{"filename": "37.jpg", "glare_frac": 0.04921618225919898, "R_norm_p50": 0.4077448844909668, "a_mean": 27.33689308166504, "R_p50": 186.0, "R_p10": 158.0, "RG": 1.4703834056854248, "S_p50": 0.35686275362968445, "gray_p90": 203.0, "gray_kurt": 2.3360328674316406, "gray_std": 38.697574615478516, "gray_mean": 146.50421142578125, "B_mean": 152.11709594726562, "B_p10": 91.0, "B_p75": 194.0, "G_kurt": 2.123704671859741, "vessel_area_fraction": 0.0035163695143429273, "mean_vesselness": 0.00454527412810333, "p90_vesselness": 0.013314646651947804, "skeleton_len_per_area": 0.00125362586459356, "branchpoint_density": 0.00025749902103975784, "tortuosity_mean": 1.4295752631141636}