{"filename": "112.jpg", "glare_frac": 0.018422451991344013, "R_norm_p50": 0.3923541307449341, "a_mean": 24.744186401367188, "R_p50": 193.0, "R_p10": 154.0, "RG": 1.4057695865631104, "S_p50": 0.3019607961177826, "gray_p90": 201.0, "gray_kurt": 2.182141065597534, "gray_std": 36.222904205322266, "gray_mean": 151.86642456054688, "B_mean": 156.78501892089844, "B_p10": 91.0, "B_p75": 190.0, "G_kurt": 2.0204997062683105, "vessel_area_fraction": 6.649865293725247e-05, "mean_vesselness": 0.0015023428488632209, "p90_vesselness": 0.0035814419718587574, "skeleton_len_per_area": 2.650645606589784e-05, "branchpoint_density": 1.6275894075551305e-06, "tortuosity_mean": 0.9991264046336987}