{"filename": "151.jpg", "glare_frac": 0.008441942766042404, "R_norm_p50": 0.3764044940471649, "a_mean": 22.484703063964844, "R_p50": 174.0, "R_p10": 86.0, "RG": 1.389256477355957, "S_p50": 0.29019609093666077, "gray_p90": 192.0, "gray_kurt": 2.441059112548828, "gray_std": 43.517513275146484, "gray_mean": 131.20294189453125, "B_mean": 143.53973388671875, "B_p10": 73.0, "B_p75": 182.0, "G_kurt": 2.1899843215942383, "vessel_area_fraction": 0.0006644370514927719, "mean_vesselness": 0.010799003815346498, "p90_vesselness": 0.03238307414998361, "skeleton_len_per_area": 0.0002822452351872569, "branchpoint_density": 5.8648360558391044e-05, "tortuosity_mean": 1.3894847535564392}