{"filename": "75.jpg", "glare_frac": 0.16411995298199164, "R_norm_p50": 0.36775362491607666, "a_mean": 18.84433364868164, "R_p50": 191.0, "R_p10": 138.0, "RG": 1.2690448760986328, "S_p50": 0.21568627655506134, "gray_p90": 214.0, "gray_kurt": 1.9852573871612549, "gray_std": 44.33427047729492, "gray_mean": 157.5657196044922, "B_mean": 164.68382263183594, "B_p10": 89.0, "B_p75": 216.0, "G_kurt": 1.871031641960144, "vessel_area_fraction": 0.00037916828338620956, "mean_vesselness": 0.0019038516918581804, "p90_vesselness": 0.004829022279378501, "skeleton_len_per_area": 0.00016376417958140278, "branchpoint_density": 3.70894483372515e-06, "tortuosity_mean": 1.0060162872756215}