{"filename": "39.jpg", "glare_frac": 0.012655565682671671, "R_norm_p50": 0.40219780802726746, "a_mean": 27.628398895263672, "R_p50": 190.0, "R_p10": 152.0, "RG": 1.501792073249817, "S_p50": 0.32549020648002625, "gray_p90": 197.0, "gray_kurt": 1.9975814819335938, "gray_std": 36.57406997680664, "gray_mean": 145.21414184570312, "B_mean": 144.60060119628906, "B_p10": 78.0, "B_p75": 184.0, "G_kurt": 2.0069782733917236, "vessel_area_fraction": 0.0004544716766758643, "mean_vesselness": 0.001893319388310753, "p90_vesselness": 0.004422383478690099, "skeleton_len_per_area": 0.000206981606105125, "branchpoint_density": 3.6069180688560657e-06, "tortuosity_mean": 1.0900439610508916}