{"filename": "168.jpg", "glare_frac": 0.024615030741590358, "R_norm_p50": 0.35683760046958923, "a_mean": 15.412324905395508, "R_p50": 163.0, "R_p10": 90.0, "RG": 1.218509554862976, "S_p50": 0.21960784494876862, "gray_p90": 189.0, "gray_kurt": 2.346928119659424, "gray_std": 39.7566032409668, "gray_mean": 135.24600219726562, "B_mean": 149.7820587158203, "B_p10": 88.0, "B_p75": 181.0, "G_kurt": 2.378359794616699, "vessel_area_fraction": 0.00022295353241473086, "mean_vesselness": 0.0015325548142479544, "p90_vesselness": 0.003648045690794505, "skeleton_len_per_area": 8.731640242858281e-05, "branchpoint_density": 3.956082957929318e-06, "tortuosity_mean": 1.0221377615572693}