{"filename": "146.jpg", "glare_frac": 0.059617843794747494, "R_norm_p50": 0.34742647409439087, "a_mean": 15.484572410583496, "R_p50": 169.0, "R_p10": 68.0, "RG": 1.2029415369033813, "S_p50": 0.2235294133424759, "gray_p90": 199.0, "gray_kurt": 2.030869722366333, "gray_std": 47.301326751708984, "gray_mean": 136.16725158691406, "B_mean": 153.55178833007812, "B_p10": 83.0, "B_p75": 195.0, "G_kurt": 1.9832305908203125, "vessel_area_fraction": 0.00035548551036883015, "mean_vesselness": 0.001382612940418409, "p90_vesselness": 0.0031109785274528786, "skeleton_len_per_area": 0.00015198629849320086, "branchpoint_density": 2.3204015037129903e-06, "tortuosity_mean": 0.9884338151713569}