{"filename": "157.jpg", "glare_frac": 0.027817429106504196, "R_norm_p50": 0.3691931664943695, "a_mean": 17.512441635131836, "R_p50": 158.0, "R_p10": 95.0, "RG": 1.2697926759719849, "S_p50": 0.250980406999588, "gray_p90": 193.0, "gray_kurt": 2.19783616065979, "gray_std": 40.861839294433594, "gray_mean": 129.68565368652344, "B_mean": 143.07015991210938, "B_p10": 83.0, "B_p75": 184.0, "G_kurt": 2.129181146621704, "vessel_area_fraction": 0.00029725350382778676, "mean_vesselness": 0.0020028053678981463, "p90_vesselness": 0.005072089578865026, "skeleton_len_per_area": 0.00011290675164345805, "branchpoint_density": 7.887697220600862e-06, "tortuosity_mean": 1.1013191520820584}