{"filename": "197.jpg", "glare_frac": 0.005859479978500403, "R_norm_p50": 0.3708333373069763, "a_mean": 19.68444061279297, "R_p50": 180.0, "R_p10": 155.0, "RG": 1.2842835187911987, "S_p50": 0.23137255012989044, "gray_p90": 186.0, "gray_kurt": 3.207401752471924, "gray_std": 24.09988021850586, "gray_mean": 152.9242706298828, "B_mean": 165.3760986328125, "B_p10": 131.0, "B_p75": 183.0, "G_kurt": 3.119020938873291, "vessel_area_fraction": 0.0035642300456866435, "mean_vesselness": 0.006470320027994617, "p90_vesselness": 0.01898298239551872, "skeleton_len_per_area": 0.001431906745498522, "branchpoint_density": 0.00029226014512227896, "tortuosity_mean": 1.3529236880348798}