{"filename": "4.jpg", "glare_frac": 0.005277067032545951, "R_norm_p50": 0.37117117643356323, "a_mean": 18.202056884765625, "R_p50": 184.0, "R_p10": 129.0, "RG": 1.271728754043579, "S_p50": 0.23529411852359772, "gray_p90": 192.0, "gray_kurt": 2.2225003242492676, "gray_std": 31.708894729614258, "gray_mean": 150.63336181640625, "B_mean": 158.43617248535156, "B_p10": 108.0, "B_p75": 189.0, "G_kurt": 1.9744492769241333, "vessel_area_fraction": 0.00010358339204706987, "mean_vesselness": 0.0014431874080922979, "p90_vesselness": 0.0036494787590227325, "skeleton_len_per_area": 4.004894871509623e-05, "branchpoint_density": 0.0, "tortuosity_mean": 0.8149095902948353}