{"filename": "203.jpg", "glare_frac": 0.009425069986669914, "R_norm_p50": 0.3531745970249176, "a_mean": 17.54436492919922, "R_p50": 169.0, "R_p10": 88.0, "RG": 1.2285438776016235, "S_p50": 0.2549019753932953, "gray_p90": 199.0, "gray_kurt": 2.262486219406128, "gray_std": 43.297019958496094, "gray_mean": 141.06982421875, "B_mean": 161.2692108154297, "B_p10": 100.0, "B_p75": 201.0, "G_kurt": 1.9083292484283447, "vessel_area_fraction": 0.0008207899725212714, "mean_vesselness": 0.00161845187690493, "p90_vesselness": 0.004409703472790663, "skeleton_len_per_area": 0.0003065870069617079, "branchpoint_density": 1.8355532779260826e-05, "tortuosity_mean": 1.1174013675791574}