{"filename": "170.jpg", "glare_frac": 0.0479729932374034, "R_norm_p50": 0.3804877996444702, "a_mean": 22.71010398864746, "R_p50": 160.0, "R_p10": 99.0, "RG": 1.3947656154632568, "S_p50": 0.2980392277240753, "gray_p90": 204.0, "gray_kurt": 1.65060555934906, "gray_std": 51.722434997558594, "gray_mean": 129.3025665283203, "B_mean": 141.00025939941406, "B_p10": 68.0, "B_p75": 204.0, "G_kurt": 1.5728477239608765, "vessel_area_fraction": 0.002347505309833439, "mean_vesselness": 0.006232866792624371, "p90_vesselness": 0.018770224458782507, "skeleton_len_per_area": 0.0008374859245108455, "branchpoint_density": 0.0001758584117122611, "tortuosity_mean": 1.418507927564088}