{"inference_id": "bd322181-73a2-4bd9-b7ac-8ceb47f02cf8", "time": 0.14237090999995416, "image": {"width": 2988, "height": 3984}, "predictions": [{"x": 1307.5, "y": 2633.0, "width": 2529.0, "height": 1320.0, "confidence": 0.7113481760025024, "class": "palpebral", "class_id": 2, "detection_id": "f447a7b9-b7d9-4dfc-bc97-3be810bae994"}, {"x": 1323.5, "y": 2282.5, "width": 2647.0, "height": 1515.0, "confidence": 0.6837097406387329, "class": "forniceal", "class_id": 0, "detection_id": "a4e40643-fad8-40ba-a07c-0372d0bb6182"}, {"x": 1311.0, "y": 2448.0, "width": 2584.0, "height": 1462.0, "confidence": 0.6138108968734741, "class": "forniceal_palpebral", "class_id": 1, "detection_id": "6b3a32e9-34f7-4010-8d6f-766f2f65acd1"}]}