{"inference_id": "3138fc1a-e357-4e65-9c6f-13e3622e79ec", "time": 0.14244118999999955, "image": {"width": 2988, "height": 3984}, "predictions": [{"x": 1091.0, "y": 2653.5, "width": 1998.0, "height": 849.0, "confidence": 0.7589789032936096, "class": "palpebral", "class_id": 2, "detection_id": "11c3add2-79b0-4ef7-95bf-e1f8c97c94ef"}, {"x": 1094.0, "y": 2341.5, "width": 2100.0, "height": 1375.0, "confidence": 0.7005541324615479, "class": "forniceal", "class_id": 0, "detection_id": "f9bf76ab-90d5-41b9-b52b-d2894ac07cd6"}]}