{"inference_id": "2d194020-c169-4384-a8ed-ae37c4a00a2d", "time": 0.14404783700001644, "image": {"width": 2988, "height": 3984}, "predictions": [{"x": 1459.5, "y": 2477.0, "width": 2509.0, "height": 914.0, "confidence": 0.6209025979042053, "class": "forniceal_palpebral", "class_id": 1, "detection_id": "8f85393d-787e-4aa3-898d-fd4f979520d7"}, {"x": 1458.5, "y": 2376.5, "width": 2545.0, "height": 931.0, "confidence": 0.43113473057746887, "class": "forniceal", "class_id": 0, "detection_id": "e423e518-1157-4aba-97a7-f100c0ef110c"}, {"x": 1462.5, "y": 2550.0, "width": 2387.0, "height": 778.0, "confidence": 0.3116200566291809, "class": "palpebral", "class_id": 2, "detection_id": "07f89904-d73a-4903-9385-c20fc2cfe662"}]}