{"inference_id": "000a069a-f105-41a0-a1d8-0a6aedae4581", "time": 0.14838821600005758, "image": {"width": 2988, "height": 3984}, "predictions": [{"x": 1481.5, "y": 2340.0, "width": 2715.0, "height": 2022.0, "confidence": 0.716263473033905, "class": "forniceal_palpebral", "class_id": 1, "detection_id": "e491d526-392f-43b6-bba3-3b64f6758cb6"}, {"x": 1475.0, "y": 2455.5, "width": 2648.0, "height": 1819.0, "confidence": 0.5931606292724609, "class": "palpebral", "class_id": 2, "detection_id": "b28f16c0-4156-4b2b-8e9a-048ae97ef473"}, {"x": 1544.0, "y": 2202.5, "width": 2782.0, "height": 1909.0, "confidence": 0.4055817425251007, "class": "forniceal", "class_id": 0, "detection_id": "2d313c4e-91e9-4fae-ad72-6fa35a589332"}]}