{"inference_id": "f39b77b0-a2eb-40b5-82aa-2ca6f13f9fae", "time": 0.1632286210001439, "image": {"width": 2988, "height": 3984}, "predictions": [{"x": 1562.5, "y": 2515.0, "width": 2851.0, "height": 1954.0, "confidence": 0.7315117120742798, "class": "forniceal_palpebral", "class_id": 1, "detection_id": "2eacd1af-a93b-4966-8de7-8e792adf5807"}, {"x": 1574.5, "y": 2634.0, "width": 2827.0, "height": 1758.0, "confidence": 0.5293224453926086, "class": "palpebral", "class_id": 2, "detection_id": "052962a9-1782-4aa7-abde-8a39d76f575d"}, {"x": 1564.5, "y": 2373.5, "width": 2847.0, "height": 1833.0, "confidence": 0.45415157079696655, "class": "forniceal", "class_id": 0, "detection_id": "0c87e365-420f-4ee2-9eee-bb7f2397f92f"}]}