{"inference_id": "a52c18ba-3303-4fe4-8a87-726f697df853", "time": 0.15303569600018818, "image": {"width": 2988, "height": 3984}, "predictions": [{"x": 1311.5, "y": 2514.0, "width": 2485.0, "height": 1352.0, "confidence": 0.7569368481636047, "class": "forniceal_palpebral", "class_id": 1, "detection_id": "9f8fe038-3005-4bc0-a556-63909c8ccaa6"}, {"x": 1313.0, "y": 2591.5, "width": 2470.0, "height": 1201.0, "confidence": 0.636016309261322, "class": "palpebral", "class_id": 2, "detection_id": "46dcb695-791b-40a0-8aa9-25589835a129"}, {"x": 1319.0, "y": 2372.5, "width": 2532.0, "height": 1297.0, "confidence": 0.5817323327064514, "class": "forniceal", "class_id": 0, "detection_id": "fcc4d515-4a34-41f1-8940-fc3b3228626b"}]}