{"inference_id": "2032dbc5-7a8e-4853-bc95-3753bca328ec", "time": 0.1384956060001059, "image": {"width": 2988, "height": 3984}, "predictions": [{"x": 1416.0, "y": 2106.0, "width": 2832.0, "height": 1576.0, "confidence": 0.7362352609634399, "class": "forniceal_palpebral", "class_id": 1, "detection_id": "32d60906-4340-4a93-9ec2-ad2d5e6cd7b7"}, {"x": 1393.5, "y": 2215.0, "width": 2787.0, "height": 1440.0, "confidence": 0.4688693583011627, "class": "palpebral", "class_id": 2, "detection_id": "82a8c51a-cfac-451a-995f-2c19346f0037"}]}