{"inference_id": "78c91b47-049e-4b18-bf41-59c788c8a8f1", "time": 0.1362839640000857, "image": {"width": 2988, "height": 3984}, "predictions": [{"x": 1325.5, "y": 2302.5, "width": 2645.0, "height": 1575.0, "confidence": 0.8247351050376892, "class": "forniceal", "class_id": 0, "detection_id": "0107e64f-49de-4158-81de-e994c3f30abd"}, {"x": 1336.5, "y": 2494.0, "width": 2593.0, "height": 1760.0, "confidence": 0.8171951174736023, "class": "forniceal_palpebral", "class_id": 1, "detection_id": "60cd5c4b-afc3-4c88-81a0-ea36575bd389"}, {"x": 1326.5, "y": 2589.0, "width": 2519.0, "height": 1534.0, "confidence": 0.6477223038673401, "class": "palpebral", "class_id": 2, "detection_id": "982da932-90ef-4335-b44d-f18544c05b9f"}]}