{"inference_id": "424d5adb-9e2b-4f90-a3f0-49e3d12e9434", "time": 0.17002885299962145, "image": {"width": 2988, "height": 3984}, "predictions": [{"x": 1396.5, "y": 2531.5, "width": 2745.0, "height": 1313.0, "confidence": 0.8122607469558716, "class": "forniceal_palpebral", "class_id": 1, "detection_id": "edcfea92-ddbe-4c74-a4b3-44b308402859"}, {"x": 1405.5, "y": 2351.5, "width": 2807.0, "height": 1225.0, "confidence": 0.7085686922073364, "class": "forniceal", "class_id": 0, "detection_id": "e66057db-bbf6-4632-afe3-3b8b8415e43a"}, {"x": 1416.0, "y": 2592.0, "width": 2694.0, "height": 1078.0, "confidence": 0.6392624974250793, "class": "palpebral", "class_id": 2, "detection_id": "95e1fbd5-e066-429e-bc6d-0a128f16b1ee"}]}