{"inference_id": "9b315d26-55b8-4c92-95b5-48a287b10c8b", "time": 0.12258417200018812, "image": {"width": 2988, "height": 3984}, "predictions": [{"x": 1130.5, "y": 2419.0, "width": 2249.0, "height": 1278.0, "confidence": 0.812595009803772, "class": "palpebral", "class_id": 2, "detection_id": "1971e3b6-d0f5-4db3-b92e-28e1f45477bd"}, {"x": 1249.5, "y": 2107.0, "width": 2499.0, "height": 1918.0, "confidence": 0.7413591146469116, "class": "forniceal_palpebral", "class_id": 1, "detection_id": "1b4d9e67-5659-4c9f-a4e3-f7cafe0348e9"}, {"x": 1253.5, "y": 1934.0, "width": 2497.0, "height": 1606.0, "confidence": 0.7032365798950195, "class": "forniceal", "class_id": 0, "detection_id": "ddc661b0-6baa-441f-b742-56874274ccb1"}]}