{"inference_id": "d67888b9-52b7-4f39-a142-62f1de78a8eb", "time": 0.1396609799999169, "image": {"width": 2988, "height": 3984}, "predictions": [{"x": 1757.0, "y": 2540.0, "width": 2444.0, "height": 1166.0, "confidence": 0.82485431432724, "class": "forniceal", "class_id": 0, "detection_id": "9bad592a-05b9-4726-9300-933317f754d0"}, {"x": 1770.5, "y": 2695.5, "width": 2419.0, "height": 1317.0, "confidence": 0.8132230043411255, "class": "forniceal_palpebral", "class_id": 1, "detection_id": "40044efe-f14d-4277-b586-44e87becf160"}, {"x": 1768.5, "y": 2756.5, "width": 2367.0, "height": 1037.0, "confidence": 0.4372483789920807, "class": "palpebral", "class_id": 2, "detection_id": "7489a760-dbfc-42f4-a987-23d79125bdff"}]}