{"inference_id": "1d23e1b2-a436-4b72-b7d5-937020f79305", "time": 0.11532505400003856, "image": {"width": 2988, "height": 3984}, "predictions": [{"x": 1150.0, "y": 2715.5, "width": 2078.0, "height": 1079.0, "confidence": 0.8290723562240601, "class": "palpebral", "class_id": 2, "detection_id": "fac5dde5-cde4-4add-921a-12c933071777"}, {"x": 1134.5, "y": 2600.5, "width": 2079.0, "height": 869.0, "confidence": 0.7604308128356934, "class": "forniceal", "class_id": 0, "detection_id": "c958e198-1042-44ae-a165-28f3449707fd"}, {"x": 1181.0, "y": 2684.5, "width": 2050.0, "height": 923.0, "confidence": 0.6111173629760742, "class": "forniceal_palpebral", "class_id": 1, "detection_id": "6ce6fbd4-bc21-4a7d-9eb4-d030bff302bc"}]}