{"inference_id": "860c7e95-f320-46ea-bc1c-7b8ce317fab8", "time": 0.12426872999981242, "image": {"width": 2988, "height": 3984}, "predictions": [{"x": 1442.5, "y": 2504.5, "width": 2885.0, "height": 1655.0, "confidence": 0.8252556324005127, "class": "forniceal_palpebral", "class_id": 1, "detection_id": "281028eb-5535-43da-a185-4042f177a256"}, {"x": 1421.5, "y": 2667.5, "width": 2843.0, "height": 1537.0, "confidence": 0.8180547952651978, "class": "palpebral", "class_id": 2, "detection_id": "afe31ebc-8fb3-476a-9fe2-240bb5399edc"}, {"x": 1436.5, "y": 2346.5, "width": 2873.0, "height": 1411.0, "confidence": 0.7091646194458008, "class": "forniceal", "class_id": 0, "detection_id": "f05277d2-7854-4a51-8adb-2f755af540c2"}]}