{"inference_id": "0e93f615-bd62-478c-a0d5-dc5c0cbf3fdb", "time": 0.1363661380000849, "image": {"width": 2988, "height": 3984}, "predictions": [{"x": 1632.5, "y": 2318.0, "width": 2557.0, "height": 1548.0, "confidence": 0.7366613745689392, "class": "forniceal", "class_id": 0, "detection_id": "39efea5e-8cff-4b4a-8bbd-1cb9e72cdd11"}, {"x": 1655.5, "y": 2331.0, "width": 2575.0, "height": 1716.0, "confidence": 0.7033084630966187, "class": "forniceal_palpebral", "class_id": 1, "detection_id": "5880d8a8-972e-4dc8-92d5-39f6f8828adf"}, {"x": 1686.0, "y": 2433.0, "width": 2476.0, "height": 1464.0, "confidence": 0.6780955195426941, "class": "palpebral", "class_id": 2, "detection_id": "155bbdf4-b216-425b-b01c-92cb66adbaf4"}]}