{"inference_id": "b48169ad-6abc-4221-b30a-3f08e7fe5dac", "time": 0.11948628299978736, "image": {"width": 2988, "height": 3984}, "predictions": [{"x": 1584.5, "y": 2763.0, "width": 2217.0, "height": 1318.0, "confidence": 0.8036283850669861, "class": "forniceal_palpebral", "class_id": 1, "detection_id": "b62f6472-dbc1-4854-a2b1-8a50d40ff3be"}, {"x": 1578.0, "y": 2774.5, "width": 2156.0, "height": 1317.0, "confidence": 0.6920808553695679, "class": "palpebral", "class_id": 2, "detection_id": "f7fc4ae2-92b8-4f0a-bc91-7f15f2e60b11"}, {"x": 1596.5, "y": 2607.0, "width": 2201.0, "height": 1066.0, "confidence": 0.6252051591873169, "class": "forniceal", "class_id": 0, "detection_id": "3cac2d66-3e26-4e56-bb81-3766a6ba270d"}]}