{"inference_id": "80fba533-34b5-4e5a-bc21-08575c8b3ed0", "time": 0.13807032999966395, "image": {"width": 2988, "height": 3984}, "predictions": [{"x": 1685.0, "y": 2734.5, "width": 2606.0, "height": 1547.0, "confidence": 0.791504979133606, "class": "forniceal_palpebral", "class_id": 1, "detection_id": "1ce5e56f-3e6e-47f8-99a4-de518bdd09c3"}, {"x": 1611.0, "y": 2720.0, "width": 2754.0, "height": 1448.0, "confidence": 0.6255140900611877, "class": "forniceal", "class_id": 0, "detection_id": "e005af94-4db9-481a-bd8c-06d99619e8fb"}, {"x": 1708.0, "y": 2976.0, "width": 2496.0, "height": 1084.0, "confidence": 0.4479922652244568, "class": "palpebral", "class_id": 2, "detection_id": "ca217543-951b-4263-98f6-ba3219cc0da0"}]}