{"inference_id": "d368ce78-85fb-4e42-970b-b46e6525b622", "time": 0.15207538100003148, "image": {"width": 2988, "height": 3984}, "predictions": [{"x": 1416.5, "y": 2123.5, "width": 2829.0, "height": 1705.0, "confidence": 0.8212147951126099, "class": "forniceal_palpebral", "class_id": 1, "detection_id": "03aa6b1f-5959-4b76-baa3-3873c0ca6df4"}, {"x": 1437.0, "y": 2224.5, "width": 2720.0, "height": 1521.0, "confidence": 0.784650444984436, "class": "palpebral", "class_id": 2, "detection_id": "73272334-3046-43e5-9795-638a647a7ff1"}, {"x": 1427.5, "y": 1966.5, "width": 2813.0, "height": 1463.0, "confidence": 0.7452570199966431, "class": "forniceal", "class_id": 0, "detection_id": "7abd9498-3414-47bf-a9de-8f2336416ed5"}]}