{"inference_id": "ec9b890f-31c9-4469-8852-f17c87781bbc", "time": 0.147181608999972, "image": {"width": 2988, "height": 3984}, "predictions": [{"x": 1556.5, "y": 2500.0, "width": 2783.0, "height": 1626.0, "confidence": 0.8189127445220947, "class": "forniceal_palpebral", "class_id": 1, "detection_id": "cfc563a1-b468-465f-99c0-f7a4b89aab95"}, {"x": 1572.5, "y": 2345.0, "width": 2791.0, "height": 1560.0, "confidence": 0.7479561567306519, "class": "forniceal", "class_id": 0, "detection_id": "71a7df77-7f9e-437c-afd8-98385c81f5cd"}, {"x": 1579.5, "y": 2591.5, "width": 2735.0, "height": 1479.0, "confidence": 0.6840090155601501, "class": "palpebral", "class_id": 2, "detection_id": "9d11e3ed-ee09-44d9-a9ce-662a0ab90d9c"}]}