{"inference_id": "16ddf1aa-6e4d-44cc-a893-b20c2fe4860a", "time": 0.15134129600028245, "image": {"width": 2988, "height": 3984}, "predictions": [{"x": 1591.5, "y": 2135.5, "width": 2793.0, "height": 1543.0, "confidence": 0.7832647562026978, "class": "forniceal_palpebral", "class_id": 1, "detection_id": "e26b8960-0533-4ebe-b1ef-3e7e80411478"}, {"x": 1602.5, "y": 2243.0, "width": 2771.0, "height": 1412.0, "confidence": 0.7352942228317261, "class": "palpebral", "class_id": 2, "detection_id": "458c78d5-2d68-4e2a-a60d-fbaef8c04125"}, {"x": 1606.5, "y": 2005.0, "width": 2763.0, "height": 1388.0, "confidence": 0.3940557837486267, "class": "forniceal", "class_id": 0, "detection_id": "4eccbe5d-2b01-4f9d-a5ee-312d61c4b967"}]}