{"inference_id": "4cdcfc37-e033-4d72-9079-a262d58dd8d0", "time": 0.19506978399977015, "image": {"width": 2988, "height": 3984}, "predictions": [{"x": 1423.0, "y": 2519.0, "width": 2846.0, "height": 2068.0, "confidence": 0.7667055130004883, "class": "forniceal_palpebral", "class_id": 1, "detection_id": "30d7773f-cc33-4bc3-970b-ceff6c2c20d1"}, {"x": 1436.0, "y": 2366.5, "width": 2872.0, "height": 1931.0, "confidence": 0.7144626379013062, "class": "forniceal", "class_id": 0, "detection_id": "67511747-f8ad-445a-b605-4d2ca4a9e261"}, {"x": 1410.5, "y": 2659.0, "width": 2787.0, "height": 1798.0, "confidence": 0.6893711090087891, "class": "palpebral", "class_id": 2, "detection_id": "0ddec535-3641-4329-82fe-043f252a8ddb"}]}