{"inference_id": "1671db52-31bd-4d8a-84c6-f6380e1b505c", "time": 0.13913314499995977, "image": {"width": 2988, "height": 3984}, "predictions": [{"x": 1313.0, "y": 2519.5, "width": 2550.0, "height": 1513.0, "confidence": 0.7513171434402466, "class": "forniceal_palpebral", "class_id": 1, "detection_id": "af24dd7d-23ec-488c-b320-ec5359c9fde5"}, {"x": 1308.0, "y": 2617.5, "width": 2460.0, "height": 1353.0, "confidence": 0.6944295763969421, "class": "palpebral", "class_id": 2, "detection_id": "2e0eef72-7657-46c5-ab08-5f249642d564"}, {"x": 1365.5, "y": 2370.5, "width": 2687.0, "height": 1699.0, "confidence": 0.427381694316864, "class": "forniceal", "class_id": 0, "detection_id": "26365afa-8802-4556-b6a0-a579bc13aafa"}]}