{"inference_id": "2a627e19-c006-44df-8530-827384ad15ed", "time": 0.11813161500003844, "image": {"width": 2988, "height": 3984}, "predictions": [{"x": 1170.0, "y": 2310.5, "width": 2302.0, "height": 1023.0, "confidence": 0.84223872423172, "class": "forniceal", "class_id": 0, "detection_id": "9c95d7c8-50e2-4386-ba1b-00434088d1e7"}, {"x": 1222.0, "y": 2473.0, "width": 2382.0, "height": 1064.0, "confidence": 0.7595627307891846, "class": "palpebral", "class_id": 2, "detection_id": "5d4cbdff-45eb-4595-9f6c-93fea723c081"}, {"x": 1199.0, "y": 2353.5, "width": 2324.0, "height": 1177.0, "confidence": 0.7088755965232849, "class": "forniceal_palpebral", "class_id": 1, "detection_id": "3b64e962-32fa-470f-92a7-4fe5b4434697"}]}