{"inference_id": "1914cf80-1176-411e-9ea4-1c9f4ef47425", "time": 0.1495787419999033, "image": {"width": 2988, "height": 3984}, "predictions": [{"x": 1559.5, "y": 1940.0, "width": 2857.0, "height": 1508.0, "confidence": 0.7195882797241211, "class": "forniceal_palpebral", "class_id": 1, "detection_id": "ce405443-9f48-4f2f-9ffe-8fe34f3e3b85"}, {"x": 1493.5, "y": 2040.0, "width": 2819.0, "height": 1298.0, "confidence": 0.42768582701683044, "class": "palpebral", "class_id": 2, "detection_id": "2b6333c0-1295-4e1c-aaf2-08845ccc3231"}, {"x": 1488.5, "y": 1936.0, "width": 2693.0, "height": 1426.0, "confidence": 0.3208822011947632, "class": "forniceal", "class_id": 0, "detection_id": "903cc9d7-7a40-4ffd-bf30-93c74fd7b7e7"}]}