{"inference_id": "50d6ebba-d0b7-4aac-9691-67d83d588d49", "time": 0.10861255499980871, "image": {"width": 2988, "height": 3984}, "predictions": [{"x": 1284.5, "y": 2527.5, "width": 2569.0, "height": 1515.0, "confidence": 0.8242817521095276, "class": "forniceal_palpebral", "class_id": 1, "detection_id": "e3942385-53d5-45d6-9ae6-e16df171b3b2"}, {"x": 1289.5, "y": 2356.5, "width": 2555.0, "height": 1351.0, "confidence": 0.7908169031143188, "class": "forniceal", "class_id": 0, "detection_id": "ae36836d-6ab3-43f7-b63d-a3d318527ad3"}, {"x": 1290.0, "y": 2650.5, "width": 2488.0, "height": 1365.0, "confidence": 0.7858458757400513, "class": "palpebral", "class_id": 2, "detection_id": "aa3c41fa-b691-40d8-a8fd-d1ecc27244b3"}]}