{"inference_id": "192d6e3e-e218-4849-ab95-37c026e353ea", "time": 0.15104217099997186, "image": {"width": 2988, "height": 3984}, "predictions": [{"x": 992.5, "y": 2569.0, "width": 1775.0, "height": 1168.0, "confidence": 0.8629224300384521, "class": "palpebral", "class_id": 2, "detection_id": "8e98ada3-074e-4816-a752-dca150550ec9"}, {"x": 1008.0, "y": 2543.5, "width": 1792.0, "height": 1181.0, "confidence": 0.8393804430961609, "class": "forniceal_palpebral", "class_id": 1, "detection_id": "d9f3dc8e-bc5a-4dd3-8548-c3f9176a7507"}, {"x": 1041.0, "y": 2518.5, "width": 1920.0, "height": 1215.0, "confidence": 0.5923478007316589, "class": "forniceal", "class_id": 0, "detection_id": "06b08ec0-f28e-47ca-830a-c0b618e12ecd"}]}