{"inference_id": "0e979d14-c099-4035-98cb-98c512502935", "time": 0.11820157399961317, "image": {"width": 2988, "height": 3984}, "predictions": [{"x": 1430.0, "y": 2504.0, "width": 2860.0, "height": 2030.0, "confidence": 0.7838693261146545, "class": "forniceal_palpebral", "class_id": 1, "detection_id": "ca802853-1787-4796-8d4a-21bc04b3cfba"}, {"x": 1425.0, "y": 2347.5, "width": 2850.0, "height": 1775.0, "confidence": 0.7152985334396362, "class": "forniceal", "class_id": 0, "detection_id": "32236a77-e5fe-4e37-9bb7-7a13054d42dc"}, {"x": 1417.5, "y": 2627.0, "width": 2815.0, "height": 1876.0, "confidence": 0.6530323028564453, "class": "palpebral", "class_id": 2, "detection_id": "7a6329a2-1049-4cab-ad6e-9e54f8c640be"}]}