{"inference_id": "eeb807e0-289a-4fde-abf5-bdbf22d3f8e1", "time": 0.14800291800020204, "image": {"width": 2988, "height": 3984}, "predictions": [{"x": 1701.0, "y": 2337.0, "width": 2476.0, "height": 1036.0, "confidence": 0.820979654788971, "class": "forniceal", "class_id": 0, "detection_id": "d27d5cae-2f18-42a1-8c33-74e1c0bf7590"}, {"x": 1678.5, "y": 2527.0, "width": 2469.0, "height": 1244.0, "confidence": 0.7725486159324646, "class": "forniceal_palpebral", "class_id": 1, "detection_id": "6b839502-4d44-422c-9ace-7ef884d407c6"}, {"x": 1647.0, "y": 2506.5, "width": 2518.0, "height": 1261.0, "confidence": 0.731671929359436, "class": "palpebral", "class_id": 2, "detection_id": "4aa60802-d6fe-4193-957d-8e46a4d6f189"}]}