{"inference_id": "524992e8-bbe3-4300-894d-64644d0661a5", "time": 0.14492376699990928, "image": {"width": 2988, "height": 3984}, "predictions": [{"x": 1318.5, "y": 2533.0, "width": 2637.0, "height": 1342.0, "confidence": 0.744385838508606, "class": "forniceal", "class_id": 0, "detection_id": "8bd2b59e-5d8c-415a-ab1e-bd61378d49c8"}, {"x": 1308.5, "y": 2664.0, "width": 2567.0, "height": 1366.0, "confidence": 0.7278852462768555, "class": "forniceal_palpebral", "class_id": 1, "detection_id": "549611f0-ff63-4e42-b792-41111dd55af4"}]}