{"inference_id": "8ae0b247-f99c-4e7d-8b4c-b253ee73ca23", "time": 0.1448763550001786, "image": {"width": 2988, "height": 3984}, "predictions": [{"x": 1540.5, "y": 2031.0, "width": 1927.0, "height": 1142.0, "confidence": 0.6687098741531372, "class": "palpebral", "class_id": 2, "detection_id": "ef55589f-33cc-45ad-9905-97d6b947b40a"}, {"x": 1426.0, "y": 2066.0, "width": 2124.0, "height": 1074.0, "confidence": 0.5997916460037231, "class": "forniceal_palpebral", "class_id": 1, "detection_id": "37eb0ae6-371e-46ac-8747-c407e8172ca7"}, {"x": 1308.5, "y": 2030.0, "width": 2183.0, "height": 824.0, "confidence": 0.5011520385742188, "class": "forniceal", "class_id": 0, "detection_id": "58d6b65b-8a07-4f22-8a9a-ceea12588d23"}]}