{"inference_id": "b64f1401-46b6-4ba6-8e64-54430dd9762e", "time": 0.11032037399991168, "image": {"width": 2988, "height": 3984}, "predictions": [{"x": 1018.5, "y": 2475.0, "width": 2025.0, "height": 1294.0, "confidence": 0.869787335395813, "class": "palpebral", "class_id": 2, "detection_id": "5b0c485c-d153-4004-b1ae-33076eb00fe9"}, {"x": 1089.5, "y": 2113.5, "width": 2133.0, "height": 1559.0, "confidence": 0.8104442358016968, "class": "forniceal", "class_id": 0, "detection_id": "5eedff7e-dc4a-4a5e-8c54-16ca629fd86c"}, {"x": 1094.5, "y": 2247.5, "width": 2169.0, "height": 1747.0, "confidence": 0.7343502044677734, "class": "forniceal_palpebral", "class_id": 1, "detection_id": "4edad9a9-f183-4b41-a676-1d133af6375f"}]}