{"inference_id": "9075bf10-15cd-4e38-949a-673f47ba6ad9", "time": 0.14185073700014073, "image": {"width": 2988, "height": 3984}, "predictions": [{"x": 1575.0, "y": 2533.5, "width": 2428.0, "height": 1507.0, "confidence": 0.7967038154602051, "class": "forniceal", "class_id": 0, "detection_id": "84df9a2b-6ea3-424e-a5de-2a752362628d"}, {"x": 1594.5, "y": 2677.0, "width": 2449.0, "height": 1592.0, "confidence": 0.7153502106666565, "class": "forniceal_palpebral", "class_id": 1, "detection_id": "f1f6e6b7-0288-49d5-bbf4-12558f218878"}, {"x": 1653.5, "y": 2671.5, "width": 2257.0, "height": 1599.0, "confidence": 0.5566370487213135, "class": "palpebral", "class_id": 2, "detection_id": "2a0fcf01-5478-4989-bc02-0db1d91f6d14"}]}