{"inference_id": "6d0521af-2d1b-48f7-bc33-ecf57bdf6ecc", "time": 0.12503872000002048, "image": {"width": 2988, "height": 3984}, "predictions": [{"x": 1461.0, "y": 2711.0, "width": 2922.0, "height": 1870.0, "confidence": 0.7341141104698181, "class": "forniceal_palpebral", "class_id": 1, "detection_id": "5fa5e263-c5ec-4b6b-9a48-b8389219bf53"}, {"x": 1478.0, "y": 2547.0, "width": 2956.0, "height": 1798.0, "confidence": 0.5987765789031982, "class": "forniceal", "class_id": 0, "detection_id": "33565389-3999-4dbe-8a24-33e8dc78ca89"}, {"x": 1440.5, "y": 2822.5, "width": 2877.0, "height": 1701.0, "confidence": 0.5146040916442871, "class": "palpebral", "class_id": 2, "detection_id": "0c75e256-6334-490a-8fb4-2a9becf9f35b"}]}