{"inference_id": "10c71eb1-f9ad-4cfe-816d-940dc60ec67b", "time": 0.11376555399999688, "image": {"width": 2988, "height": 3984}, "predictions": [{"x": 1577.5, "y": 2539.5, "width": 2821.0, "height": 1627.0, "confidence": 0.7007416486740112, "class": "forniceal_palpebral", "class_id": 1, "detection_id": "7ef86816-15c4-4ef1-9a3d-82054976186e"}, {"x": 1594.0, "y": 2671.0, "width": 2784.0, "height": 1478.0, "confidence": 0.6970484256744385, "class": "palpebral", "class_id": 2, "detection_id": "93863de5-ce80-4793-a824-dcc13ed7a796"}, {"x": 1636.0, "y": 2529.0, "width": 2704.0, "height": 1516.0, "confidence": 0.5140678882598877, "class": "forniceal", "class_id": 0, "detection_id": "4ea04158-58a2-4ddc-a5ee-0622eeaec3fa"}]}