{"inference_id": "88f6f45f-8f55-4897-9985-f1567a5fd81e", "time": 0.17439467800022612, "image": {"width": 2988, "height": 3984}, "predictions": [{"x": 1440.5, "y": 2339.0, "width": 2881.0, "height": 1772.0, "confidence": 0.8197264671325684, "class": "forniceal_palpebral", "class_id": 1, "detection_id": "d236d748-81db-4452-b959-beaa3693f021"}, {"x": 1435.0, "y": 2600.5, "width": 2776.0, "height": 1589.0, "confidence": 0.7719347476959229, "class": "palpebral", "class_id": 2, "detection_id": "3d125706-3487-43c2-9ae2-0cd528a4b117"}, {"x": 1395.0, "y": 2330.0, "width": 2790.0, "height": 1828.0, "confidence": 0.7581427097320557, "class": "forniceal", "class_id": 0, "detection_id": "944446ff-9ccb-401c-b608-07695bfac404"}]}