{"inference_id": "630f116d-fb1c-4105-9fd0-5a2b2a1657dc", "time": 0.1118137820000129, "image": {"width": 2988, "height": 3984}, "predictions": [{"x": 1303.5, "y": 2308.5, "width": 2539.0, "height": 1545.0, "confidence": 0.7662531137466431, "class": "forniceal_palpebral", "class_id": 1, "detection_id": "ea3e7e2a-99bb-4523-bad9-d782eb6f65c1"}, {"x": 1310.5, "y": 2457.5, "width": 2455.0, "height": 1313.0, "confidence": 0.7645235061645508, "class": "palpebral", "class_id": 2, "detection_id": "230f16ba-49b1-4c61-a98b-7773b13b35ca"}, {"x": 1321.0, "y": 2129.5, "width": 2562.0, "height": 1381.0, "confidence": 0.6988865733146667, "class": "forniceal", "class_id": 0, "detection_id": "227a64d6-14a9-43da-b6e1-7a49805a23d7"}]}