{"inference_id": "a34f30a2-d7ff-47f0-870c-7327a13cab4b", "time": 0.19511256200030402, "image": {"width": 2988, "height": 3984}, "predictions": [{"x": 1315.0, "y": 2455.0, "width": 2508.0, "height": 1740.0, "confidence": 0.793319582939148, "class": "palpebral", "class_id": 2, "detection_id": "51332965-e99b-4ab3-8f0f-b6c2d6698111"}, {"x": 1311.0, "y": 2281.0, "width": 2552.0, "height": 1812.0, "confidence": 0.7612916827201843, "class": "forniceal_palpebral", "class_id": 1, "detection_id": "05a65038-4864-4c5f-a696-0a7e71a1da48"}, {"x": 1295.0, "y": 2038.0, "width": 2590.0, "height": 1392.0, "confidence": 0.7029813528060913, "class": "forniceal", "class_id": 0, "detection_id": "319ca8a0-5927-45f3-be8d-62f7ba79677a"}]}