{"inference_id": "340dc60f-f8b7-45a2-9e32-2cb23e624558", "time": 0.16059378299996752, "image": {"width": 2988, "height": 3984}, "predictions": [{"x": 1209.0, "y": 2658.5, "width": 2350.0, "height": 1173.0, "confidence": 0.7962592840194702, "class": "palpebral", "class_id": 2, "detection_id": "742b5276-7ab8-4bf8-b7c9-de65bb9e8360"}, {"x": 1268.0, "y": 2527.5, "width": 2516.0, "height": 1325.0, "confidence": 0.7764871716499329, "class": "forniceal_palpebral", "class_id": 1, "detection_id": "88a3c6b7-8339-436b-a699-87110b83e11c"}, {"x": 1282.5, "y": 2390.0, "width": 2457.0, "height": 1006.0, "confidence": 0.4478294253349304, "class": "forniceal", "class_id": 0, "detection_id": "974ae3d0-5760-40b2-a9dd-8d04c8d844dc"}]}