{"inference_id": "9172c491-c436-4aa2-9c24-5c28195befec", "time": 0.14992754100012462, "image": {"width": 2988, "height": 3984}, "predictions": [{"x": 1307.0, "y": 2714.5, "width": 2614.0, "height": 1109.0, "confidence": 0.8197901248931885, "class": "forniceal_palpebral", "class_id": 1, "detection_id": "1d0cb663-3a00-4bc0-8533-4e3d7be3882d"}, {"x": 1307.5, "y": 2706.5, "width": 2615.0, "height": 1177.0, "confidence": 0.7939285635948181, "class": "palpebral", "class_id": 2, "detection_id": "0897559a-05a7-47b3-a4a8-aa0019fea027"}]}