{"inference_id": "bb78046b-c245-4479-9307-6f61890b717d", "time": 0.14515357099980974, "image": {"width": 2988, "height": 3984}, "predictions": [{"x": 1308.5, "y": 3178.0, "width": 2549.0, "height": 1318.0, "confidence": 0.7021726965904236, "class": "palpebral", "class_id": 2, "detection_id": "659e1ce8-dafc-408c-996b-b81e73997b04"}, {"x": 1338.5, "y": 2922.5, "width": 2677.0, "height": 1721.0, "confidence": 0.6639776229858398, "class": "forniceal_palpebral", "class_id": 1, "detection_id": "97676f40-3658-4a8c-8c5a-694f261b9392"}, {"x": 1323.5, "y": 2914.0, "width": 2643.0, "height": 1770.0, "confidence": 0.6420872807502747, "class": "forniceal", "class_id": 0, "detection_id": "18929735-21fa-4d60-87c9-a4af4301452b"}]}