{"inference_id": "42e30f25-ce7d-44f8-a334-6f288055c153", "time": 0.10369628900002681, "image": {"width": 2988, "height": 3984}, "predictions": [{"x": 1519.0, "y": 2467.5, "width": 2938.0, "height": 1733.0, "confidence": 0.7017637491226196, "class": "forniceal_palpebral", "class_id": 1, "detection_id": "693b1e48-3e07-4731-81cf-91a073dce880"}, {"x": 1541.5, "y": 2642.0, "width": 2893.0, "height": 1510.0, "confidence": 0.59064120054245, "class": "palpebral", "class_id": 2, "detection_id": "f32db39d-ad8d-4962-995d-db1d6051e585"}, {"x": 1479.5, "y": 2339.5, "width": 2959.0, "height": 1433.0, "confidence": 0.4207117259502411, "class": "forniceal", "class_id": 0, "detection_id": "34aa8bc3-4025-4428-a9a0-496abedde698"}]}