{"inference_id": "f38a2c64-11c0-4486-ad2f-91a067be3722", "time": 0.15367290199992567, "image": {"width": 2988, "height": 3984}, "predictions": [{"x": 1086.5, "y": 2522.5, "width": 2173.0, "height": 911.0, "confidence": 0.8124942183494568, "class": "palpebral", "class_id": 2, "detection_id": "1af45061-b4d4-4d32-bfbc-3baf93239f1d"}, {"x": 1035.5, "y": 2301.0, "width": 2041.0, "height": 582.0, "confidence": 0.7161051034927368, "class": "forniceal", "class_id": 0, "detection_id": "9856382c-6289-4584-9236-4158bfd93cb5"}]}