{"inference_id": "ed6015ed-d364-4c15-99ad-ecdf628703e7", "time": 0.14851297500001692, "image": {"width": 2988, "height": 3984}, "predictions": [{"x": 1230.0, "y": 2499.5, "width": 2386.0, "height": 1161.0, "confidence": 0.7778462171554565, "class": "forniceal_palpebral", "class_id": 1, "detection_id": "f7b28890-af27-4849-8c62-8da274640aeb"}, {"x": 1219.0, "y": 2496.0, "width": 2408.0, "height": 1230.0, "confidence": 0.7581815123558044, "class": "palpebral", "class_id": 2, "detection_id": "f7fa250e-4b7b-46ea-9cb7-185157a7bf16"}, {"x": 1195.5, "y": 2308.0, "width": 2391.0, "height": 1044.0, "confidence": 0.6987956762313843, "class": "forniceal", "class_id": 0, "detection_id": "50c8aa65-3e08-413d-9bd2-4ae300886705"}]}