{"inference_id": "ecb37f78-50b1-40f9-a01f-ce0bb01bc09e", "time": 0.14047027300011905, "image": {"width": 2988, "height": 3984}, "predictions": [{"x": 1714.5, "y": 2753.0, "width": 2509.0, "height": 1344.0, "confidence": 0.8333646059036255, "class": "forniceal_palpebral", "class_id": 1, "detection_id": "2b8d2689-c87e-4f7d-b777-3f878fc3d04f"}, {"x": 1715.5, "y": 2820.0, "width": 2525.0, "height": 1390.0, "confidence": 0.8149799108505249, "class": "palpebral", "class_id": 2, "detection_id": "bbef571b-719e-4483-98bf-aa06cbb4b2fd"}, {"x": 1669.0, "y": 2723.0, "width": 2444.0, "height": 1148.0, "confidence": 0.6024051904678345, "class": "forniceal", "class_id": 0, "detection_id": "19012c61-81fb-4143-9170-bd159c9b0345"}]}