{"inference_id": "3b5a476f-d79d-4d4f-a739-7625334fed81", "time": 0.11622462600007566, "image": {"width": 2988, "height": 3984}, "predictions": [{"x": 1346.0, "y": 2705.5, "width": 2692.0, "height": 1603.0, "confidence": 0.7332555651664734, "class": "forniceal_palpebral", "class_id": 1, "detection_id": "e976867b-dc04-4fd4-ae50-c52222797939"}, {"x": 1334.0, "y": 2839.5, "width": 2598.0, "height": 1443.0, "confidence": 0.6032941341400146, "class": "palpebral", "class_id": 2, "detection_id": "83177bfb-ba9d-4a51-98d9-ceda8a82b7aa"}, {"x": 1326.5, "y": 2594.0, "width": 2653.0, "height": 1462.0, "confidence": 0.47883689403533936, "class": "forniceal", "class_id": 0, "detection_id": "a1239bb6-e58b-4fd1-8e31-0683d10ec16c"}]}