{"inference_id": "745fd287-8e41-45e2-999b-4ea73de6e0ca", "time": 0.15440397099996517, "image": {"width": 2988, "height": 3984}, "predictions": [{"x": 1419.0, "y": 2668.0, "width": 2812.0, "height": 1430.0, "confidence": 0.7300480604171753, "class": "palpebral", "class_id": 2, "detection_id": "fb9616ae-153f-4ad5-afce-af1c1bc863d7"}, {"x": 1443.0, "y": 2510.5, "width": 2886.0, "height": 1653.0, "confidence": 0.697719395160675, "class": "forniceal_palpebral", "class_id": 1, "detection_id": "c529630e-d3c7-42ac-9ff1-2382a027d9c7"}, {"x": 1351.0, "y": 2510.5, "width": 2674.0, "height": 1457.0, "confidence": 0.35110756754875183, "class": "forniceal", "class_id": 0, "detection_id": "a6285895-5d5f-4113-8de9-6f26df2460fc"}]}