{"inference_id": "5a877344-aef8-4f5b-a398-c64afc233089", "time": 0.20985122000001866, "image": {"width": 2988, "height": 3984}, "predictions": [{"x": 1627.0, "y": 2459.5, "width": 2372.0, "height": 1157.0, "confidence": 0.7711405158042908, "class": "palpebral", "class_id": 2, "detection_id": "d153032b-810e-4d22-a0c0-a9bb71b7313c"}, {"x": 1684.5, "y": 2324.5, "width": 2477.0, "height": 1437.0, "confidence": 0.7324663400650024, "class": "forniceal_palpebral", "class_id": 1, "detection_id": "98000644-acf0-42cb-916f-29eb2920092a"}, {"x": 1722.5, "y": 2145.0, "width": 2531.0, "height": 1416.0, "confidence": 0.6616446375846863, "class": "forniceal", "class_id": 0, "detection_id": "ea7c35a8-73ce-4342-8d96-52f1b7c40746"}]}