{"inference_id": "abbdb1cb-e0e9-4298-b7cb-d1982b2eec6b", "time": 0.2732211909999478, "image": {"width": 2988, "height": 3984}, "predictions": [{"x": 1325.0, "y": 2708.5, "width": 2524.0, "height": 1457.0, "confidence": 0.8480179309844971, "class": "forniceal_palpebral", "class_id": 1, "detection_id": "63d8be8d-ec8b-4899-a3dc-ae47fca56808"}, {"x": 1313.5, "y": 2508.0, "width": 2595.0, "height": 1232.0, "confidence": 0.8470105528831482, "class": "forniceal", "class_id": 0, "detection_id": "ae8c22b5-0e92-4953-86ea-77dbd1081e1f"}, {"x": 1328.5, "y": 2845.5, "width": 2515.0, "height": 1385.0, "confidence": 0.8104822635650635, "class": "palpebral", "class_id": 2, "detection_id": "830688cd-caaf-40dc-96e4-a92ebd98102d"}]}