{"inference_id": "5a61a9a7-bb87-4c53-beb5-8d2351335643", "time": 0.136761344000206, "image": {"width": 2988, "height": 3984}, "predictions": [{"x": 1536.0, "y": 1925.0, "width": 2904.0, "height": 2222.0, "confidence": 0.6065244078636169, "class": "forniceal_palpebral", "class_id": 1, "detection_id": "de354ed8-509a-4339-b652-d62941fdf5e6"}, {"x": 1439.0, "y": 2236.0, "width": 2878.0, "height": 1666.0, "confidence": 0.4288788139820099, "class": "palpebral", "class_id": 2, "detection_id": "7b604123-65aa-4b14-8e65-c05a963ac615"}]}