{"inference_id": "0c3b9f4f-d9cc-4167-8ba7-e0d9d71c226b", "time": 0.11399559600067732, "image": {"width": 2988, "height": 3984}, "predictions": [{"x": 1193.0, "y": 2295.5, "width": 2304.0, "height": 1213.0, "confidence": 0.8190004825592041, "class": "forniceal", "class_id": 0, "detection_id": "29d8a9ca-833a-480e-a002-eb2622406f92"}, {"x": 1196.0, "y": 2472.0, "width": 2356.0, "height": 1382.0, "confidence": 0.7432793378829956, "class": "palpebral", "class_id": 2, "detection_id": "6763e0d3-3432-4112-a373-7e3b1dd91667"}, {"x": 1220.0, "y": 2435.0, "width": 2390.0, "height": 1338.0, "confidence": 0.7040637731552124, "class": "forniceal_palpebral", "class_id": 1, "detection_id": "89c2c7c2-27b2-4d66-9eb4-5945a5d87c32"}]}