{"inference_id": "0fdd3f98-2c8b-4d5f-96d2-41973598ff87", "time": 0.13106565699990824, "image": {"width": 2988, "height": 3984}, "predictions": [{"x": 1545.5, "y": 2377.0, "width": 2031.0, "height": 948.0, "confidence": 0.38969385623931885, "class": "forniceal_palpebral", "class_id": 1, "detection_id": "fb074607-1d0e-4477-acd9-0ff791150a91"}, {"x": 1530.0, "y": 2453.0, "width": 1828.0, "height": 820.0, "confidence": 0.3737775981426239, "class": "palpebral", "class_id": 2, "detection_id": "e989b978-c995-458a-aa65-d34b6103e2f5"}, {"x": 1446.5, "y": 2371.0, "width": 1781.0, "height": 868.0, "confidence": 0.2740103006362915, "class": "forniceal", "class_id": 0, "detection_id": "22b242f8-4a95-4474-b620-cecd09bfb38b"}]}