{"inference_id": "ae9dbe8a-3184-440a-a85e-3463cf679a19", "time": 0.13842887599980713, "image": {"width": 2988, "height": 3984}, "predictions": [{"x": 1245.0, "y": 2724.0, "width": 2406.0, "height": 1054.0, "confidence": 0.804385781288147, "class": "palpebral", "class_id": 2, "detection_id": "395c77a4-bd53-421f-b653-0c4f2658930c"}, {"x": 1278.0, "y": 2572.0, "width": 2500.0, "height": 1162.0, "confidence": 0.6265260577201843, "class": "forniceal_palpebral", "class_id": 1, "detection_id": "4c0db514-a3ce-41cb-a25b-573eb624f4db"}]}