{"inference_id": "74271996-baf0-4672-b966-f72bd4f47efc", "time": 0.12592321600004652, "image": {"width": 2988, "height": 3984}, "predictions": [{"x": 1672.5, "y": 1928.5, "width": 2631.0, "height": 1215.0, "confidence": 0.8293455839157104, "class": "forniceal_palpebral", "class_id": 1, "detection_id": "6f25a5c1-eef7-43f1-9221-de8d9a30c628"}, {"x": 1695.0, "y": 1992.0, "width": 2586.0, "height": 1116.0, "confidence": 0.7233127951622009, "class": "palpebral", "class_id": 2, "detection_id": "1c639986-9da5-424f-a8ce-8f43738ea204"}, {"x": 1652.0, "y": 1942.5, "width": 2646.0, "height": 1069.0, "confidence": 0.5014485120773315, "class": "forniceal", "class_id": 0, "detection_id": "0a36aadd-f68e-4352-a786-80a971841dc8"}]}