{"inference_id": "2fb85ee7-bd2a-41f0-9ff9-79825b152fdb", "time": 0.14896848300031706, "image": {"width": 2988, "height": 3984}, "predictions": [{"x": 1245.5, "y": 2315.0, "width": 2491.0, "height": 1420.0, "confidence": 0.7799893021583557, "class": "forniceal_palpebral", "class_id": 1, "detection_id": "f2754946-358a-442a-8c22-55134d2ff28d"}, {"x": 1177.0, "y": 2328.5, "width": 2354.0, "height": 1345.0, "confidence": 0.7428544163703918, "class": "forniceal", "class_id": 0, "detection_id": "16414eb0-48d3-4c64-b387-ee1c942f9344"}, {"x": 1171.5, "y": 2419.5, "width": 2343.0, "height": 1249.0, "confidence": 0.6323726177215576, "class": "palpebral", "class_id": 2, "detection_id": "91176610-d15c-44c3-b2a0-9ec92d0a8612"}]}