{"inference_id": "66361076-e9fa-4e75-82ba-053588659680", "time": 0.11848767299989049, "image": {"width": 2988, "height": 3984}, "predictions": [{"x": 1319.5, "y": 2700.5, "width": 2525.0, "height": 1275.0, "confidence": 0.8606861233711243, "class": "forniceal_palpebral", "class_id": 1, "detection_id": "ab5dcde3-eb86-4b13-9fad-d272e8f765a3"}, {"x": 1317.5, "y": 2545.0, "width": 2625.0, "height": 1262.0, "confidence": 0.7837544679641724, "class": "forniceal", "class_id": 0, "detection_id": "03973e8d-e379-401b-9fbc-fff3e7f0bd29"}, {"x": 1324.5, "y": 2783.0, "width": 2535.0, "height": 966.0, "confidence": 0.7057236433029175, "class": "palpebral", "class_id": 2, "detection_id": "f66247a6-4cc6-4668-aecf-a3871a60e96e"}]}