{"inference_id": "367f30a1-e42d-4bb6-a641-34a62bb6643d", "time": 0.14260963399999582, "image": {"width": 2988, "height": 3984}, "predictions": [{"x": 1280.0, "y": 2706.0, "width": 2452.0, "height": 1206.0, "confidence": 0.7694270014762878, "class": "forniceal", "class_id": 0, "detection_id": "ff7adf7a-95b3-49f1-907e-a1976afb2889"}, {"x": 1304.0, "y": 3024.5, "width": 2432.0, "height": 1049.0, "confidence": 0.665791392326355, "class": "palpebral", "class_id": 2, "detection_id": "fd09c37d-1d9e-442d-b192-231585322ed8"}, {"x": 1291.0, "y": 2866.5, "width": 2484.0, "height": 1259.0, "confidence": 0.6603336930274963, "class": "forniceal_palpebral", "class_id": 1, "detection_id": "d5a465ee-b156-4aa6-9a2b-3aeb5476f5aa"}]}