{"inference_id": "1dbc8f70-8086-4910-9f38-90ea231fd70e", "time": 0.1389673930002573, "image": {"width": 2988, "height": 3984}, "predictions": [{"x": 1575.5, "y": 2328.0, "width": 2825.0, "height": 2150.0, "confidence": 0.7628298401832581, "class": "forniceal_palpebral", "class_id": 1, "detection_id": "9e142917-ca5f-4156-ae1c-f3703dd9e34a"}, {"x": 1659.0, "y": 2407.5, "width": 2658.0, "height": 1919.0, "confidence": 0.5865870714187622, "class": "palpebral", "class_id": 2, "detection_id": "ecb07683-e8da-4119-9db9-57426c2e7b89"}, {"x": 1557.5, "y": 2181.5, "width": 2861.0, "height": 2167.0, "confidence": 0.4940280318260193, "class": "forniceal", "class_id": 0, "detection_id": "a9102269-53b4-4708-9236-522dcf6d3a22"}]}