{"inference_id": "d4db6948-c23b-4043-b150-f576138f37af", "time": 0.15767589699999007, "image": {"width": 2988, "height": 3984}, "predictions": [{"x": 1542.0, "y": 2081.5, "width": 2880.0, "height": 1793.0, "confidence": 0.6774083375930786, "class": "forniceal_palpebral", "class_id": 1, "detection_id": "b1f282c5-bfd1-45e0-a416-0c839171df34"}, {"x": 1561.0, "y": 1963.0, "width": 2854.0, "height": 1676.0, "confidence": 0.6076802015304565, "class": "forniceal", "class_id": 0, "detection_id": "7067c624-8f42-4959-85d4-02497db47431"}]}