{"inference_id": "15f6e8e1-253b-4e75-8504-737dab2047e7", "time": 0.1472604840000713, "image": {"width": 2988, "height": 3984}, "predictions": [{"x": 1318.5, "y": 2563.5, "width": 2547.0, "height": 1197.0, "confidence": 0.7921746373176575, "class": "forniceal", "class_id": 0, "detection_id": "3b4b81e5-53cf-475d-93a3-a3b11925ff0c"}, {"x": 1361.0, "y": 2560.5, "width": 2530.0, "height": 1265.0, "confidence": 0.7729731202125549, "class": "forniceal_palpebral", "class_id": 1, "detection_id": "b4db59b0-227e-422a-91e6-820c498e8167"}, {"x": 1332.5, "y": 2607.0, "width": 2497.0, "height": 1174.0, "confidence": 0.6743361949920654, "class": "palpebral", "class_id": 2, "detection_id": "fa1e3de3-d0a5-4176-9335-7f724a4adb52"}]}