{"inference_id": "a6117e24-3728-4bc0-96e8-11278c6fc9ce", "time": 0.16369961000009425, "image": {"width": 2988, "height": 3984}, "predictions": [{"x": 1670.0, "y": 2884.5, "width": 2352.0, "height": 1115.0, "confidence": 0.7567123174667358, "class": "palpebral", "class_id": 2, "detection_id": "408ccf2e-04bc-489c-b3c2-f86a149e8ad5"}, {"x": 1614.5, "y": 2538.0, "width": 2587.0, "height": 1292.0, "confidence": 0.6755672693252563, "class": "forniceal", "class_id": 0, "detection_id": "a03624de-781b-4b34-b268-174e4110ef2f"}, {"x": 1674.5, "y": 2707.5, "width": 2429.0, "height": 1493.0, "confidence": 0.6174167394638062, "class": "forniceal_palpebral", "class_id": 1, "detection_id": "33ec6ff7-8512-43a6-b6f4-aa4c5bf36caa"}]}