{"inference_id": "d20a7e80-471a-4258-9b25-e4953f0dfc9b", "time": 0.1586827349997293, "image": {"width": 2988, "height": 3984}, "predictions": [{"x": 1647.0, "y": 2273.5, "width": 2682.0, "height": 1703.0, "confidence": 0.7258104085922241, "class": "forniceal_palpebral", "class_id": 1, "detection_id": "ae9d1b8f-ca8c-4513-8602-beca1c46eb27"}, {"x": 1675.5, "y": 2366.0, "width": 2625.0, "height": 1498.0, "confidence": 0.4756908118724823, "class": "palpebral", "class_id": 2, "detection_id": "a6f252f1-9868-4e0e-89c5-d1200e288d50"}]}