{"inference_id": "f078ef83-54cf-4595-b5fe-e06c848488f2", "time": 0.12072951600021042, "image": {"width": 2988, "height": 3984}, "predictions": [{"x": 1428.5, "y": 2313.5, "width": 2857.0, "height": 1665.0, "confidence": 0.7315149903297424, "class": "forniceal_palpebral", "class_id": 1, "detection_id": "9a6a8e82-ccc7-4422-8418-b7705fbe4228"}, {"x": 1445.0, "y": 2154.0, "width": 2886.0, "height": 1510.0, "confidence": 0.6371803283691406, "class": "forniceal", "class_id": 0, "detection_id": "05096070-22f5-4f2b-b734-fbfe7b8d3db2"}, {"x": 1443.0, "y": 2450.0, "width": 2824.0, "height": 1492.0, "confidence": 0.6129459738731384, "class": "palpebral", "class_id": 2, "detection_id": "867b24d6-426c-4c67-92ca-80c30f8a2a62"}]}