{"inference_id": "a5ba4b61-a34c-4038-a7b2-0fcebbe4b60f", "time": 0.14887107799995647, "image": {"width": 2988, "height": 3984}, "predictions": [{"x": 1374.5, "y": 2897.5, "width": 2711.0, "height": 1433.0, "confidence": 0.8106515407562256, "class": "forniceal_palpebral", "class_id": 1, "detection_id": "8cd51d82-dfda-435f-8d61-0a876687d2a9"}, {"x": 1387.0, "y": 2742.0, "width": 2728.0, "height": 1454.0, "confidence": 0.751354455947876, "class": "forniceal", "class_id": 0, "detection_id": "c25b5ea2-1de5-47d0-b54d-bafa59b929ae"}, {"x": 1406.0, "y": 2989.0, "width": 2646.0, "height": 1112.0, "confidence": 0.6946180462837219, "class": "palpebral", "class_id": 2, "detection_id": "da4946de-3e30-4b37-b9f4-005fd6f56510"}]}