{"inference_id": "5b232890-a0d4-4cad-a8cd-6d0b3d260bdd", "time": 0.11857274800013329, "image": {"width": 2988, "height": 3984}, "predictions": [{"x": 1550.0, "y": 2516.0, "width": 2664.0, "height": 1700.0, "confidence": 0.7271910905838013, "class": "forniceal_palpebral", "class_id": 1, "detection_id": "3f7bcd2e-827f-4cd0-80ce-f3ecb1de2c7b"}, {"x": 1485.5, "y": 2541.0, "width": 2545.0, "height": 1592.0, "confidence": 0.6390433311462402, "class": "forniceal", "class_id": 0, "detection_id": "b251ab06-3200-4a81-8e59-1faea12c2c0a"}, {"x": 1474.0, "y": 2611.0, "width": 2512.0, "height": 1460.0, "confidence": 0.5622678995132446, "class": "palpebral", "class_id": 2, "detection_id": "eacd15eb-2abc-4420-97c7-8d5a4ab6ea22"}]}