{"inference_id": "b263bc6c-da5f-489d-a7fe-330b3d649576", "time": 0.14912013000002844, "image": {"width": 2988, "height": 3984}, "predictions": [{"x": 1008.0, "y": 2658.0, "width": 1986.0, "height": 920.0, "confidence": 0.8187304139137268, "class": "forniceal", "class_id": 0, "detection_id": "9b2091ed-60c7-4084-b7ee-74846ba9ab2e"}, {"x": 1173.0, "y": 3070.5, "width": 2316.0, "height": 1009.0, "confidence": 0.679870069026947, "class": "palpebral", "class_id": 2, "detection_id": "6979f874-349c-4e68-b852-2d1cd8220bd6"}, {"x": 1240.0, "y": 2882.0, "width": 2350.0, "height": 1324.0, "confidence": 0.6235032677650452, "class": "forniceal_palpebral", "class_id": 1, "detection_id": "daac6b84-fd29-4907-b16e-b6aa481f36b1"}]}