{"inference_id": "d6d41c58-144c-4016-adaa-93cb5bf8331b", "time": 0.1298626409998178, "image": {"width": 2988, "height": 3984}, "predictions": [{"x": 1565.5, "y": 2332.0, "width": 2845.0, "height": 1232.0, "confidence": 0.7081183791160583, "class": "forniceal_palpebral", "class_id": 1, "detection_id": "6fdc37e6-2a26-4aa2-ad46-895e136f6026"}, {"x": 1560.5, "y": 2413.5, "width": 2855.0, "height": 1135.0, "confidence": 0.5337045788764954, "class": "palpebral", "class_id": 2, "detection_id": "97c249b0-8105-4539-b59d-162eeeeb414f"}, {"x": 1588.5, "y": 2181.0, "width": 2793.0, "height": 1190.0, "confidence": 0.2544018626213074, "class": "forniceal", "class_id": 0, "detection_id": "ed908222-e944-4022-9e19-6bc1a7062d62"}]}