{"inference_id": "2794e8b7-23c4-4b92-9a42-b60aca0b6ebe", "time": 0.13766607900015515, "image": {"width": 2988, "height": 3984}, "predictions": [{"x": 1417.5, "y": 2475.0, "width": 2745.0, "height": 1288.0, "confidence": 0.6358439922332764, "class": "forniceal_palpebral", "class_id": 1, "detection_id": "d847d10d-0359-4757-a131-7d1cb121546b"}, {"x": 1415.5, "y": 2360.5, "width": 2831.0, "height": 1321.0, "confidence": 0.5783095359802246, "class": "forniceal", "class_id": 0, "detection_id": "b58c5bd3-a215-4a5c-aa85-244a11c46091"}, {"x": 1490.5, "y": 2492.5, "width": 2609.0, "height": 1175.0, "confidence": 0.29568663239479065, "class": "palpebral", "class_id": 2, "detection_id": "a0207388-9bff-4303-9bfc-42174e637b96"}]}