{"inference_id": "aae56b87-6326-4aba-9793-ab95f95683ca", "time": 0.14563682400012112, "image": {"width": 2988, "height": 3984}, "predictions": [{"x": 1390.0, "y": 2551.0, "width": 2074.0, "height": 1178.0, "confidence": 0.8470736742019653, "class": "forniceal", "class_id": 0, "detection_id": "16fc4080-c0f3-4cf3-a752-92712bd5d5b0"}, {"x": 1392.5, "y": 2552.5, "width": 2139.0, "height": 1143.0, "confidence": 0.8246244192123413, "class": "forniceal_palpebral", "class_id": 1, "detection_id": "e67023d5-82d9-496d-a37f-cc1aa4b61bb6"}, {"x": 1403.0, "y": 2594.5, "width": 2090.0, "height": 1089.0, "confidence": 0.8132787942886353, "class": "palpebral", "class_id": 2, "detection_id": "b45d3fed-dbef-4994-974d-a141126f42f9"}]}