{"inference_id": "c18d23e3-0c55-4c14-a658-88b2dfb93c3a", "time": 0.12478471600002194, "image": {"width": 2988, "height": 3984}, "predictions": [{"x": 1476.0, "y": 2524.0, "width": 2840.0, "height": 1236.0, "confidence": 0.6977646350860596, "class": "forniceal", "class_id": 0, "detection_id": "b329c591-45c5-4ead-b6d4-810dc86ea955"}, {"x": 1554.5, "y": 2535.5, "width": 2829.0, "height": 1377.0, "confidence": 0.6785300970077515, "class": "forniceal_palpebral", "class_id": 1, "detection_id": "91ac383b-5edf-473d-a6c4-2e434a978bd9"}, {"x": 1468.0, "y": 2665.5, "width": 2842.0, "height": 1303.0, "confidence": 0.6596676111221313, "class": "palpebral", "class_id": 2, "detection_id": "10a10643-8034-483b-95fa-f5aa686dca26"}]}