{"inference_id": "b4271d0b-025d-4091-be72-0eebee87c9f9", "time": 0.1472052890003397, "image": {"width": 2988, "height": 3984}, "predictions": [{"x": 1580.5, "y": 2476.0, "width": 2683.0, "height": 994.0, "confidence": 0.8096306324005127, "class": "palpebral", "class_id": 2, "detection_id": "54283e44-5ce0-4eca-a3bb-ede29effa79f"}, {"x": 1595.5, "y": 2476.0, "width": 2701.0, "height": 914.0, "confidence": 0.8040355443954468, "class": "forniceal_palpebral", "class_id": 1, "detection_id": "5d4a3bc8-9c86-4ce0-9a12-63890d635745"}, {"x": 1646.5, "y": 2345.5, "width": 2635.0, "height": 853.0, "confidence": 0.49651163816452026, "class": "forniceal", "class_id": 0, "detection_id": "a61799c4-9124-4521-8395-4ddeadb3fc7e"}]}