{"inference_id": "7ca1a072-f4d8-4999-a32c-1cd73a49b4ce", "time": 0.14219624500037753, "image": {"width": 2988, "height": 3984}, "predictions": [{"x": 1372.0, "y": 2523.0, "width": 2516.0, "height": 1374.0, "confidence": 0.7963201999664307, "class": "forniceal_palpebral", "class_id": 1, "detection_id": "2847a145-b347-4cfa-bf30-c39b27b6d476"}, {"x": 1388.0, "y": 2587.0, "width": 2478.0, "height": 1142.0, "confidence": 0.6368175745010376, "class": "palpebral", "class_id": 2, "detection_id": "4fec8ac5-d124-4842-b888-aba333cd4427"}, {"x": 1404.0, "y": 2409.5, "width": 2574.0, "height": 1309.0, "confidence": 0.5413395166397095, "class": "forniceal", "class_id": 0, "detection_id": "1dbd3bca-d5a6-4313-b551-0c4049d737da"}]}