{"inference_id": "0e5d4d92-436a-433a-a1aa-aecb25678cd9", "time": 0.12395983099986552, "image": {"width": 2988, "height": 3984}, "predictions": [{"x": 1330.0, "y": 2298.0, "width": 2486.0, "height": 1186.0, "confidence": 0.7919813990592957, "class": "forniceal", "class_id": 0, "detection_id": "cd37cc23-9756-48af-b833-9413847d18f2"}, {"x": 1379.0, "y": 2549.5, "width": 2612.0, "height": 1451.0, "confidence": 0.7837561368942261, "class": "forniceal_palpebral", "class_id": 1, "detection_id": "5a4ac143-59ce-427e-8ae2-6440ab762bbb"}, {"x": 1385.0, "y": 2636.0, "width": 2554.0, "height": 1268.0, "confidence": 0.7534815073013306, "class": "palpebral", "class_id": 2, "detection_id": "e5b0885e-386d-4bc4-9496-1e32ce315d9a"}]}