{"inference_id": "77e91074-0194-4587-9359-f369a8849e9c", "time": 0.12760406300003524, "image": {"width": 2988, "height": 3984}, "predictions": [{"x": 1524.0, "y": 2722.5, "width": 2928.0, "height": 1713.0, "confidence": 0.7402162551879883, "class": "forniceal_palpebral", "class_id": 1, "detection_id": "9c4d5e29-0aa9-4ee8-88e2-61cd33d7bf6b"}, {"x": 1548.0, "y": 2869.5, "width": 2880.0, "height": 1561.0, "confidence": 0.7310692071914673, "class": "palpebral", "class_id": 2, "detection_id": "4db8df3b-677e-4371-a0ee-3662f4613511"}, {"x": 1469.0, "y": 2541.5, "width": 2872.0, "height": 1521.0, "confidence": 0.6048566102981567, "class": "forniceal", "class_id": 0, "detection_id": "2ba2356c-7e91-4e23-8a9c-6d1ce36fd263"}]}