{"inference_id": "e6bfd2df-94aa-49fa-b075-b4162bd6ca88", "time": 0.12763938600028268, "image": {"width": 2988, "height": 3984}, "predictions": [{"x": 1512.0, "y": 2318.0, "width": 2952.0, "height": 1852.0, "confidence": 0.6739616394042969, "class": "forniceal_palpebral", "class_id": 1, "detection_id": "6efb7eb6-87fd-4bdb-9c68-46035c78e32b"}, {"x": 1569.0, "y": 2442.0, "width": 2830.0, "height": 1764.0, "confidence": 0.4999586343765259, "class": "palpebral", "class_id": 2, "detection_id": "2395370d-1e39-4f66-8eba-dcfa7c3fd2bd"}, {"x": 1451.0, "y": 2289.5, "width": 2814.0, "height": 1791.0, "confidence": 0.4886538088321686, "class": "forniceal", "class_id": 0, "detection_id": "fd8ea1f7-1689-4c82-83bb-e6922d77bd2f"}]}