{"inference_id": "b781e96a-3a3f-44a5-afad-5627defd59bb", "time": 0.11373470700004873, "image": {"width": 2988, "height": 3984}, "predictions": [{"x": 1460.5, "y": 2710.5, "width": 2921.0, "height": 1779.0, "confidence": 0.7204726934432983, "class": "forniceal_palpebral", "class_id": 1, "detection_id": "3599f219-d7ae-40dd-99ef-0ee1ce7ebef6"}, {"x": 1442.5, "y": 2852.5, "width": 2885.0, "height": 1577.0, "confidence": 0.6982858180999756, "class": "palpebral", "class_id": 2, "detection_id": "b8e5dac8-b0b8-4162-b922-0b87da75b609"}]}