{"inference_id": "dc3c3acd-1f33-473e-b2fb-78d6ee101124", "time": 0.1416046730000744, "image": {"width": 2988, "height": 3984}, "predictions": [{"x": 1577.0, "y": 2747.5, "width": 2674.0, "height": 1655.0, "confidence": 0.796658992767334, "class": "forniceal", "class_id": 0, "detection_id": "079829ce-1732-47a5-91b1-ca9e395b1f23"}, {"x": 1548.5, "y": 2992.0, "width": 2563.0, "height": 1272.0, "confidence": 0.709279477596283, "class": "palpebral", "class_id": 2, "detection_id": "0612ab41-563c-40c0-bf0d-311fa1483fb8"}, {"x": 1555.5, "y": 2863.0, "width": 2611.0, "height": 1602.0, "confidence": 0.705661416053772, "class": "forniceal_palpebral", "class_id": 1, "detection_id": "5952349c-a620-4c7e-b7c7-dddc002c54e3"}]}