{"inference_id": "42014d14-e47b-4fd2-9b48-64a70582f426", "time": 0.11399566200003619, "image": {"width": 2988, "height": 3984}, "predictions": [{"x": 1532.5, "y": 2258.0, "width": 1543.0, "height": 770.0, "confidence": 0.7769140601158142, "class": "palpebral", "class_id": 2, "detection_id": "518bc5da-2d41-4a55-a212-1910c40acb45"}, {"x": 1482.0, "y": 2239.5, "width": 1604.0, "height": 791.0, "confidence": 0.7290186285972595, "class": "forniceal_palpebral", "class_id": 1, "detection_id": "efd3c0f4-a574-48de-8d89-fe6bd542eb38"}, {"x": 1429.0, "y": 2163.0, "width": 1730.0, "height": 674.0, "confidence": 0.6037749648094177, "class": "forniceal", "class_id": 0, "detection_id": "1ba8fac2-1e51-4f98-b21f-a8ce091be604"}]}