{"inference_id": "ae50c209-c608-4c06-892e-901e62fd7110", "time": 0.15707359199996063, "image": {"width": 2988, "height": 3984}, "predictions": [{"x": 1345.0, "y": 2492.5, "width": 2634.0, "height": 1459.0, "confidence": 0.8153239488601685, "class": "forniceal", "class_id": 0, "detection_id": "e723de95-b8a3-4ad7-99e3-78921fe6c4a4"}, {"x": 1366.5, "y": 2677.5, "width": 2563.0, "height": 1517.0, "confidence": 0.7560741305351257, "class": "forniceal_palpebral", "class_id": 1, "detection_id": "523e6703-dd04-4995-b192-5a257916e52c"}, {"x": 1350.5, "y": 2673.0, "width": 2621.0, "height": 1558.0, "confidence": 0.753278911113739, "class": "palpebral", "class_id": 2, "detection_id": "f415c804-0aaa-4b55-aa9d-a381ea959536"}]}