{"inference_id": "e7bc6536-d233-41e1-9979-e1cc1932d113", "time": 0.1381382780000422, "image": {"width": 2988, "height": 3984}, "predictions": [{"x": 1295.5, "y": 1749.0, "width": 2525.0, "height": 1602.0, "confidence": 0.8160386681556702, "class": "forniceal", "class_id": 0, "detection_id": "1e34f5e6-bd57-4da4-b435-0589e3ce747a"}, {"x": 1313.5, "y": 1926.5, "width": 2599.0, "height": 1873.0, "confidence": 0.8011763095855713, "class": "forniceal_palpebral", "class_id": 1, "detection_id": "97f7c16b-a477-479d-a574-552011464543"}, {"x": 1296.5, "y": 2192.5, "width": 2499.0, "height": 1597.0, "confidence": 0.7480709552764893, "class": "palpebral", "class_id": 2, "detection_id": "f179c6d7-eaa6-4e23-be07-f691d3df1693"}]}