{"inference_id": "7070e4f9-6959-4728-9d1e-7b6fdb0aef34", "time": 0.14318476900007227, "image": {"width": 2988, "height": 3984}, "predictions": [{"x": 1433.5, "y": 2523.0, "width": 2867.0, "height": 1900.0, "confidence": 0.7906283736228943, "class": "forniceal_palpebral", "class_id": 1, "detection_id": "a1736536-03f4-4462-9629-ae6415e6ee2f"}, {"x": 1432.5, "y": 2646.0, "width": 2793.0, "height": 1724.0, "confidence": 0.6971874237060547, "class": "palpebral", "class_id": 2, "detection_id": "0c7a7cc7-89ff-4e7f-9cad-c692a0023a0a"}, {"x": 1457.0, "y": 2381.5, "width": 2914.0, "height": 1847.0, "confidence": 0.6222763061523438, "class": "forniceal", "class_id": 0, "detection_id": "fe3c5214-a11c-4f5c-895e-a68c140c9dda"}]}