{"inference_id": "dc0a372c-2877-4fa1-aeda-c31c0475518b", "time": 0.1598689860002196, "image": {"width": 2988, "height": 3984}, "predictions": [{"x": 1626.0, "y": 2318.0, "width": 2538.0, "height": 1046.0, "confidence": 0.8383148312568665, "class": "forniceal", "class_id": 0, "detection_id": "6445267a-4205-4c8d-8dc0-be5fba8162e0"}, {"x": 1643.5, "y": 2475.5, "width": 2499.0, "height": 1149.0, "confidence": 0.8277785778045654, "class": "palpebral", "class_id": 2, "detection_id": "155ec3cf-34ba-4543-b644-f54cc881ebe8"}, {"x": 1647.5, "y": 2478.5, "width": 2489.0, "height": 1155.0, "confidence": 0.7227723598480225, "class": "forniceal_palpebral", "class_id": 1, "detection_id": "70d4ab25-1a5d-4d1b-8942-cf47239dc499"}]}