{"inference_id": "6dbf51ce-2d5b-4ab2-93d8-c2c26f86c773", "time": 0.11889054799985388, "image": {"width": 2988, "height": 3984}, "predictions": [{"x": 1464.5, "y": 2668.0, "width": 2545.0, "height": 1580.0, "confidence": 0.7937473654747009, "class": "forniceal_palpebral", "class_id": 1, "detection_id": "105245c4-636f-4419-85f0-c8e79907daea"}, {"x": 1585.0, "y": 2794.5, "width": 2244.0, "height": 1351.0, "confidence": 0.7635102272033691, "class": "palpebral", "class_id": 2, "detection_id": "7e4568a6-71d1-4a29-9ca4-7065ab1f75e9"}, {"x": 1538.0, "y": 2722.5, "width": 2426.0, "height": 1433.0, "confidence": 0.7366477251052856, "class": "forniceal", "class_id": 0, "detection_id": "334a2975-85a5-4986-947f-cd42ffc1aadc"}]}