{"inference_id": "ebebf088-5392-4878-882e-f308b8d37189", "time": 0.14793471099983435, "image": {"width": 2988, "height": 3984}, "predictions": [{"x": 1278.5, "y": 2459.0, "width": 2433.0, "height": 1294.0, "confidence": 0.815342128276825, "class": "palpebral", "class_id": 2, "detection_id": "329733ff-e67a-4bc4-a10b-086f8edff5a5"}, {"x": 1271.0, "y": 2338.5, "width": 2488.0, "height": 1429.0, "confidence": 0.7724329233169556, "class": "forniceal_palpebral", "class_id": 1, "detection_id": "f59afe77-c8ef-4674-bf64-d41462f2a49e"}, {"x": 1282.5, "y": 2151.0, "width": 2495.0, "height": 1090.0, "confidence": 0.7461623549461365, "class": "forniceal", "class_id": 0, "detection_id": "3613dd9c-e696-4981-aa39-cd6d2fc15130"}]}