{"inference_id": "089d5b39-b7f1-4820-90c1-57bbf81e37e4", "time": 0.15465239800005293, "image": {"width": 2988, "height": 3984}, "predictions": [{"x": 1417.0, "y": 2825.0, "width": 2362.0, "height": 1218.0, "confidence": 0.8171378374099731, "class": "palpebral", "class_id": 2, "detection_id": "0979d7c1-5c4b-41c9-a0c8-9d9355c7627c"}, {"x": 1405.5, "y": 2718.5, "width": 2399.0, "height": 1441.0, "confidence": 0.7938323020935059, "class": "forniceal_palpebral", "class_id": 1, "detection_id": "a4ba62f1-a818-442c-bc41-54ac223e30f1"}, {"x": 1430.5, "y": 2591.5, "width": 2413.0, "height": 1241.0, "confidence": 0.7092430591583252, "class": "forniceal", "class_id": 0, "detection_id": "b04a6812-092f-4de6-b05c-5b14445ee187"}]}