{"inference_id": "da626fc7-7e4b-4da1-8485-9f50ab3833aa", "time": 0.12994325799991202, "image": {"width": 2988, "height": 3984}, "predictions": [{"x": 1469.0, "y": 2703.5, "width": 2694.0, "height": 1519.0, "confidence": 0.7777310609817505, "class": "forniceal_palpebral", "class_id": 1, "detection_id": "37bd82d0-61e2-4619-b96a-7934a04c3268"}, {"x": 1481.0, "y": 2533.5, "width": 2664.0, "height": 1307.0, "confidence": 0.6323466300964355, "class": "forniceal", "class_id": 0, "detection_id": "77498ceb-6c79-4578-a5ca-25d116b26253"}, {"x": 1448.0, "y": 2747.5, "width": 2606.0, "height": 1421.0, "confidence": 0.366062194108963, "class": "palpebral", "class_id": 2, "detection_id": "3b22887d-26f1-4be6-b5ec-a6c1dc718a70"}]}