{"inference_id": "3fae83af-372d-4683-8b3e-7f40f7f01273", "time": 0.1613658480000595, "image": {"width": 2988, "height": 3984}, "predictions": [{"x": 1722.5, "y": 2741.5, "width": 2531.0, "height": 1351.0, "confidence": 0.8139908313751221, "class": "forniceal", "class_id": 0, "detection_id": "32c705dd-1720-45a7-9c5d-9e167f814a79"}, {"x": 1718.5, "y": 2871.0, "width": 2519.0, "height": 1348.0, "confidence": 0.8129552602767944, "class": "forniceal_palpebral", "class_id": 1, "detection_id": "8d7e5b1e-6ce0-4e34-88f2-e05003652a2c"}, {"x": 1720.0, "y": 2967.0, "width": 2536.0, "height": 1058.0, "confidence": 0.7224219441413879, "class": "palpebral", "class_id": 2, "detection_id": "2be18738-00b6-4945-a137-11624102c035"}]}