{"inference_id": "228589fc-05df-4be1-9bfa-158917123bda", "time": 0.1361696359999769, "image": {"width": 2988, "height": 3984}, "predictions": [{"x": 1563.5, "y": 2341.0, "width": 2751.0, "height": 1250.0, "confidence": 0.6895190477371216, "class": "forniceal_palpebral", "class_id": 1, "detection_id": "67f5bdaf-3239-4b32-95f6-2fd3f5703d78"}, {"x": 1584.0, "y": 2409.0, "width": 2710.0, "height": 1198.0, "confidence": 0.5643644332885742, "class": "palpebral", "class_id": 2, "detection_id": "8df6b56c-2cc0-4a6e-a0bc-d3418a29bcc2"}, {"x": 1572.5, "y": 2177.5, "width": 2749.0, "height": 1125.0, "confidence": 0.2566963732242584, "class": "forniceal", "class_id": 0, "detection_id": "8da23e4d-2cfc-4ae3-947b-f6e7ed8e7110"}]}