{"inference_id": "345c3c08-1531-4469-928d-1e3465ef53ba", "time": 0.15659450400016794, "image": {"width": 2988, "height": 3984}, "predictions": [{"x": 1591.0, "y": 2488.0, "width": 2712.0, "height": 1740.0, "confidence": 0.6562303900718689, "class": "forniceal_palpebral", "class_id": 1, "detection_id": "4f1fd2ea-5cf8-4170-ad90-d98847521c07"}, {"x": 1577.0, "y": 2642.0, "width": 2566.0, "height": 1444.0, "confidence": 0.6290631294250488, "class": "palpebral", "class_id": 2, "detection_id": "90672d47-d6ee-4adb-961b-0f95f6826d43"}, {"x": 1602.0, "y": 2351.5, "width": 2772.0, "height": 1727.0, "confidence": 0.6277070045471191, "class": "forniceal", "class_id": 0, "detection_id": "ba25f29d-aed0-4238-8219-93ab7fda2c32"}]}