{"inference_id": "16fb845e-c53b-4cc6-897f-2571bacdbb1c", "time": 0.13868034899996928, "image": {"width": 2988, "height": 3984}, "predictions": [{"x": 1409.5, "y": 2644.5, "width": 2559.0, "height": 1529.0, "confidence": 0.8109835386276245, "class": "palpebral", "class_id": 2, "detection_id": "8ac9873f-87da-4bd9-9cc1-20bb53ab9c25"}, {"x": 1385.5, "y": 2518.5, "width": 2649.0, "height": 1907.0, "confidence": 0.794493556022644, "class": "forniceal_palpebral", "class_id": 1, "detection_id": "1f26299d-217b-4cfc-9268-e06154ff0532"}, {"x": 1400.5, "y": 2320.0, "width": 2753.0, "height": 1804.0, "confidence": 0.7933675646781921, "class": "forniceal", "class_id": 0, "detection_id": "e7c0eae8-1a09-451d-9c87-1119c0f0961a"}]}