{"inference_id": "6c3319b3-dec1-4f51-9b91-ba72a9a5c356", "time": 0.14684854400002223, "image": {"width": 2988, "height": 3984}, "predictions": [{"x": 1426.5, "y": 2522.0, "width": 2853.0, "height": 1808.0, "confidence": 0.6846520900726318, "class": "forniceal_palpebral", "class_id": 1, "detection_id": "5f83801f-ffd3-420c-8a05-e4975e2d725d"}, {"x": 1404.5, "y": 2643.0, "width": 2783.0, "height": 1590.0, "confidence": 0.6248986721038818, "class": "palpebral", "class_id": 2, "detection_id": "931c13de-38e8-4eb7-8b3b-ec9107f53d13"}, {"x": 1356.5, "y": 2507.0, "width": 2683.0, "height": 1568.0, "confidence": 0.6140861511230469, "class": "forniceal", "class_id": 0, "detection_id": "4383f4af-a2c8-4c5f-bd30-df5165e9a33c"}]}