{"inference_id": "8c877eb9-d782-43de-a5f4-9ff1be93fe38", "time": 0.13757736799993836, "image": {"width": 2988, "height": 3984}, "predictions": [{"x": 1434.0, "y": 2285.0, "width": 2868.0, "height": 2022.0, "confidence": 0.5952752828598022, "class": "forniceal_palpebral", "class_id": 1, "detection_id": "24762580-6200-41de-960c-3ea45fe5e02a"}, {"x": 1331.5, "y": 2126.5, "width": 2663.0, "height": 1631.0, "confidence": 0.4747292399406433, "class": "forniceal", "class_id": 0, "detection_id": "fa86b98c-9514-4435-a390-5b2dbf54a5b8"}, {"x": 1418.5, "y": 2428.0, "width": 2837.0, "height": 1736.0, "confidence": 0.4387727677822113, "class": "palpebral", "class_id": 2, "detection_id": "6f256074-f549-4c69-ac98-5bc02828cce2"}]}