{"inference_id": "c867f568-8826-4992-8b1a-41ebcfd1b7ec", "time": 0.12322103700000753, "image": {"width": 2988, "height": 3984}, "predictions": [{"x": 1405.0, "y": 2224.0, "width": 2798.0, "height": 1428.0, "confidence": 0.7427002191543579, "class": "palpebral", "class_id": 2, "detection_id": "a0cff0ed-809a-4b36-ac47-c20747c2768c"}, {"x": 1409.0, "y": 2137.5, "width": 2818.0, "height": 1461.0, "confidence": 0.7403347492218018, "class": "forniceal_palpebral", "class_id": 1, "detection_id": "ea10a591-acf4-4acb-afa2-0d4f550c0470"}]}