{"inference_id": "0f4abc9e-df93-4bb0-a080-1ca05beabbe9", "time": 0.1558760660000189, "image": {"width": 2988, "height": 3984}, "predictions": [{"x": 1493.0, "y": 2129.0, "width": 2986.0, "height": 1786.0, "confidence": 0.680779218673706, "class": "forniceal", "class_id": 0, "detection_id": "9ae6ee70-1e2d-4ae8-8b1d-f4e4e2eda66e"}, {"x": 1494.0, "y": 2124.5, "width": 2988.0, "height": 1831.0, "confidence": 0.6403669714927673, "class": "forniceal_palpebral", "class_id": 1, "detection_id": "fffe28e0-4e8b-413e-8f51-f63057a5bea4"}, {"x": 1461.5, "y": 2417.0, "width": 2923.0, "height": 1270.0, "confidence": 0.4277769923210144, "class": "palpebral", "class_id": 2, "detection_id": "5e2a4c68-a4ac-47cc-b00b-e1de3cd08d73"}]}