{"inference_id": "1c3277e4-23f8-4f32-96ee-1ee35e38720d", "time": 0.1529773109996313, "image": {"width": 2988, "height": 3984}, "predictions": [{"x": 1166.0, "y": 2515.0, "width": 2054.0, "height": 1386.0, "confidence": 0.8484760522842407, "class": "palpebral", "class_id": 2, "detection_id": "7f8640c8-b948-4ea7-9b47-395c07f33648"}, {"x": 1195.5, "y": 2486.0, "width": 2021.0, "height": 1422.0, "confidence": 0.8271847367286682, "class": "forniceal_palpebral", "class_id": 1, "detection_id": "c1be505f-92b4-4848-b977-f84a7462be6e"}, {"x": 1150.0, "y": 2360.0, "width": 2000.0, "height": 1026.0, "confidence": 0.8040611743927002, "class": "forniceal", "class_id": 0, "detection_id": "528a4b5d-bb43-4734-aee7-1d2d277083a6"}]}