{"inference_id": "c76ee4ba-6a3e-4410-8673-b7d4cc6e7071", "time": 0.14067285800001628, "image": {"width": 2988, "height": 3984}, "predictions": [{"x": 1427.5, "y": 2511.0, "width": 2855.0, "height": 1770.0, "confidence": 0.7560625076293945, "class": "forniceal_palpebral", "class_id": 1, "detection_id": "631a13fe-83b6-4b1b-a5ec-1fc771315a7a"}, {"x": 1414.0, "y": 2627.0, "width": 2800.0, "height": 1584.0, "confidence": 0.6495668888092041, "class": "palpebral", "class_id": 2, "detection_id": "7347df0f-4775-433f-b706-f049568f182a"}, {"x": 1446.5, "y": 2388.0, "width": 2893.0, "height": 1768.0, "confidence": 0.45080968737602234, "class": "forniceal", "class_id": 0, "detection_id": "0cd8ba08-eb03-4e56-9b0d-4e08da0b0345"}]}