{"inference_id": "65726fe5-266e-4228-9ec2-bdd8a66ac962", "time": 0.16034708799998043, "image": {"width": 2988, "height": 3984}, "predictions": [{"x": 1686.5, "y": 2351.0, "width": 2603.0, "height": 1446.0, "confidence": 0.8014782071113586, "class": "forniceal", "class_id": 0, "detection_id": "0b2b9083-5c85-47d2-a4d5-37776159feb0"}, {"x": 1698.0, "y": 2403.5, "width": 2496.0, "height": 1329.0, "confidence": 0.6350114345550537, "class": "palpebral", "class_id": 2, "detection_id": "0fa0070c-b5db-47b5-8609-74d6a5ff8e7f"}, {"x": 1689.5, "y": 2403.5, "width": 2479.0, "height": 1391.0, "confidence": 0.633330762386322, "class": "forniceal_palpebral", "class_id": 1, "detection_id": "4188ecf9-eb2d-4b8c-8626-a0d3f8f2aa01"}]}