{"inference_id": "434e2b63-daa8-4a2f-8994-fca195f25b0c", "time": 0.13440670099998897, "image": {"width": 2988, "height": 3984}, "predictions": [{"x": 1566.0, "y": 2523.5, "width": 2844.0, "height": 1915.0, "confidence": 0.8015456199645996, "class": "forniceal_palpebral", "class_id": 1, "detection_id": "a5086191-ea18-4791-999b-80a0353015c9"}, {"x": 1588.0, "y": 2365.5, "width": 2800.0, "height": 1623.0, "confidence": 0.7319636940956116, "class": "forniceal", "class_id": 0, "detection_id": "fda8d00a-bdb1-443e-af68-e4246ce185b3"}, {"x": 1584.0, "y": 2629.5, "width": 2808.0, "height": 1835.0, "confidence": 0.7310620546340942, "class": "palpebral", "class_id": 2, "detection_id": "673fa092-8988-4147-a47a-ad2701719a65"}]}