{"inference_id": "f5d9b964-876c-4aef-bc9d-5a7b1d2667c7", "time": 0.14640294700006962, "image": {"width": 2988, "height": 3984}, "predictions": [{"x": 1549.0, "y": 2140.5, "width": 2680.0, "height": 1669.0, "confidence": 0.815751314163208, "class": "forniceal_palpebral", "class_id": 1, "detection_id": "9ccd0c0a-8264-44c9-9ab1-0255e8acb429"}, {"x": 1533.5, "y": 2139.5, "width": 2647.0, "height": 1717.0, "confidence": 0.8010933995246887, "class": "forniceal", "class_id": 0, "detection_id": "07705748-92d0-4378-ae0b-bfb659e06077"}, {"x": 1559.0, "y": 2236.0, "width": 2598.0, "height": 1560.0, "confidence": 0.7365568280220032, "class": "palpebral", "class_id": 2, "detection_id": "159e0630-d44d-4cb0-b356-f028b955aa64"}]}