{"inference_id": "918a5cac-6fb9-4619-a8ed-615cde9e5b36", "time": 0.1229794480000237, "image": {"width": 2988, "height": 3984}, "predictions": [{"x": 1416.5, "y": 2435.5, "width": 2833.0, "height": 1431.0, "confidence": 0.7272015810012817, "class": "forniceal_palpebral", "class_id": 1, "detection_id": "49005be8-126e-48e4-b83b-ba7ed8df0654"}, {"x": 1346.0, "y": 2360.5, "width": 2652.0, "height": 1219.0, "confidence": 0.41264083981513977, "class": "forniceal", "class_id": 0, "detection_id": "f45a56fc-fd09-4c4a-b1b6-7f185061f18b"}, {"x": 1412.5, "y": 2569.5, "width": 2749.0, "height": 1091.0, "confidence": 0.26136544346809387, "class": "palpebral", "class_id": 2, "detection_id": "bc3f9b24-70bb-47e1-aaa5-008a98e36d9e"}]}