{"inference_id": "cc18a757-6d59-489c-9a11-a0662d5319aa", "time": 0.1512533270001768, "image": {"width": 2988, "height": 3984}, "predictions": [{"x": 1412.0, "y": 2902.0, "width": 2824.0, "height": 1408.0, "confidence": 0.7268549203872681, "class": "forniceal_palpebral", "class_id": 1, "detection_id": "ea220eaa-28e0-46d7-850e-8e4ab8225718"}, {"x": 1415.0, "y": 3028.0, "width": 2696.0, "height": 1056.0, "confidence": 0.6373415589332581, "class": "palpebral", "class_id": 2, "detection_id": "51401693-01f1-4d54-a290-9cb69f97f188"}, {"x": 1360.0, "y": 2745.5, "width": 2666.0, "height": 1249.0, "confidence": 0.4902084767818451, "class": "forniceal", "class_id": 0, "detection_id": "ce9d0292-f6e6-4cdd-a430-06007d3ab059"}]}