{"inference_id": "54d4b097-38e1-4a30-8440-7b88ea5f45a1", "time": 0.12107547800042084, "image": {"width": 2988, "height": 3984}, "predictions": [{"x": 1266.0, "y": 2566.0, "width": 2510.0, "height": 1562.0, "confidence": 0.8722360730171204, "class": "forniceal", "class_id": 0, "detection_id": "63b3cc9c-b887-4e84-830c-aa6e3b476e8e"}, {"x": 1273.5, "y": 2639.0, "width": 2491.0, "height": 1526.0, "confidence": 0.8052292466163635, "class": "palpebral", "class_id": 2, "detection_id": "53bfec9a-b914-4153-954c-768aa7d7c7f1"}, {"x": 1289.0, "y": 2640.5, "width": 2470.0, "height": 1463.0, "confidence": 0.799040675163269, "class": "forniceal_palpebral", "class_id": 1, "detection_id": "6342aa75-fd09-4e2b-85e0-85fc3e42866a"}]}