{"inference_id": "e1791d2f-1417-4d4b-98e4-da8af8fda8a1", "time": 0.12065695499995854, "image": {"width": 2988, "height": 3984}, "predictions": [{"x": 1456.0, "y": 2272.5, "width": 2912.0, "height": 1499.0, "confidence": 0.7823578119277954, "class": "forniceal_palpebral", "class_id": 1, "detection_id": "26ef7607-4837-4225-8e4a-a7dfd5abe518"}, {"x": 1473.5, "y": 2435.5, "width": 2829.0, "height": 1053.0, "confidence": 0.6812757253646851, "class": "palpebral", "class_id": 2, "detection_id": "7a103888-f7a4-4dce-84a6-b65c2810fb0b"}, {"x": 1516.0, "y": 2142.0, "width": 2840.0, "height": 1442.0, "confidence": 0.4667101800441742, "class": "forniceal", "class_id": 0, "detection_id": "ad8e344a-12ae-4ff7-a482-f237bc2abd25"}]}