{"inference_id": "c36c9d71-bc77-4691-8b4e-6e000f0af3f3", "time": 0.15796279000005597, "image": {"width": 2988, "height": 3984}, "predictions": [{"x": 1508.5, "y": 2319.0, "width": 2959.0, "height": 2002.0, "confidence": 0.7557265162467957, "class": "forniceal_palpebral", "class_id": 1, "detection_id": "f9415727-fa88-444c-967f-d8c6a3231211"}, {"x": 1533.5, "y": 2450.5, "width": 2909.0, "height": 1801.0, "confidence": 0.68245530128479, "class": "palpebral", "class_id": 2, "detection_id": "c2c73692-cd38-4c2e-bc8d-246b211be1fa"}, {"x": 1516.0, "y": 2158.0, "width": 2944.0, "height": 1856.0, "confidence": 0.596668004989624, "class": "forniceal", "class_id": 0, "detection_id": "97fceb66-7599-450c-b058-ba8d13a184de"}]}