{"inference_id": "4a8edd5b-c4a0-45bd-8b2d-93832d6a5aea", "time": 0.13088237099987055, "image": {"width": 2988, "height": 3984}, "predictions": [{"x": 1436.0, "y": 2059.0, "width": 2872.0, "height": 1732.0, "confidence": 0.7468162775039673, "class": "forniceal_palpebral", "class_id": 1, "detection_id": "4a359e1b-1ab3-4a39-924a-efd4cc862ffa"}, {"x": 1431.0, "y": 2172.0, "width": 2826.0, "height": 1440.0, "confidence": 0.3454935550689697, "class": "palpebral", "class_id": 2, "detection_id": "082ef73d-b4f0-410c-b2f6-a53959f70166"}]}