{"inference_id": "9ef820d2-c88c-45f3-8877-35e16f613291", "time": 0.13988599200001772, "image": {"width": 2988, "height": 3984}, "predictions": [{"x": 1711.0, "y": 2249.0, "width": 2554.0, "height": 1500.0, "confidence": 0.7993905544281006, "class": "forniceal_palpebral", "class_id": 1, "detection_id": "f3bca97c-3ec4-4f39-ad9a-ec6d10117c08"}, {"x": 1718.0, "y": 2134.5, "width": 2540.0, "height": 1297.0, "confidence": 0.7868879437446594, "class": "forniceal", "class_id": 0, "detection_id": "3d7325dd-3fde-4c67-b279-9f204b80eaa7"}, {"x": 1663.5, "y": 2278.5, "width": 2601.0, "height": 1345.0, "confidence": 0.5649290084838867, "class": "palpebral", "class_id": 2, "detection_id": "4db513ee-b2de-4f8c-8547-99bf284c31c9"}]}