{"inference_id": "40206433-7700-4934-800b-aaeba69c7c71", "time": 0.14914911500000017, "image": {"width": 2988, "height": 3984}, "predictions": [{"x": 1432.0, "y": 2327.5, "width": 2864.0, "height": 1937.0, "confidence": 0.7501770853996277, "class": "forniceal_palpebral", "class_id": 1, "detection_id": "74c45c27-329f-4750-b2a5-a37bc6126198"}, {"x": 1357.5, "y": 2146.0, "width": 2715.0, "height": 1728.0, "confidence": 0.6246516704559326, "class": "forniceal", "class_id": 0, "detection_id": "b222be21-ee87-48cc-90df-e74dd0db8799"}, {"x": 1372.0, "y": 2451.5, "width": 2744.0, "height": 1771.0, "confidence": 0.5283572673797607, "class": "palpebral", "class_id": 2, "detection_id": "bb56a8d1-c30c-44d5-82af-e97e4dbb4b5e"}]}