{"inference_id": "3ff80373-4b48-488b-8813-58006b3ea5de", "time": 0.13994654099997206, "image": {"width": 2988, "height": 3984}, "predictions": [{"x": 1302.0, "y": 2686.0, "width": 2468.0, "height": 1256.0, "confidence": 0.8248574733734131, "class": "palpebral", "class_id": 2, "detection_id": "74cf2b69-62e1-4290-b68c-1f8414dbf85e"}, {"x": 1309.0, "y": 2528.0, "width": 2550.0, "height": 1512.0, "confidence": 0.7935329079627991, "class": "forniceal_palpebral", "class_id": 1, "detection_id": "eefd7151-222f-42b1-af96-728cec8ecbb0"}, {"x": 1314.5, "y": 2344.5, "width": 2565.0, "height": 1347.0, "confidence": 0.6776100993156433, "class": "forniceal", "class_id": 0, "detection_id": "c7f046ee-ecfc-4e63-a654-18a3c702c25a"}]}