{"inference_id": "535bbd94-2336-4e06-b2e4-ca6536d9b361", "time": 0.12145538999993732, "image": {"width": 2988, "height": 3984}, "predictions": [{"x": 1594.5, "y": 1865.0, "width": 2787.0, "height": 1746.0, "confidence": 0.7269294261932373, "class": "forniceal_palpebral", "class_id": 1, "detection_id": "ace1d615-026f-4c99-9cf6-6617a7e9f119"}, {"x": 1600.0, "y": 1751.0, "width": 2776.0, "height": 1722.0, "confidence": 0.6919471025466919, "class": "forniceal", "class_id": 0, "detection_id": "ef0672f8-bdf5-4cfa-a0f5-9723133c6323"}, {"x": 1600.0, "y": 1997.5, "width": 2698.0, "height": 1479.0, "confidence": 0.6229382753372192, "class": "palpebral", "class_id": 2, "detection_id": "bbdcd762-32d7-4ab8-9f80-4ca314f5ca28"}]}