{"inference_id": "61abd5db-6391-4384-a726-bfaa32521301", "time": 0.3302313439999125, "image": {"width": 2988, "height": 3984}, "predictions": [{"x": 1279.5, "y": 2507.5, "width": 2495.0, "height": 1253.0, "confidence": 0.7574613690376282, "class": "forniceal_palpebral", "class_id": 1, "detection_id": "63b7be0b-6b05-473a-8a21-68b07b1f8fc8"}, {"x": 1289.5, "y": 2574.5, "width": 2487.0, "height": 1047.0, "confidence": 0.5634965300559998, "class": "palpebral", "class_id": 2, "detection_id": "3b128b97-cd52-439e-b07d-b30564c03808"}, {"x": 1288.5, "y": 2361.0, "width": 2553.0, "height": 1238.0, "confidence": 0.559475839138031, "class": "forniceal", "class_id": 0, "detection_id": "22eda37a-51ef-436c-974a-d0b835bf278d"}]}