{"inference_id": "8fe1477b-43ee-4dd2-b8dd-694ac67c8f87", "time": 0.15919688300004964, "image": {"width": 2988, "height": 3984}, "predictions": [{"x": 986.5, "y": 2811.5, "width": 1933.0, "height": 845.0, "confidence": 0.8196765184402466, "class": "palpebral", "class_id": 2, "detection_id": "696e7a6b-e4ae-40c9-8ba7-eefe02080f8e"}, {"x": 1014.0, "y": 2339.5, "width": 2026.0, "height": 909.0, "confidence": 0.7097657322883606, "class": "forniceal", "class_id": 0, "detection_id": "124eec65-9685-4fbf-8bc8-a893a62b7392"}, {"x": 1054.0, "y": 2534.0, "width": 2102.0, "height": 1404.0, "confidence": 0.696649968624115, "class": "forniceal_palpebral", "class_id": 1, "detection_id": "69f3b4c4-a4e9-479d-8b1e-067111c3ef0b"}]}