{"inference_id": "5384cbff-1012-4cf2-8d38-87a8db3a7a19", "time": 0.1397386590001588, "image": {"width": 2988, "height": 3984}, "predictions": [{"x": 1315.0, "y": 2721.0, "width": 2566.0, "height": 1336.0, "confidence": 0.7785367965698242, "class": "forniceal", "class_id": 0, "detection_id": "12884805-659f-4334-8ad3-06804c309be3"}, {"x": 1324.0, "y": 2901.5, "width": 2566.0, "height": 1573.0, "confidence": 0.7522035837173462, "class": "forniceal_palpebral", "class_id": 1, "detection_id": "f129551c-886a-4fd3-943a-cc96b58aa76e"}, {"x": 1325.5, "y": 3024.5, "width": 2497.0, "height": 1423.0, "confidence": 0.6962730884552002, "class": "palpebral", "class_id": 2, "detection_id": "625ecb6c-51b2-4d19-906f-22d0f1ab8d93"}]}