{"inference_id": "1ea57291-ac18-40ad-b1b4-da496bdc8391", "time": 0.1112099990000388, "image": {"width": 2988, "height": 3984}, "predictions": [{"x": 1701.0, "y": 2526.0, "width": 2520.0, "height": 1402.0, "confidence": 0.7851504683494568, "class": "forniceal_palpebral", "class_id": 1, "detection_id": "c6c15eb5-b4ec-42d7-9ab6-9d228b9c5303"}, {"x": 1720.0, "y": 2631.5, "width": 2508.0, "height": 1227.0, "confidence": 0.7809305191040039, "class": "palpebral", "class_id": 2, "detection_id": "2e9dd214-12c7-4457-ba99-69c5f7ddd4aa"}, {"x": 1655.5, "y": 2515.5, "width": 2431.0, "height": 1079.0, "confidence": 0.7133939266204834, "class": "forniceal", "class_id": 0, "detection_id": "6870b3cb-0805-4a7b-bd9f-5878b3b27a35"}]}