{"inference_id": "b0874648-f093-4f7e-aa0d-810ab0c4d0fc", "time": 0.17128582600003028, "image": {"width": 2988, "height": 3984}, "predictions": [{"x": 1539.0, "y": 2684.5, "width": 2898.0, "height": 1697.0, "confidence": 0.783370316028595, "class": "forniceal_palpebral", "class_id": 1, "detection_id": "e8870205-86d4-49b4-8b0a-6f2cef0a1d1a"}, {"x": 1571.5, "y": 2841.5, "width": 2833.0, "height": 1349.0, "confidence": 0.7822768688201904, "class": "palpebral", "class_id": 2, "detection_id": "24e7fbed-429b-44fa-84d5-12f1930a6c58"}, {"x": 1561.5, "y": 2500.0, "width": 2819.0, "height": 1828.0, "confidence": 0.6596794128417969, "class": "forniceal", "class_id": 0, "detection_id": "edc29096-ff85-4d35-b8e6-e880bd64181f"}]}