{"inference_id": "425719c9-13c5-4d59-b9f9-30df9bca8e90", "time": 0.12676718500006245, "image": {"width": 2988, "height": 3984}, "predictions": [{"x": 1802.0, "y": 2750.5, "width": 2372.0, "height": 1225.0, "confidence": 0.7998318672180176, "class": "forniceal", "class_id": 0, "detection_id": "6d0ff1b2-537a-4fd0-86f1-49f568fc6002"}, {"x": 1781.0, "y": 2875.0, "width": 2376.0, "height": 1222.0, "confidence": 0.7702108025550842, "class": "palpebral", "class_id": 2, "detection_id": "aa8422d6-219f-4b7e-9e77-b57ab5bdee4f"}, {"x": 1778.0, "y": 2878.5, "width": 2384.0, "height": 1163.0, "confidence": 0.7647737264633179, "class": "forniceal_palpebral", "class_id": 1, "detection_id": "2435be7b-eb48-43fe-a567-2943b213618c"}]}