{"inference_id": "e93d4b8c-33e2-4e74-9aad-aedd6915e507", "time": 0.15090799400013566, "image": {"width": 2988, "height": 3984}, "predictions": [{"x": 1401.5, "y": 2314.5, "width": 2209.0, "height": 1141.0, "confidence": 0.7263201475143433, "class": "palpebral", "class_id": 2, "detection_id": "51615131-7ca7-486a-8b0b-2ee2b1f3af94"}, {"x": 1398.0, "y": 2318.0, "width": 2260.0, "height": 1108.0, "confidence": 0.7099809646606445, "class": "forniceal_palpebral", "class_id": 1, "detection_id": "452360e2-0e3a-4340-ad76-8524e6a7b759"}, {"x": 1393.0, "y": 2201.0, "width": 2176.0, "height": 964.0, "confidence": 0.52323979139328, "class": "forniceal", "class_id": 0, "detection_id": "e17232b7-e7a7-48b6-aa9e-9f7d3a8ebd50"}]}