{"inference_id": "d9290ac0-e8ab-494e-9936-732b0330cd51", "time": 0.16175119499985158, "image": {"width": 2988, "height": 3984}, "predictions": [{"x": 1419.5, "y": 2632.0, "width": 2179.0, "height": 1068.0, "confidence": 0.7307209968566895, "class": "palpebral", "class_id": 2, "detection_id": "65fc09f4-f9a6-4395-9956-f26bc8a5330a"}, {"x": 1383.5, "y": 2546.0, "width": 2289.0, "height": 1170.0, "confidence": 0.6951442956924438, "class": "forniceal_palpebral", "class_id": 1, "detection_id": "247cc44b-c55c-4386-b48c-0ee8978f086e"}, {"x": 1316.0, "y": 2387.0, "width": 2232.0, "height": 880.0, "confidence": 0.529411792755127, "class": "forniceal", "class_id": 0, "detection_id": "c6c84126-6338-4fc7-b303-b9009bcd686b"}]}