{"inference_id": "d5989a7e-3056-47cd-8db2-a29272352950", "time": 0.15168914499986386, "image": {"width": 2988, "height": 3984}, "predictions": [{"x": 1437.5, "y": 3101.5, "width": 2783.0, "height": 1269.0, "confidence": 0.8510705232620239, "class": "palpebral", "class_id": 2, "detection_id": "327b79fa-ee54-4031-a311-1fe231b788f2"}, {"x": 1432.5, "y": 2935.0, "width": 2853.0, "height": 1458.0, "confidence": 0.7934790849685669, "class": "forniceal_palpebral", "class_id": 1, "detection_id": "aa067c33-c3a6-4300-8609-cd614ecff8f2"}, {"x": 1449.0, "y": 2752.5, "width": 2862.0, "height": 1313.0, "confidence": 0.6456613540649414, "class": "forniceal", "class_id": 0, "detection_id": "0f1fa8d8-608b-4f36-b9c3-21a051c53f49"}]}