{"inference_id": "cb355c93-a3d7-4b67-9b60-212c36c0db84", "time": 0.11965350899981786, "image": {"width": 2988, "height": 3984}, "predictions": [{"x": 1457.5, "y": 2457.5, "width": 2915.0, "height": 1395.0, "confidence": 0.7466914653778076, "class": "forniceal_palpebral", "class_id": 1, "detection_id": "8cd00822-69f7-4a92-806a-ffdbb6c732f6"}, {"x": 1504.0, "y": 2469.5, "width": 2724.0, "height": 1315.0, "confidence": 0.39420995116233826, "class": "palpebral", "class_id": 2, "detection_id": "212a7458-c425-4a34-bb22-40a250153281"}, {"x": 1484.5, "y": 2311.0, "width": 2699.0, "height": 1422.0, "confidence": 0.3355211317539215, "class": "forniceal", "class_id": 0, "detection_id": "b9ae0725-4d42-4568-b4b2-d980fcf9bdd0"}]}