{"inference_id": "fc0f39f0-01bc-48d8-8209-30072e36a81d", "time": 0.11695743400002812, "image": {"width": 2988, "height": 3984}, "predictions": [{"x": 1277.5, "y": 2546.5, "width": 2517.0, "height": 1367.0, "confidence": 0.7411676645278931, "class": "forniceal", "class_id": 0, "detection_id": "b07bf778-75eb-48fa-8e2e-0c672d600533"}, {"x": 1287.0, "y": 2644.5, "width": 2456.0, "height": 1347.0, "confidence": 0.725920557975769, "class": "palpebral", "class_id": 2, "detection_id": "33130b98-7c27-4d28-bdd6-77e95ef47b71"}, {"x": 1371.5, "y": 2536.0, "width": 2743.0, "height": 1480.0, "confidence": 0.471405029296875, "class": "forniceal_palpebral", "class_id": 1, "detection_id": "4122f81c-1416-4eac-81f6-c4b45ce8d1dc"}]}