{"inference_id": "27b4a2bd-ebb6-4269-88f5-1cf78010d141", "time": 0.12916142400013086, "image": {"width": 2988, "height": 3984}, "predictions": [{"x": 1705.0, "y": 1905.0, "width": 2566.0, "height": 1074.0, "confidence": 0.8213176131248474, "class": "forniceal_palpebral", "class_id": 1, "detection_id": "18162404-ec97-4dbe-b1cd-85d37bfe7e45"}, {"x": 1709.5, "y": 1767.0, "width": 2557.0, "height": 1014.0, "confidence": 0.6912383437156677, "class": "forniceal", "class_id": 0, "detection_id": "afce08fa-15e6-471b-830d-37750249de1c"}, {"x": 1715.0, "y": 1945.0, "width": 2546.0, "height": 918.0, "confidence": 0.46514520049095154, "class": "palpebral", "class_id": 2, "detection_id": "93ff48d8-e7f0-4b63-908f-7b1e1ede4035"}]}