{"inference_id": "170b58c0-6e95-4b23-8a55-5f9fb4edba8b", "time": 0.1550251170001502, "image": {"width": 2988, "height": 3984}, "predictions": [{"x": 1485.5, "y": 2499.5, "width": 2971.0, "height": 1795.0, "confidence": 0.6129527688026428, "class": "forniceal_palpebral", "class_id": 1, "detection_id": "7802f989-f806-47ff-97de-12215d7331a8"}, {"x": 1449.5, "y": 2475.5, "width": 2781.0, "height": 1841.0, "confidence": 0.4651922881603241, "class": "forniceal", "class_id": 0, "detection_id": "6b079715-87c7-4885-bc66-300b3c89a9fe"}, {"x": 1623.0, "y": 2689.0, "width": 2730.0, "height": 1718.0, "confidence": 0.30969324707984924, "class": "palpebral", "class_id": 2, "detection_id": "ff6abb60-3f0c-4f8a-98ac-913c86cbb042"}]}