{"inference_id": "dcb15fba-25ac-43c4-8226-616e64581aa8", "time": 0.13411612100003367, "image": {"width": 2988, "height": 3984}, "predictions": [{"x": 1500.5, "y": 2508.0, "width": 2975.0, "height": 1708.0, "confidence": 0.695658802986145, "class": "forniceal_palpebral", "class_id": 1, "detection_id": "0fbeea22-358b-4f63-b5c8-1ce0444c81dc"}, {"x": 1490.5, "y": 2664.5, "width": 2981.0, "height": 1737.0, "confidence": 0.596157431602478, "class": "palpebral", "class_id": 2, "detection_id": "c2a4a444-5257-4ed6-b712-f702f9e6f2fd"}, {"x": 1521.0, "y": 2357.5, "width": 2934.0, "height": 1501.0, "confidence": 0.3872774839401245, "class": "forniceal", "class_id": 0, "detection_id": "8ec2b806-1600-49c4-a6e0-1c84b5057fc6"}]}