{"inference_id": "c879a00b-1b8b-4b39-9d31-9142db154295", "time": 0.09438827600001787, "image": {"width": 2988, "height": 3984}, "predictions": [{"x": 1336.5, "y": 2331.5, "width": 2595.0, "height": 1317.0, "confidence": 0.7480926513671875, "class": "forniceal", "class_id": 0, "detection_id": "0cb338af-3f5a-4c06-b276-ac2efee8ff12"}, {"x": 1399.5, "y": 2476.5, "width": 2757.0, "height": 1565.0, "confidence": 0.6945048570632935, "class": "forniceal_palpebral", "class_id": 1, "detection_id": "68fa2230-10b9-4834-a2a9-a3e04653ff6c"}, {"x": 1437.5, "y": 2596.0, "width": 2729.0, "height": 1196.0, "confidence": 0.36395445466041565, "class": "palpebral", "class_id": 2, "detection_id": "0b597fa1-6cab-44a8-a9a9-16296ee60aae"}]}