{"inference_id": "04f7259f-cbdc-4160-bca4-e46d1f12c8e7", "time": 0.1548260230001688, "image": {"width": 2988, "height": 3984}, "predictions": [{"x": 1607.0, "y": 2334.5, "width": 2536.0, "height": 1333.0, "confidence": 0.797715425491333, "class": "forniceal_palpebral", "class_id": 1, "detection_id": "d08eeda8-42e8-4e3a-88ae-d516ea85245d"}, {"x": 1624.5, "y": 2177.0, "width": 2487.0, "height": 1070.0, "confidence": 0.7485047578811646, "class": "forniceal", "class_id": 0, "detection_id": "432f137a-525e-4a31-a083-3b13a601f603"}, {"x": 1608.0, "y": 2377.5, "width": 2498.0, "height": 1245.0, "confidence": 0.6614811420440674, "class": "palpebral", "class_id": 2, "detection_id": "a19bd7b2-2140-4be4-849c-747c17927ca1"}]}