{"inference_id": "aa1a9b28-e642-44ee-ae0e-7c776027a607", "time": 0.12209723699993447, "image": {"width": 2988, "height": 3984}, "predictions": [{"x": 1675.0, "y": 2139.0, "width": 2626.0, "height": 2070.0, "confidence": 0.7284858226776123, "class": "forniceal_palpebral", "class_id": 1, "detection_id": "a683f81b-e056-4e43-b696-fa136a341920"}, {"x": 1659.0, "y": 2641.0, "width": 2658.0, "height": 1256.0, "confidence": 0.5950219631195068, "class": "palpebral", "class_id": 2, "detection_id": "4f283090-fc5b-4ff3-994e-839dddc950d4"}, {"x": 1677.0, "y": 1975.0, "width": 2622.0, "height": 2060.0, "confidence": 0.361285001039505, "class": "forniceal", "class_id": 0, "detection_id": "83ac10f4-551c-48f9-a47b-030c491c8d2c"}]}