{"inference_id": "da0f2ae2-5db0-4005-b486-4c333776d516", "time": 0.17490499299992734, "image": {"width": 2988, "height": 3984}, "predictions": [{"x": 1546.5, "y": 2704.0, "width": 2883.0, "height": 1820.0, "confidence": 0.8183143138885498, "class": "forniceal_palpebral", "class_id": 1, "detection_id": "d5ff1a8d-21e8-418d-8de8-c0bcf232320a"}, {"x": 1557.5, "y": 2556.0, "width": 2861.0, "height": 1776.0, "confidence": 0.6981359720230103, "class": "forniceal", "class_id": 0, "detection_id": "6a39b2d2-82af-472d-a820-1a5cc21624fe"}, {"x": 1554.5, "y": 2816.0, "width": 2867.0, "height": 1616.0, "confidence": 0.6716642379760742, "class": "palpebral", "class_id": 2, "detection_id": "b8419c10-26f9-4989-85ef-3d7f9ff4fbc9"}]}