{"inference_id": "e2f900a5-3da6-4b34-90d5-d06c8061b386", "time": 0.10333739500003958, "image": {"width": 2988, "height": 3984}, "predictions": [{"x": 1292.0, "y": 2691.5, "width": 2584.0, "height": 1275.0, "confidence": 0.5882309675216675, "class": "forniceal_palpebral", "class_id": 1, "detection_id": "cbdb328d-8cee-4327-95ac-359a14d4f130"}, {"x": 1183.5, "y": 2692.0, "width": 2335.0, "height": 1246.0, "confidence": 0.3737480044364929, "class": "palpebral", "class_id": 2, "detection_id": "3369a63b-a37b-402a-8ed0-fd28d140caca"}]}