{"inference_id": "9b1d664b-a2c0-46dc-b3d6-c37ef4daa0df", "time": 0.11931001499999638, "image": {"width": 2988, "height": 3984}, "predictions": [{"x": 1594.5, "y": 2663.5, "width": 2539.0, "height": 1371.0, "confidence": 0.7177225351333618, "class": "palpebral", "class_id": 2, "detection_id": "042c400d-62b8-429d-9245-d8d5a04e80c9"}, {"x": 1563.0, "y": 2523.0, "width": 2628.0, "height": 1510.0, "confidence": 0.6430301666259766, "class": "forniceal_palpebral", "class_id": 1, "detection_id": "ec07ff96-d2fe-49f4-b583-270a6e4d926b"}, {"x": 1473.5, "y": 2479.5, "width": 2743.0, "height": 1337.0, "confidence": 0.47457513213157654, "class": "forniceal", "class_id": 0, "detection_id": "aeb0d648-9075-477a-bb35-475688343e52"}]}