{"inference_id": "098bbc8c-1349-4674-80d6-c9086af2616a", "time": 0.14203466899994055, "image": {"width": 2988, "height": 3984}, "predictions": [{"x": 1589.0, "y": 2310.5, "width": 2798.0, "height": 1655.0, "confidence": 0.7995957136154175, "class": "forniceal_palpebral", "class_id": 1, "detection_id": "55ef3811-a41a-4fc2-bcf9-ae6006005fe2"}, {"x": 1614.0, "y": 2153.0, "width": 2748.0, "height": 1530.0, "confidence": 0.7129001617431641, "class": "forniceal", "class_id": 0, "detection_id": "70e6001e-6992-4b93-aae1-7fa8f46325f6"}, {"x": 1598.0, "y": 2369.5, "width": 2780.0, "height": 1489.0, "confidence": 0.5410940647125244, "class": "palpebral", "class_id": 2, "detection_id": "2b5e59d2-5726-4f0c-80e0-40e3048436f5"}]}