{"inference_id": "84f7620a-23ae-4cdc-80ad-0d95384eb6b7", "time": 0.13979856600008134, "image": {"width": 2988, "height": 3984}, "predictions": [{"x": 1449.0, "y": 2486.5, "width": 2538.0, "height": 1939.0, "confidence": 0.7569236755371094, "class": "forniceal_palpebral", "class_id": 1, "detection_id": "96cfffc5-61e4-4c2d-941d-c289ebf5fab5"}, {"x": 1456.5, "y": 2164.0, "width": 2583.0, "height": 1656.0, "confidence": 0.6749364137649536, "class": "forniceal", "class_id": 0, "detection_id": "8da73c30-bd3d-434e-8a89-378279b60b19"}, {"x": 1414.5, "y": 2613.5, "width": 2471.0, "height": 1561.0, "confidence": 0.549208402633667, "class": "palpebral", "class_id": 2, "detection_id": "7f87e585-2dd6-43fc-8fad-c3b069ead773"}]}