{"inference_id": "e5d346ab-5c8f-4294-928c-13b11e9b643a", "time": 0.14145199400081765, "image": {"width": 2988, "height": 3984}, "predictions": [{"x": 1738.0, "y": 2548.0, "width": 2376.0, "height": 1158.0, "confidence": 0.8249915242195129, "class": "forniceal_palpebral", "class_id": 1, "detection_id": "f601000f-87db-4ff1-a8dd-2ec239bdc98d"}, {"x": 1726.0, "y": 2379.0, "width": 2338.0, "height": 846.0, "confidence": 0.6840833425521851, "class": "forniceal", "class_id": 0, "detection_id": "5a94e1ff-8cf6-4b70-884e-560a0fc782b1"}, {"x": 1741.0, "y": 2554.0, "width": 2388.0, "height": 1054.0, "confidence": 0.6270706653594971, "class": "palpebral", "class_id": 2, "detection_id": "12f3e4b5-e2a4-48e7-9e80-58a4373dfe9b"}]}