{"inference_id": "64fe88e6-0e72-4139-9c40-9cf1542bf36f", "time": 0.12383093199969153, "image": {"width": 2988, "height": 3984}, "predictions": [{"x": 1549.5, "y": 2357.0, "width": 2421.0, "height": 1078.0, "confidence": 0.8153676986694336, "class": "forniceal", "class_id": 0, "detection_id": "49d93e74-c544-4c3e-bc87-9be23fed7c42"}, {"x": 1484.5, "y": 2546.0, "width": 2401.0, "height": 1364.0, "confidence": 0.7737722396850586, "class": "forniceal_palpebral", "class_id": 1, "detection_id": "6fb37d06-82d6-4514-ace3-9225e553288d"}, {"x": 1469.5, "y": 2584.0, "width": 2347.0, "height": 1374.0, "confidence": 0.703855037689209, "class": "palpebral", "class_id": 2, "detection_id": "1fbd7e3d-36b2-4503-8a26-de3f1fabf673"}]}