{"inference_id": "019414f4-b521-41c9-88b7-9013029fa0a7", "time": 0.11917877500036411, "image": {"width": 2988, "height": 3984}, "predictions": [{"x": 1703.0, "y": 2103.0, "width": 2370.0, "height": 1416.0, "confidence": 0.8179455995559692, "class": "forniceal_palpebral", "class_id": 1, "detection_id": "0168f6c0-01bf-42a4-9a90-11ca0fed9359"}, {"x": 1719.0, "y": 1985.0, "width": 2360.0, "height": 1166.0, "confidence": 0.791029155254364, "class": "forniceal", "class_id": 0, "detection_id": "a4dea303-e6a7-4890-92fd-4a4e6873fb62"}, {"x": 1681.0, "y": 2086.5, "width": 2332.0, "height": 1353.0, "confidence": 0.6060128808021545, "class": "palpebral", "class_id": 2, "detection_id": "fe3ac3d0-dc4a-4d6f-a3f0-804e6f175807"}]}