{"inference_id": "98344864-3483-4080-abf8-f29f7d3f000b", "time": 0.136888024999962, "image": {"width": 2988, "height": 3984}, "predictions": [{"x": 1347.0, "y": 2319.0, "width": 2598.0, "height": 1332.0, "confidence": 0.7877879738807678, "class": "forniceal_palpebral", "class_id": 1, "detection_id": "c1d56929-53fc-4204-a2a9-2fedd16d9cc1"}, {"x": 1350.5, "y": 2113.0, "width": 2601.0, "height": 1066.0, "confidence": 0.7741603851318359, "class": "forniceal", "class_id": 0, "detection_id": "5edfb70a-b826-48f6-ad22-4bc4cbade8e0"}, {"x": 1341.0, "y": 2439.0, "width": 2548.0, "height": 1138.0, "confidence": 0.7452102899551392, "class": "palpebral", "class_id": 2, "detection_id": "acd2065f-439d-43b5-a805-6f06ea9daf23"}]}