{"inference_id": "71cbb555-9149-435d-b1d1-8d2c40b2a816", "time": 0.13382033199991383, "image": {"width": 2988, "height": 3984}, "predictions": [{"x": 1735.0, "y": 2123.0, "width": 2506.0, "height": 1918.0, "confidence": 0.7821747660636902, "class": "forniceal_palpebral", "class_id": 1, "detection_id": "661f90e5-cf82-4f15-a9b9-4d285183fdfe"}, {"x": 1736.0, "y": 1977.0, "width": 2504.0, "height": 1894.0, "confidence": 0.6320915222167969, "class": "forniceal", "class_id": 0, "detection_id": "4082b7d5-4569-42ec-af86-14cc9f69d13d"}, {"x": 1759.0, "y": 2427.5, "width": 2316.0, "height": 1333.0, "confidence": 0.6058640480041504, "class": "palpebral", "class_id": 2, "detection_id": "7e69e8b7-1622-49c1-a93a-d8e601d27464"}]}