{"inference_id": "93f3cfb6-ba0d-40d5-b61e-77a6c772cd8a", "time": 0.1532072770000923, "image": {"width": 2988, "height": 3984}, "predictions": [{"x": 1278.0, "y": 2312.5, "width": 2536.0, "height": 1727.0, "confidence": 0.8103412389755249, "class": "forniceal_palpebral", "class_id": 1, "detection_id": "10e282f1-cc97-40ef-8136-7ad90543ea74"}, {"x": 1274.5, "y": 2158.0, "width": 2481.0, "height": 1660.0, "confidence": 0.7873121500015259, "class": "forniceal", "class_id": 0, "detection_id": "f0177f8d-411e-471a-a501-a47cdbcda441"}, {"x": 1240.5, "y": 2594.0, "width": 2395.0, "height": 1206.0, "confidence": 0.7652565240859985, "class": "palpebral", "class_id": 2, "detection_id": "2a8aa234-8cbb-45d1-9f8f-f597ebdafeef"}]}