{"inference_id": "cc3753ff-6b1d-4664-ade1-de45b6df4a47", "time": 0.15088826999999583, "image": {"width": 2988, "height": 3984}, "predictions": [{"x": 1391.5, "y": 2699.5, "width": 2695.0, "height": 1529.0, "confidence": 0.8312581181526184, "class": "forniceal_palpebral", "class_id": 1, "detection_id": "f3befa94-d29e-40c2-85e6-c40fe54f9139"}, {"x": 1407.5, "y": 2536.0, "width": 2767.0, "height": 1524.0, "confidence": 0.8053998947143555, "class": "forniceal", "class_id": 0, "detection_id": "085aa818-3577-4c5a-a904-25a7c0fb24ae"}, {"x": 1409.5, "y": 2787.5, "width": 2697.0, "height": 1207.0, "confidence": 0.6480587720870972, "class": "palpebral", "class_id": 2, "detection_id": "5b044ce8-450e-4cc2-aefd-0755c824328f"}]}