{"inference_id": "47c730ea-385e-459e-b171-df9616ba35d2", "time": 0.16737714299961226, "image": {"width": 2988, "height": 3984}, "predictions": [{"x": 1416.0, "y": 2488.0, "width": 2832.0, "height": 1488.0, "confidence": 0.7687801122665405, "class": "forniceal_palpebral", "class_id": 1, "detection_id": "62567aff-e78f-4d6f-b880-4c1cf02a815b"}, {"x": 1404.0, "y": 2619.5, "width": 2794.0, "height": 1233.0, "confidence": 0.6186841726303101, "class": "palpebral", "class_id": 2, "detection_id": "71314361-f9b3-4de1-a0cb-bd96f8ce400c"}, {"x": 1357.0, "y": 2382.0, "width": 2714.0, "height": 1366.0, "confidence": 0.2763817012310028, "class": "forniceal", "class_id": 0, "detection_id": "5c64b49c-52ba-4cc5-9cd0-2ac80b32cd04"}]}