{"inference_id": "61d75f5f-f33a-414c-a680-c3137d8b347e", "time": 0.10526977900002521, "image": {"width": 2988, "height": 3984}, "predictions": [{"x": 1517.5, "y": 1949.0, "width": 2941.0, "height": 1960.0, "confidence": 0.6869617700576782, "class": "forniceal_palpebral", "class_id": 1, "detection_id": "e1e6f6af-b99e-494f-9ce2-f3c4d86da945"}, {"x": 1485.0, "y": 1956.5, "width": 2970.0, "height": 1819.0, "confidence": 0.46966132521629333, "class": "forniceal", "class_id": 0, "detection_id": "63cddf29-b4c6-4ef0-9a24-f01e81319eb7"}, {"x": 1463.0, "y": 2218.5, "width": 2926.0, "height": 1511.0, "confidence": 0.41486111283302307, "class": "palpebral", "class_id": 2, "detection_id": "f837f54a-ffda-4249-be7a-df610853dc3e"}]}