{"inference_id": "05e325c5-f7b1-4a5e-a954-854348233583", "time": 0.11245874200005801, "image": {"width": 2988, "height": 3984}, "predictions": [{"x": 1360.5, "y": 2520.5, "width": 2665.0, "height": 1457.0, "confidence": 0.7243813872337341, "class": "forniceal_palpebral", "class_id": 1, "detection_id": "a683cecb-250d-4355-85bd-735750284bf4"}, {"x": 1369.0, "y": 2650.0, "width": 2598.0, "height": 1234.0, "confidence": 0.7144911289215088, "class": "palpebral", "class_id": 2, "detection_id": "095e028c-59d3-4eaf-a366-d87789ca9774"}, {"x": 1311.0, "y": 2533.5, "width": 2526.0, "height": 1317.0, "confidence": 0.6639080047607422, "class": "forniceal", "class_id": 0, "detection_id": "0a05f6a0-7e9d-426e-a963-4c862a214f4b"}]}