{"inference_id": "2ea89939-0bc0-440f-b46b-4c603846c648", "time": 0.14876896400005535, "image": {"width": 2988, "height": 3984}, "predictions": [{"x": 1330.5, "y": 2500.0, "width": 2617.0, "height": 1386.0, "confidence": 0.7424837350845337, "class": "palpebral", "class_id": 2, "detection_id": "6aa5eaf1-63a8-4cee-a7f3-f1e6d4e4be00"}, {"x": 1404.5, "y": 2343.0, "width": 2729.0, "height": 1416.0, "confidence": 0.7016077041625977, "class": "forniceal", "class_id": 0, "detection_id": "38192f41-204a-4692-9241-ab826761f35f"}, {"x": 1384.5, "y": 2471.0, "width": 2631.0, "height": 1436.0, "confidence": 0.5958952903747559, "class": "forniceal_palpebral", "class_id": 1, "detection_id": "692ab407-f7bc-41f1-bb57-f973852e57c2"}]}