{"inference_id": "71dfe7a3-6636-4385-ab65-df5d932976bf", "time": 0.14952665800046816, "image": {"width": 2988, "height": 3984}, "predictions": [{"x": 1448.0, "y": 2534.0, "width": 2896.0, "height": 2024.0, "confidence": 0.742922306060791, "class": "forniceal_palpebral", "class_id": 1, "detection_id": "f26dca85-4f23-4793-9f7c-98318b3a879f"}, {"x": 1186.0, "y": 2866.5, "width": 2326.0, "height": 1159.0, "confidence": 0.5275629162788391, "class": "palpebral", "class_id": 2, "detection_id": "3f91386d-a358-4f97-8f75-6a976b0524ce"}, {"x": 1467.5, "y": 2380.0, "width": 2935.0, "height": 1798.0, "confidence": 0.47980132699012756, "class": "forniceal", "class_id": 0, "detection_id": "602c6186-10c5-413a-aee3-91bbd5011bc4"}]}