{"inference_id": "c19afe91-171d-46ca-8567-5f684f9864f2", "time": 0.16719716599982348, "image": {"width": 2988, "height": 3984}, "predictions": [{"x": 1550.0, "y": 2340.5, "width": 2876.0, "height": 1903.0, "confidence": 0.6763906478881836, "class": "forniceal", "class_id": 0, "detection_id": "c18aae5c-d6d0-4247-96ec-9890ec2134fc"}, {"x": 1564.5, "y": 2470.5, "width": 2847.0, "height": 1813.0, "confidence": 0.6228022575378418, "class": "forniceal_palpebral", "class_id": 1, "detection_id": "ab448ee3-1708-4fd4-9eaa-daa52cf3d7b5"}, {"x": 1592.0, "y": 2634.5, "width": 2792.0, "height": 1471.0, "confidence": 0.5719693899154663, "class": "palpebral", "class_id": 2, "detection_id": "a1e8cfe5-6d47-4df3-9930-27752235c0e8"}]}