{"inference_id": "adfc4cae-e362-413d-927b-4592751a10df", "time": 0.14068322699995406, "image": {"width": 2988, "height": 3984}, "predictions": [{"x": 1539.0, "y": 2696.0, "width": 2898.0, "height": 1552.0, "confidence": 0.7841053009033203, "class": "forniceal_palpebral", "class_id": 1, "detection_id": "7f95fbfd-f6e2-47a3-9514-b816b2f5d263"}, {"x": 1555.0, "y": 2558.5, "width": 2866.0, "height": 1453.0, "confidence": 0.5998368859291077, "class": "forniceal", "class_id": 0, "detection_id": "65549fd7-b751-43fd-9cfa-0319e989ad5e"}, {"x": 1554.5, "y": 2786.5, "width": 2867.0, "height": 1341.0, "confidence": 0.5612779855728149, "class": "palpebral", "class_id": 2, "detection_id": "0d80f499-0198-4238-97a3-b4a76efa67b5"}]}