{"inference_id": "687096d0-20f0-47d5-8c68-8cb629d7342f", "time": 0.14400909500000125, "image": {"width": 2988, "height": 3984}, "predictions": [{"x": 1251.5, "y": 2692.5, "width": 2321.0, "height": 1475.0, "confidence": 0.8154889345169067, "class": "forniceal_palpebral", "class_id": 1, "detection_id": "5f8c2c25-f4ba-4f35-95d7-5f4e8520dbfb"}, {"x": 1289.0, "y": 2790.5, "width": 2282.0, "height": 1171.0, "confidence": 0.8035375475883484, "class": "palpebral", "class_id": 2, "detection_id": "117dae61-e665-424b-863a-e42330c26bd7"}, {"x": 1242.5, "y": 2543.0, "width": 2269.0, "height": 1382.0, "confidence": 0.8024938702583313, "class": "forniceal", "class_id": 0, "detection_id": "0ceb81e4-7a02-4a18-b756-0a8ac1de6d3d"}]}