{"inference_id": "57a74c7f-9528-48ac-9f86-0c76390f6f01", "time": 0.12796551900009945, "image": {"width": 2988, "height": 3984}, "predictions": [{"x": 1769.5, "y": 2690.0, "width": 2437.0, "height": 1422.0, "confidence": 0.7766265273094177, "class": "forniceal_palpebral", "class_id": 1, "detection_id": "37a93365-f173-4fcd-807f-e71b99a2a157"}, {"x": 1771.0, "y": 2850.0, "width": 2434.0, "height": 1152.0, "confidence": 0.7685748934745789, "class": "palpebral", "class_id": 2, "detection_id": "7e4e8b64-b090-4d11-aee2-ebf7c81ab95e"}, {"x": 1768.5, "y": 2550.0, "width": 2439.0, "height": 1366.0, "confidence": 0.7565560936927795, "class": "forniceal", "class_id": 0, "detection_id": "af6cb68f-8aa1-4390-aaef-5df36f04d29d"}]}