{"inference_id": "1458996e-8afc-4a18-b363-efa491052e04", "time": 0.12347759100020994, "image": {"width": 2988, "height": 3984}, "predictions": [{"x": 1644.5, "y": 2708.0, "width": 2687.0, "height": 1456.0, "confidence": 0.6260092258453369, "class": "forniceal_palpebral", "class_id": 1, "detection_id": "7605d683-4651-4168-9488-dd019f7d0a82"}, {"x": 1521.0, "y": 2687.0, "width": 2934.0, "height": 1514.0, "confidence": 0.6246151328086853, "class": "palpebral", "class_id": 2, "detection_id": "f9e20036-f098-4281-a590-3795a87533f1"}, {"x": 1545.5, "y": 2366.5, "width": 2885.0, "height": 1453.0, "confidence": 0.29566657543182373, "class": "forniceal", "class_id": 0, "detection_id": "aed6d442-c18f-4cdb-bb50-989f7f01a96b"}]}