{"inference_id": "c70ef00f-5b0e-4e99-819a-e8d050fbebd6", "time": 0.1430752390001544, "image": {"width": 2988, "height": 3984}, "predictions": [{"x": 1584.5, "y": 2481.0, "width": 2807.0, "height": 1662.0, "confidence": 0.8223319053649902, "class": "forniceal_palpebral", "class_id": 1, "detection_id": "98f083bc-9e2a-44d5-9f5c-63311a255930"}, {"x": 1602.0, "y": 2336.0, "width": 2772.0, "height": 1492.0, "confidence": 0.7916440963745117, "class": "forniceal", "class_id": 0, "detection_id": "ea6fe776-fa1d-47e4-821f-9867dbf1c9ed"}, {"x": 1595.0, "y": 2583.0, "width": 2774.0, "height": 1606.0, "confidence": 0.5877435803413391, "class": "palpebral", "class_id": 2, "detection_id": "ce09710a-a7b1-4b2d-a967-65dd2b528fb5"}]}