{"inference_id": "3cfae95f-3871-40d2-b999-5860daae21bd", "time": 0.12391218900029344, "image": {"width": 2988, "height": 3984}, "predictions": [{"x": 1451.0, "y": 2509.0, "width": 2902.0, "height": 1898.0, "confidence": 0.8179655075073242, "class": "forniceal_palpebral", "class_id": 1, "detection_id": "e4d55b09-1d1c-428e-8b20-ed6dda07818c"}, {"x": 1448.5, "y": 2333.5, "width": 2897.0, "height": 1671.0, "confidence": 0.7622377276420593, "class": "forniceal", "class_id": 0, "detection_id": "c6b67d34-512a-4b53-aa4c-be227683c900"}, {"x": 1432.5, "y": 2637.5, "width": 2865.0, "height": 1717.0, "confidence": 0.6782341003417969, "class": "palpebral", "class_id": 2, "detection_id": "f86385f4-af07-4dc7-8914-da95f0e0ac90"}]}