{"inference_id": "eff0f3bf-b802-4b4e-a8fa-db0c9993bb48", "time": 0.12575446400001056, "image": {"width": 2988, "height": 3984}, "predictions": [{"x": 1388.5, "y": 2373.5, "width": 2367.0, "height": 1817.0, "confidence": 0.7536446452140808, "class": "forniceal", "class_id": 0, "detection_id": "af9798e7-971e-4ffa-899d-e2856bbcef15"}, {"x": 1393.5, "y": 2481.0, "width": 2263.0, "height": 1820.0, "confidence": 0.7405187487602234, "class": "forniceal_palpebral", "class_id": 1, "detection_id": "5899c4b6-9cf9-4d2c-9d87-3f120fe38bac"}, {"x": 1423.0, "y": 2577.0, "width": 2212.0, "height": 1618.0, "confidence": 0.5768091082572937, "class": "palpebral", "class_id": 2, "detection_id": "2f977bda-d534-4104-b8cb-066ef4091a3f"}]}