{"inference_id": "e708a75b-6aca-42af-918b-d5e411199b1b", "time": 0.14034203200003503, "image": {"width": 2988, "height": 3984}, "predictions": [{"x": 1321.0, "y": 2301.0, "width": 2492.0, "height": 1304.0, "confidence": 0.7114841938018799, "class": "forniceal_palpebral", "class_id": 1, "detection_id": "cb6d4e89-4c66-4778-ac21-eedce0a2f06a"}, {"x": 1318.0, "y": 2453.5, "width": 2496.0, "height": 1277.0, "confidence": 0.7012174129486084, "class": "palpebral", "class_id": 2, "detection_id": "5c593064-1027-459d-bc70-086fa5fe5303"}, {"x": 1323.5, "y": 2135.5, "width": 2567.0, "height": 1125.0, "confidence": 0.639751672744751, "class": "forniceal", "class_id": 0, "detection_id": "0e288e26-daf6-416d-a30e-3ba0a07a0815"}]}