{"inference_id": "773b6aed-8d6f-4cc6-990e-1ec67207f311", "time": 0.1661812940001255, "image": {"width": 2988, "height": 3984}, "predictions": [{"x": 974.0, "y": 2347.5, "width": 1948.0, "height": 791.0, "confidence": 0.8546818494796753, "class": "forniceal", "class_id": 0, "detection_id": "5a45ddc1-af15-4c4d-b8a6-be7c2bf0b101"}, {"x": 983.5, "y": 2604.0, "width": 1967.0, "height": 1176.0, "confidence": 0.8385493755340576, "class": "palpebral", "class_id": 2, "detection_id": "11f4b1db-4c47-44c0-a8bf-29c8967d229b"}, {"x": 980.0, "y": 2601.5, "width": 1960.0, "height": 1191.0, "confidence": 0.8051395416259766, "class": "forniceal_palpebral", "class_id": 1, "detection_id": "b1d941c0-3bc9-4686-a53d-bb0596057198"}]}