{"inference_id": "c6f6c776-6792-4541-9209-5f179b247448", "time": 0.14752467299967975, "image": {"width": 2988, "height": 3984}, "predictions": [{"x": 1335.0, "y": 2506.5, "width": 2646.0, "height": 1825.0, "confidence": 0.8183950781822205, "class": "forniceal_palpebral", "class_id": 1, "detection_id": "313f6f21-0be5-4cb9-b6b5-ab8de1af65fc"}, {"x": 1331.5, "y": 2308.0, "width": 2575.0, "height": 1588.0, "confidence": 0.7749564051628113, "class": "forniceal", "class_id": 0, "detection_id": "15849bb1-6f75-4ef0-87f9-503836b70bd8"}, {"x": 1328.5, "y": 2615.0, "width": 2543.0, "height": 1606.0, "confidence": 0.7374053001403809, "class": "palpebral", "class_id": 2, "detection_id": "0db0c5a8-75ad-493e-84a6-d6d926d0d8db"}]}