{"inference_id": "e7a5d35c-3a6a-45bd-94ea-82a98df61966", "time": 0.15846908000003168, "image": {"width": 2988, "height": 3984}, "predictions": [{"x": 1692.0, "y": 2409.0, "width": 2374.0, "height": 1130.0, "confidence": 0.7108616232872009, "class": "palpebral", "class_id": 2, "detection_id": "d78936c4-e32f-40b4-813e-6e3ede8b6827"}, {"x": 1684.0, "y": 2378.0, "width": 2468.0, "height": 1154.0, "confidence": 0.6976803541183472, "class": "forniceal_palpebral", "class_id": 1, "detection_id": "1b1d0cd8-d2e3-4e82-991f-c3105d817954"}, {"x": 1686.0, "y": 2374.0, "width": 2440.0, "height": 1194.0, "confidence": 0.6933767795562744, "class": "forniceal", "class_id": 0, "detection_id": "77004389-13b4-4f0f-a163-00431a452845"}]}