{"inference_id": "380223a0-96bc-4afb-bbdb-e4b3860741e2", "time": 0.14405116599994017, "image": {"width": 2988, "height": 3984}, "predictions": [{"x": 1176.5, "y": 2550.0, "width": 2353.0, "height": 916.0, "confidence": 0.86500483751297, "class": "forniceal", "class_id": 0, "detection_id": "4cab1a4e-5e33-48bf-8911-86aad618e0c6"}, {"x": 1181.0, "y": 2708.0, "width": 2362.0, "height": 1140.0, "confidence": 0.8536486625671387, "class": "forniceal_palpebral", "class_id": 1, "detection_id": "916a168f-6d39-42e4-9b39-ffbb564c8eb1"}, {"x": 1192.5, "y": 2762.5, "width": 2385.0, "height": 991.0, "confidence": 0.5301800966262817, "class": "palpebral", "class_id": 2, "detection_id": "2d64ae59-e777-4d53-bd0a-c5fe97706e33"}]}