{"inference_id": "93297f63-52e7-42f4-bafd-5c8b5b112521", "time": 0.14981933099988964, "image": {"width": 2988, "height": 3984}, "predictions": [{"x": 1744.0, "y": 2687.5, "width": 2448.0, "height": 935.0, "confidence": 0.6226134300231934, "class": "palpebral", "class_id": 2, "detection_id": "04d18455-8dcd-49b0-b6f2-ca890ad36601"}, {"x": 1679.5, "y": 2309.0, "width": 2617.0, "height": 1596.0, "confidence": 0.3117697536945343, "class": "forniceal_palpebral", "class_id": 1, "detection_id": "5dbdd470-001b-4c28-8b98-dd212135527f"}]}