{"inference_id": "9847a3a7-2867-435a-91e8-80667c130d11", "time": 0.15538761500010878, "image": {"width": 2988, "height": 3984}, "predictions": [{"x": 1585.5, "y": 1951.5, "width": 2783.0, "height": 1739.0, "confidence": 0.7272578477859497, "class": "forniceal_palpebral", "class_id": 1, "detection_id": "9cb861c6-4808-42d3-889a-08015fd40ee7"}, {"x": 1577.5, "y": 2060.0, "width": 2699.0, "height": 1648.0, "confidence": 0.708154559135437, "class": "palpebral", "class_id": 2, "detection_id": "da793e85-2428-4a13-8e87-e56601a1674c"}, {"x": 1581.0, "y": 1947.0, "width": 2668.0, "height": 1766.0, "confidence": 0.7012589573860168, "class": "forniceal", "class_id": 0, "detection_id": "2b41f278-ca67-499d-a59c-571086035e88"}]}