{"inference_id": "3d0583d0-a925-4082-98b6-e3ca8155f947", "time": 0.1534792049999396, "image": {"width": 2988, "height": 3984}, "predictions": [{"x": 1549.0, "y": 2099.0, "width": 2878.0, "height": 1602.0, "confidence": 0.6855350732803345, "class": "forniceal_palpebral", "class_id": 1, "detection_id": "9148b687-394b-4561-bdff-b27add45ac52"}, {"x": 1479.0, "y": 2118.5, "width": 2958.0, "height": 1341.0, "confidence": 0.505393385887146, "class": "forniceal", "class_id": 0, "detection_id": "3bf256d6-b8ac-43bd-b4e1-418cfea53c0e"}, {"x": 1557.5, "y": 2235.5, "width": 2861.0, "height": 1441.0, "confidence": 0.4645286500453949, "class": "palpebral", "class_id": 2, "detection_id": "398f6646-1a47-4882-ace6-1a220af83b25"}]}