{"inference_id": "af602b46-d16f-47de-9513-16af2e2217e7", "time": 0.14287156999989747, "image": {"width": 2988, "height": 3984}, "predictions": [{"x": 1318.5, "y": 2504.5, "width": 2539.0, "height": 1205.0, "confidence": 0.7645337581634521, "class": "forniceal_palpebral", "class_id": 1, "detection_id": "fbb73b47-aaf5-45dc-a687-b668809b53ce"}, {"x": 1317.5, "y": 2580.5, "width": 2557.0, "height": 987.0, "confidence": 0.5502183437347412, "class": "palpebral", "class_id": 2, "detection_id": "470ab2e0-df68-4436-86f8-3faffca1a952"}, {"x": 1390.0, "y": 2370.5, "width": 2780.0, "height": 1279.0, "confidence": 0.524197518825531, "class": "forniceal", "class_id": 0, "detection_id": "96f02f95-bcfb-4b2e-9866-94901a8b95bd"}]}