{"inference_id": "d6cf88f3-ab76-4c99-8c80-2cc5b0dd5b51", "time": 0.12433344400005808, "image": {"width": 2988, "height": 3984}, "predictions": [{"x": 1270.0, "y": 2345.5, "width": 2430.0, "height": 1413.0, "confidence": 0.8649806976318359, "class": "forniceal", "class_id": 0, "detection_id": "5270ad47-ff53-4260-a351-007435f69087"}, {"x": 1247.0, "y": 2502.5, "width": 2488.0, "height": 1643.0, "confidence": 0.8236694931983948, "class": "forniceal_palpebral", "class_id": 1, "detection_id": "101338c2-2895-4f49-8be4-59d63614bf1b"}, {"x": 1240.5, "y": 2597.0, "width": 2443.0, "height": 1490.0, "confidence": 0.735522985458374, "class": "palpebral", "class_id": 2, "detection_id": "dd3fcbea-4ea4-4a27-bf67-46986fc45b7f"}]}