{"inference_id": "34a4a37e-617d-46b9-8cb1-f8fceb9a6f0d", "time": 0.18757275200005097, "image": {"width": 2988, "height": 3984}, "predictions": [{"x": 1407.5, "y": 2302.0, "width": 2541.0, "height": 986.0, "confidence": 0.6582119464874268, "class": "forniceal_palpebral", "class_id": 1, "detection_id": "bf4b8e6e-64b3-49cd-b9d5-3a68a52f1b08"}, {"x": 1329.0, "y": 2301.5, "width": 2420.0, "height": 959.0, "confidence": 0.38618308305740356, "class": "palpebral", "class_id": 2, "detection_id": "3fada5bf-e672-4478-932f-bcc2b393730b"}, {"x": 1428.0, "y": 2211.0, "width": 2552.0, "height": 874.0, "confidence": 0.25331154465675354, "class": "forniceal", "class_id": 0, "detection_id": "a6531f44-981a-439a-b476-3681419025ff"}]}