{"inference_id": "9bd78253-fff5-48f2-8aff-008ae5dec11f", "time": 0.13881028600007994, "image": {"width": 2988, "height": 3984}, "predictions": [{"x": 1462.5, "y": 2331.0, "width": 2925.0, "height": 1556.0, "confidence": 0.7426713109016418, "class": "forniceal_palpebral", "class_id": 1, "detection_id": "84c1b615-9a82-4b41-998e-eccbcd59530b"}, {"x": 1443.5, "y": 2423.5, "width": 2887.0, "height": 1457.0, "confidence": 0.6564483046531677, "class": "palpebral", "class_id": 2, "detection_id": "9a6f24ab-f79b-4785-8ddf-ccd08c9640f0"}]}