{"inference_id": "a23279d7-1899-498a-a606-ae8221551c3f", "time": 0.12420032699992589, "image": {"width": 2988, "height": 3984}, "predictions": [{"x": 1571.0, "y": 2359.0, "width": 2826.0, "height": 1768.0, "confidence": 0.7004332542419434, "class": "forniceal", "class_id": 0, "detection_id": "0f05159b-cec0-4a65-8a44-2db42b6da281"}, {"x": 1563.0, "y": 2481.5, "width": 2774.0, "height": 1763.0, "confidence": 0.6899251937866211, "class": "forniceal_palpebral", "class_id": 1, "detection_id": "5e36bb94-ca9c-437d-985e-7c8a54cc3671"}, {"x": 1568.0, "y": 2608.5, "width": 2698.0, "height": 1453.0, "confidence": 0.5417032837867737, "class": "palpebral", "class_id": 2, "detection_id": "f6a6e25b-8a79-4087-b7e8-53fa0bd8e273"}]}