{"inference_id": "874e6815-6422-4f56-85ac-53eb08923f48", "time": 0.14854833300000791, "image": {"width": 2988, "height": 3984}, "predictions": [{"x": 1461.0, "y": 2331.5, "width": 2812.0, "height": 1487.0, "confidence": 0.7840492725372314, "class": "forniceal", "class_id": 0, "detection_id": "415b52fe-8d07-48ff-82a1-792e20f2f2d0"}, {"x": 1466.0, "y": 2473.0, "width": 2724.0, "height": 1440.0, "confidence": 0.7754138708114624, "class": "forniceal_palpebral", "class_id": 1, "detection_id": "e89e4837-4e96-4d91-9b49-5f8ed29a1fe3"}, {"x": 1457.0, "y": 2564.5, "width": 2640.0, "height": 1115.0, "confidence": 0.5063827037811279, "class": "palpebral", "class_id": 2, "detection_id": "046dc544-00ae-4d60-b9b2-35e3fea36c7d"}]}