{"inference_id": "fda5c87b-2112-4a32-a228-beb3c2d75cec", "time": 0.1412138949999644, "image": {"width": 2988, "height": 3984}, "predictions": [{"x": 1707.0, "y": 2339.5, "width": 2562.0, "height": 1545.0, "confidence": 0.8288998603820801, "class": "forniceal", "class_id": 0, "detection_id": "b46bc782-7064-4cfb-bb8d-49a4d0b81c72"}, {"x": 1702.0, "y": 2483.5, "width": 2572.0, "height": 1501.0, "confidence": 0.7982328534126282, "class": "forniceal_palpebral", "class_id": 1, "detection_id": "5a24e080-709d-4de3-9812-d097ed26c7fa"}, {"x": 1725.5, "y": 2571.5, "width": 2477.0, "height": 1225.0, "confidence": 0.7489762306213379, "class": "palpebral", "class_id": 2, "detection_id": "8a7b73aa-db39-479a-994f-98a75cb3f88e"}]}