{"inference_id": "64511b7e-4a92-441f-925f-57fda1a56b47", "time": 0.14937829300015437, "image": {"width": 2988, "height": 3984}, "predictions": [{"x": 1047.0, "y": 2746.0, "width": 2094.0, "height": 896.0, "confidence": 0.7397833466529846, "class": "forniceal_palpebral", "class_id": 1, "detection_id": "9dff1c23-2716-42ad-bcbc-0cf5b89966de"}, {"x": 1004.5, "y": 2565.0, "width": 2001.0, "height": 622.0, "confidence": 0.7363235950469971, "class": "forniceal", "class_id": 0, "detection_id": "d26654a5-34ca-494a-95bc-6be7eeed4d67"}, {"x": 1045.5, "y": 2791.0, "width": 2091.0, "height": 792.0, "confidence": 0.6915981769561768, "class": "palpebral", "class_id": 2, "detection_id": "f29b5b98-53b7-4dcb-91b5-e0a0e00baa99"}]}