{"inference_id": "f979d161-2242-41af-850d-b13ae0749e92", "time": 0.14746017299967207, "image": {"width": 2988, "height": 3984}, "predictions": [{"x": 1308.0, "y": 2331.5, "width": 2616.0, "height": 1545.0, "confidence": 0.7873086929321289, "class": "forniceal_palpebral", "class_id": 1, "detection_id": "ae6e4736-4b29-444d-8f9a-d9742af2250c"}, {"x": 1295.0, "y": 2413.5, "width": 2582.0, "height": 1473.0, "confidence": 0.7023746967315674, "class": "palpebral", "class_id": 2, "detection_id": "b0b66c26-e521-4318-8264-038b9937d8fe"}, {"x": 1233.5, "y": 2311.5, "width": 2467.0, "height": 1361.0, "confidence": 0.33556675910949707, "class": "forniceal", "class_id": 0, "detection_id": "f9726f2a-7472-42dd-a446-cd55957d4d96"}]}