{"inference_id": "6a52e1eb-3620-41d3-a05e-cdee318a6c73", "time": 0.14152066899987403, "image": {"width": 2988, "height": 3984}, "predictions": [{"x": 1423.0, "y": 2114.5, "width": 2674.0, "height": 2147.0, "confidence": 0.6359881162643433, "class": "forniceal_palpebral", "class_id": 1, "detection_id": "d3b52dd5-9cf5-48c7-8faf-5474b73676f8"}, {"x": 992.5, "y": 2076.0, "width": 1765.0, "height": 1960.0, "confidence": 0.5778011679649353, "class": "palpebral", "class_id": 2, "detection_id": "bf93377a-e950-451a-98ef-e935e041bfc4"}]}