{"inference_id": "9c3153b8-0baf-4446-b6ed-c09a6d5c9d6d", "time": 0.12053700500018749, "image": {"width": 2988, "height": 3984}, "predictions": [{"x": 1583.0, "y": 2873.0, "width": 2314.0, "height": 964.0, "confidence": 0.801909863948822, "class": "palpebral", "class_id": 2, "detection_id": "e655dd1d-16a8-4d72-bfc1-477886779fb6"}, {"x": 1581.5, "y": 2803.0, "width": 2371.0, "height": 954.0, "confidence": 0.7143897414207458, "class": "forniceal", "class_id": 0, "detection_id": "b1fcc072-cbf1-42bf-b5cc-c1020c59d681"}, {"x": 1584.0, "y": 2802.5, "width": 2416.0, "height": 933.0, "confidence": 0.7042725682258606, "class": "forniceal_palpebral", "class_id": 1, "detection_id": "77d650d5-a664-49e1-9e8c-a31be7d23f2b"}]}