{"inference_id": "73d7d49b-ee25-4ed7-a8d6-6fc8ffd69d16", "time": 0.12250074600001426, "image": {"width": 2988, "height": 3984}, "predictions": [{"x": 1399.0, "y": 2112.0, "width": 2704.0, "height": 1296.0, "confidence": 0.817846417427063, "class": "forniceal", "class_id": 0, "detection_id": "a8324524-bea5-4bff-9294-4e6946937351"}, {"x": 1322.0, "y": 2617.0, "width": 2580.0, "height": 1274.0, "confidence": 0.8098465800285339, "class": "palpebral", "class_id": 2, "detection_id": "4fd30909-3193-472c-9f5a-5de6f99feb03"}, {"x": 1404.5, "y": 2320.5, "width": 2739.0, "height": 1719.0, "confidence": 0.7513418197631836, "class": "forniceal_palpebral", "class_id": 1, "detection_id": "c4accf4e-2915-41bf-9f92-a768ecde2672"}]}