{"inference_id": "25b53251-eb58-4217-9223-67e81db9d3f8", "time": 0.1456522789999326, "image": {"width": 2988, "height": 3984}, "predictions": [{"x": 1398.0, "y": 2470.5, "width": 2522.0, "height": 1589.0, "confidence": 0.7867776155471802, "class": "forniceal_palpebral", "class_id": 1, "detection_id": "2f15d6fa-74bd-4bc4-a7dd-fa43100b4e46"}, {"x": 1343.0, "y": 2297.5, "width": 2414.0, "height": 1261.0, "confidence": 0.7127591371536255, "class": "forniceal", "class_id": 0, "detection_id": "ba9ef5bb-9f94-4472-b306-bd5f52a4e446"}, {"x": 1345.0, "y": 2465.0, "width": 2462.0, "height": 1628.0, "confidence": 0.6560585498809814, "class": "palpebral", "class_id": 2, "detection_id": "0ad8ea69-b9a1-44cb-b907-b92cc4e327f6"}]}