{"inference_id": "4583c529-8a14-446e-9df0-00bedf89fc91", "time": 0.15199923299996954, "image": {"width": 2988, "height": 3984}, "predictions": [{"x": 1471.0, "y": 2717.5, "width": 2942.0, "height": 1907.0, "confidence": 0.7397538423538208, "class": "forniceal_palpebral", "class_id": 1, "detection_id": "1dc48a51-829b-4a04-b706-9cc5bd35dedf"}, {"x": 1470.5, "y": 2839.5, "width": 2873.0, "height": 1703.0, "confidence": 0.6189539432525635, "class": "palpebral", "class_id": 2, "detection_id": "2698b974-cf23-43fe-b1c5-d81f17318ccd"}, {"x": 1475.0, "y": 2570.0, "width": 2950.0, "height": 1824.0, "confidence": 0.5739656090736389, "class": "forniceal", "class_id": 0, "detection_id": "71a2130a-7776-4b81-9639-0e872acd01ed"}]}