{"inference_id": "1b171538-7941-444c-adb0-d2c66d95b44c", "time": 0.10937376000003951, "image": {"width": 2988, "height": 3984}, "predictions": [{"x": 1353.5, "y": 2356.5, "width": 2705.0, "height": 2003.0, "confidence": 0.7524785995483398, "class": "forniceal", "class_id": 0, "detection_id": "c6c1891a-179a-48ea-97f4-6d935d896bc5"}, {"x": 1348.5, "y": 2492.5, "width": 2695.0, "height": 1893.0, "confidence": 0.7328706383705139, "class": "forniceal_palpebral", "class_id": 1, "detection_id": "4e80cd69-f9d9-48fa-904b-8669d9170101"}, {"x": 1403.0, "y": 2620.0, "width": 2626.0, "height": 1632.0, "confidence": 0.666667103767395, "class": "palpebral", "class_id": 2, "detection_id": "dc2804d5-7249-448a-89a1-1a6748d4888a"}]}