{"inference_id": "10105f58-620a-405d-8d7e-305530b8e487", "time": 0.1432867520002219, "image": {"width": 2988, "height": 3984}, "predictions": [{"x": 1162.5, "y": 2649.5, "width": 2323.0, "height": 1157.0, "confidence": 0.8612045049667358, "class": "palpebral", "class_id": 2, "detection_id": "1c67af35-7aee-4480-b54e-fde90909e959"}, {"x": 1145.0, "y": 2550.5, "width": 2272.0, "height": 1213.0, "confidence": 0.8340959548950195, "class": "forniceal", "class_id": 0, "detection_id": "22a9ede8-7abc-438a-bc10-36a6863ee839"}, {"x": 1149.0, "y": 2550.0, "width": 2296.0, "height": 1164.0, "confidence": 0.8192753791809082, "class": "forniceal_palpebral", "class_id": 1, "detection_id": "6f49a11f-2e83-4e0f-a25e-3bf940fd5182"}]}