{"inference_id": "460b2865-bef1-4e40-bdac-36bac6f9e6b2", "time": 0.11868853099986154, "image": {"width": 2988, "height": 3984}, "predictions": [{"x": 1124.5, "y": 2389.0, "width": 2213.0, "height": 1060.0, "confidence": 0.8434539437294006, "class": "palpebral", "class_id": 2, "detection_id": "3feb90e4-5cda-4388-8178-7e291f705690"}, {"x": 1122.5, "y": 2339.5, "width": 2217.0, "height": 1203.0, "confidence": 0.8168463706970215, "class": "forniceal_palpebral", "class_id": 1, "detection_id": "a4a8ea5b-3bf3-4ada-9dfe-db51a672d8bd"}, {"x": 1114.0, "y": 2192.5, "width": 2198.0, "height": 937.0, "confidence": 0.7961601614952087, "class": "forniceal", "class_id": 0, "detection_id": "8881c346-9398-4e1c-88f5-f6cb505da595"}]}