{"inference_id": "3db2c929-8227-4bbf-9168-fb98c2a45cbb", "time": 0.15590713699975822, "image": {"width": 2988, "height": 3984}, "predictions": [{"x": 1295.5, "y": 3074.0, "width": 2591.0, "height": 1100.0, "confidence": 0.4996802806854248, "class": "palpebral", "class_id": 2, "detection_id": "5841424b-0341-481f-95e0-641dba395022"}, {"x": 1403.5, "y": 2913.5, "width": 2769.0, "height": 1179.0, "confidence": 0.4892055094242096, "class": "forniceal_palpebral", "class_id": 1, "detection_id": "a8b11ba3-73dc-4d14-8da5-1f2e93456311"}]}