{"inference_id": "ca0c2672-bca0-40d9-b92d-78e9ad4fe029", "time": 0.11682939199999964, "image": {"width": 2988, "height": 3984}, "predictions": [{"x": 1307.0, "y": 2875.5, "width": 2580.0, "height": 1135.0, "confidence": 0.8070198893547058, "class": "palpebral", "class_id": 2, "detection_id": "c10a171c-c99e-4d8e-97b0-6490f20e2251"}, {"x": 1310.5, "y": 2753.5, "width": 2621.0, "height": 1171.0, "confidence": 0.7354663610458374, "class": "forniceal_palpebral", "class_id": 1, "detection_id": "e5c58d27-1953-4e31-a365-3ffa78560729"}, {"x": 1302.0, "y": 2635.0, "width": 2604.0, "height": 896.0, "confidence": 0.32237696647644043, "class": "forniceal", "class_id": 0, "detection_id": "e536cbdb-19ba-4987-85fc-54c5095ffea8"}]}