{"inference_id": "83687f4b-59fe-4936-8af0-edd101cf1fae", "time": 0.10727561999988211, "image": {"width": 2988, "height": 3984}, "predictions": [{"x": 1315.5, "y": 2310.5, "width": 2563.0, "height": 1277.0, "confidence": 0.8269348740577698, "class": "forniceal", "class_id": 0, "detection_id": "4a118a16-3fcf-42c5-a58d-2860c9e3bbd3"}, {"x": 1334.5, "y": 2622.0, "width": 2561.0, "height": 1202.0, "confidence": 0.803601861000061, "class": "palpebral", "class_id": 2, "detection_id": "69071115-9a75-4146-a1b5-c46dcb7455c9"}, {"x": 1328.5, "y": 2497.5, "width": 2561.0, "height": 1449.0, "confidence": 0.7845248579978943, "class": "forniceal_palpebral", "class_id": 1, "detection_id": "15cff700-24cf-42c5-88b1-46cc21c3135f"}]}