{"inference_id": "8ae98606-6657-4d80-8a46-e7140a27ba67", "time": 0.1499882279999838, "image": {"width": 2988, "height": 3984}, "predictions": [{"x": 1529.5, "y": 2503.0, "width": 2917.0, "height": 1808.0, "confidence": 0.7549955248832703, "class": "forniceal_palpebral", "class_id": 1, "detection_id": "e84b9290-ba4d-4918-87fc-c86baa9f0a33"}, {"x": 1469.0, "y": 2644.0, "width": 2938.0, "height": 1570.0, "confidence": 0.670449435710907, "class": "palpebral", "class_id": 2, "detection_id": "32591aec-7179-4be9-a9bb-8557b9d75f93"}, {"x": 1546.5, "y": 2374.5, "width": 2883.0, "height": 1849.0, "confidence": 0.49254974722862244, "class": "forniceal", "class_id": 0, "detection_id": "17055f85-21a3-40b7-8bad-70595b4c9378"}]}