{"inference_id": "5b6579b0-efe0-4b04-9b72-2c9d476eaa8e", "time": 0.1481696670000474, "image": {"width": 2988, "height": 3984}, "predictions": [{"x": 1295.5, "y": 2774.5, "width": 2217.0, "height": 911.0, "confidence": 0.7788514494895935, "class": "forniceal", "class_id": 0, "detection_id": "cf656f0a-7320-419d-a3f2-e76aff84b7f4"}, {"x": 1292.0, "y": 2855.5, "width": 2172.0, "height": 1119.0, "confidence": 0.7736082673072815, "class": "forniceal_palpebral", "class_id": 1, "detection_id": "ce00250f-45f7-4bab-89a8-ea579012aa23"}, {"x": 1289.0, "y": 2853.5, "width": 2062.0, "height": 1101.0, "confidence": 0.526505708694458, "class": "palpebral", "class_id": 2, "detection_id": "58704281-317f-4418-b675-21f6d1703dbc"}]}