{"inference_id": "ecbeaa1b-bd8a-4672-9352-3962bb401442", "time": 0.11924949399985962, "image": {"width": 2988, "height": 3984}, "predictions": [{"x": 1674.0, "y": 2136.0, "width": 2628.0, "height": 1348.0, "confidence": 0.7645136117935181, "class": "forniceal_palpebral", "class_id": 1, "detection_id": "86681eac-2b09-4af4-bd28-998df4f30ec8"}, {"x": 1659.0, "y": 2131.5, "width": 2658.0, "height": 1401.0, "confidence": 0.7326411008834839, "class": "forniceal", "class_id": 0, "detection_id": "af372a41-987d-4e45-a025-d9b7ee071c6f"}, {"x": 1628.0, "y": 2282.0, "width": 2720.0, "height": 1254.0, "confidence": 0.6469283699989319, "class": "palpebral", "class_id": 2, "detection_id": "3d300c63-7c76-4d87-8729-bd876a7467dc"}]}