{"inference_id": "9f4e007e-d784-4cee-8827-8422ae98b54f", "time": 0.11299015700001291, "image": {"width": 2988, "height": 3984}, "predictions": [{"x": 1481.0, "y": 2504.5, "width": 2962.0, "height": 1947.0, "confidence": 0.7547016143798828, "class": "forniceal_palpebral", "class_id": 1, "detection_id": "45b50087-17fe-4097-8439-4db4a1e9a0f5"}, {"x": 1486.5, "y": 2355.0, "width": 2973.0, "height": 1898.0, "confidence": 0.6374036073684692, "class": "forniceal", "class_id": 0, "detection_id": "97ed0f40-6d85-40a9-8948-4f55308c94d0"}, {"x": 1565.0, "y": 2601.0, "width": 2832.0, "height": 1742.0, "confidence": 0.5865591764450073, "class": "palpebral", "class_id": 2, "detection_id": "a03a1b27-a6c4-4133-a6a9-f6c602a1cbe9"}]}