{"inference_id": "fcf73b59-9fff-48c6-be72-32609c0348b7", "time": 0.1558950599999207, "image": {"width": 2988, "height": 3984}, "predictions": [{"x": 1597.0, "y": 2484.5, "width": 2782.0, "height": 1595.0, "confidence": 0.759399950504303, "class": "forniceal_palpebral", "class_id": 1, "detection_id": "f96df1bf-2b34-43e9-a97f-105c23d0ad01"}, {"x": 1622.0, "y": 2337.5, "width": 2732.0, "height": 1469.0, "confidence": 0.7494604587554932, "class": "forniceal", "class_id": 0, "detection_id": "fff75f7e-3930-4530-be66-002721cf44b4"}, {"x": 1623.0, "y": 2578.5, "width": 2710.0, "height": 1329.0, "confidence": 0.532366156578064, "class": "palpebral", "class_id": 2, "detection_id": "c1a57cc8-1df9-4ea0-98d6-5e7c6577b48e"}]}