{"inference_id": "1cb6880b-ae7b-49e2-a195-6170e01f2dd4", "time": 0.16136432200005402, "image": {"width": 2988, "height": 3984}, "predictions": [{"x": 1470.5, "y": 2542.0, "width": 2941.0, "height": 1438.0, "confidence": 0.6948773264884949, "class": "forniceal_palpebral", "class_id": 1, "detection_id": "5c22878f-1292-496d-b222-fce610888fc3"}, {"x": 1537.5, "y": 2633.0, "width": 2841.0, "height": 1388.0, "confidence": 0.48215728998184204, "class": "palpebral", "class_id": 2, "detection_id": "ae5e3858-5ff6-4b66-93e1-6cbb9ade6b7b"}]}