{"inference_id": "d224d4a5-d649-4c6b-a9b3-4bd4f80d5779", "time": 0.13981343300019944, "image": {"width": 2988, "height": 3984}, "predictions": [{"x": 1478.0, "y": 2460.5, "width": 2956.0, "height": 1733.0, "confidence": 0.7058932781219482, "class": "forniceal_palpebral", "class_id": 1, "detection_id": "81b6cee4-e590-4bc0-8c2b-7a17e23fb0d9"}, {"x": 1493.5, "y": 2345.0, "width": 2987.0, "height": 1690.0, "confidence": 0.6395066976547241, "class": "forniceal", "class_id": 0, "detection_id": "6603febd-4cec-4d9b-b72a-d5b41cad6c73"}, {"x": 1458.5, "y": 2588.0, "width": 2917.0, "height": 1310.0, "confidence": 0.3179093897342682, "class": "palpebral", "class_id": 2, "detection_id": "126a3ed1-4d75-4a09-ba5b-e5c7adef8798"}]}