{"inference_id": "110b445f-8593-4cd0-a636-36a057a929f7", "time": 0.1255780839999261, "image": {"width": 2988, "height": 3984}, "predictions": [{"x": 1144.5, "y": 2640.0, "width": 2183.0, "height": 1294.0, "confidence": 0.9002645015716553, "class": "palpebral", "class_id": 2, "detection_id": "c4bbefbc-b402-4e9b-a2f9-0701179d90ed"}, {"x": 1162.5, "y": 2335.5, "width": 2273.0, "height": 1493.0, "confidence": 0.8677031993865967, "class": "forniceal", "class_id": 0, "detection_id": "caab8911-26cd-4f44-9a91-ea5c0ef2f126"}, {"x": 1157.5, "y": 2482.0, "width": 2265.0, "height": 1690.0, "confidence": 0.784027099609375, "class": "forniceal_palpebral", "class_id": 1, "detection_id": "315c1545-0707-429b-9040-817b8c556a1f"}]}