{"inference_id": "7d051b0a-c54d-4325-bf76-6c155a676d14", "time": 0.12056092700004228, "image": {"width": 2988, "height": 3984}, "predictions": [{"x": 1450.5, "y": 2703.5, "width": 2901.0, "height": 1603.0, "confidence": 0.763588011264801, "class": "forniceal_palpebral", "class_id": 1, "detection_id": "8a91a1ab-6eb8-46c7-a3e2-cb375550638c"}, {"x": 1442.0, "y": 2852.0, "width": 2884.0, "height": 1494.0, "confidence": 0.7600523233413696, "class": "palpebral", "class_id": 2, "detection_id": "14b08db0-c815-4e54-be96-d02571eb7374"}, {"x": 1426.5, "y": 2528.0, "width": 2785.0, "height": 1618.0, "confidence": 0.42693445086479187, "class": "forniceal", "class_id": 0, "detection_id": "9f628d78-6de6-48e7-86a4-3b4efbd56825"}]}