{"inference_id": "b722b610-0a7a-4437-b56e-a5e501c537bb", "time": 0.12669665799967333, "image": {"width": 2988, "height": 3984}, "predictions": [{"x": 1274.5, "y": 2749.0, "width": 2491.0, "height": 1100.0, "confidence": 0.5728858709335327, "class": "forniceal_palpebral", "class_id": 1, "detection_id": "16e86e79-bf18-4e23-a1f1-c69f27f3132f"}, {"x": 1184.0, "y": 2711.0, "width": 2292.0, "height": 856.0, "confidence": 0.5727852582931519, "class": "forniceal", "class_id": 0, "detection_id": "75b310ec-0cac-4757-a9b8-926a2e6a26b8"}, {"x": 1288.5, "y": 2818.0, "width": 2471.0, "height": 1090.0, "confidence": 0.555782675743103, "class": "palpebral", "class_id": 2, "detection_id": "13862e91-984a-4acb-a666-b736084f4e2b"}]}