{"inference_id": "95b4d736-4102-4eb9-983b-0b1881bfc1d9", "time": 0.14043743499996708, "image": {"width": 2988, "height": 3984}, "predictions": [{"x": 1287.0, "y": 2673.0, "width": 2508.0, "height": 1348.0, "confidence": 0.7698610424995422, "class": "forniceal_palpebral", "class_id": 1, "detection_id": "e2e49774-6bf4-4fb1-bad6-87675d40baf7"}, {"x": 1205.5, "y": 2714.0, "width": 2411.0, "height": 1182.0, "confidence": 0.3881065249443054, "class": "palpebral", "class_id": 2, "detection_id": "63fedf7b-0082-449f-8c25-b5333e4dbba4"}, {"x": 1313.0, "y": 2404.5, "width": 2620.0, "height": 1107.0, "confidence": 0.28353020548820496, "class": "forniceal", "class_id": 0, "detection_id": "15be253f-e38e-4dfa-ad5c-2685ed60c796"}]}