{"inference_id": "e0cbdc01-ff83-4e86-aaa8-e1e12196bfba", "time": 0.14709645399989313, "image": {"width": 2988, "height": 3984}, "predictions": [{"x": 1296.0, "y": 2522.5, "width": 2424.0, "height": 1549.0, "confidence": 0.763104259967804, "class": "forniceal", "class_id": 0, "detection_id": "c28e78e1-46cb-43c6-90c0-36c6a5e2a518"}, {"x": 1283.0, "y": 2659.5, "width": 2406.0, "height": 1681.0, "confidence": 0.7166739702224731, "class": "forniceal_palpebral", "class_id": 1, "detection_id": "5d33a5e5-be71-464e-a6a6-4c6d347dafe7"}, {"x": 1198.0, "y": 2855.5, "width": 2256.0, "height": 1183.0, "confidence": 0.6687153577804565, "class": "palpebral", "class_id": 2, "detection_id": "534e834b-6edb-40ae-8cee-faea5fc60579"}]}