{"inference_id": "01a0511f-d8a1-4c59-8780-4b9460f59131", "time": 0.1233238770000753, "image": {"width": 2988, "height": 3984}, "predictions": [{"x": 1119.5, "y": 2916.5, "width": 2239.0, "height": 1011.0, "confidence": 0.726730465888977, "class": "forniceal_palpebral", "class_id": 1, "detection_id": "54c44164-7eb1-41f2-a7d8-48c959567dcc"}, {"x": 1099.0, "y": 2912.0, "width": 2198.0, "height": 1054.0, "confidence": 0.7186622619628906, "class": "palpebral", "class_id": 2, "detection_id": "96a6956c-b249-47d4-a6cc-3b5cb2b0daa1"}]}