{"inference_id": "a69f51b1-5ba2-43df-8133-a557b3acbaf5", "time": 0.1524478729998009, "image": {"width": 2988, "height": 3984}, "predictions": [{"x": 1304.0, "y": 3041.0, "width": 2548.0, "height": 1090.0, "confidence": 0.8197336792945862, "class": "palpebral", "class_id": 2, "detection_id": "885d3ced-8950-4b49-b49f-9766c2fe19c1"}, {"x": 1435.5, "y": 2518.5, "width": 2871.0, "height": 1993.0, "confidence": 0.6877610683441162, "class": "forniceal_palpebral", "class_id": 1, "detection_id": "bdd9055d-dc74-4020-99c3-de18cefaf034"}, {"x": 1432.0, "y": 2348.5, "width": 2864.0, "height": 1813.0, "confidence": 0.5677490234375, "class": "forniceal", "class_id": 0, "detection_id": "cc32f1a9-7bed-49fd-ab4b-8cd6e00ba45e"}]}