{"inference_id": "46bd6725-e3c2-49ed-b226-b3275ad07ceb", "time": 0.1546295869993628, "image": {"width": 2988, "height": 3984}, "predictions": [{"x": 1275.5, "y": 2344.0, "width": 2529.0, "height": 1138.0, "confidence": 0.7735681533813477, "class": "forniceal_palpebral", "class_id": 1, "detection_id": "1ca8e956-7878-4a7f-b389-57d71aab93de"}, {"x": 1257.5, "y": 2419.5, "width": 2515.0, "height": 1079.0, "confidence": 0.7585601210594177, "class": "palpebral", "class_id": 2, "detection_id": "906dd398-a6de-49a5-821e-8fc3427e2835"}, {"x": 1219.5, "y": 2329.0, "width": 2439.0, "height": 966.0, "confidence": 0.35191088914871216, "class": "forniceal", "class_id": 0, "detection_id": "c33f5b5e-2966-4010-a625-43a5adfa20a8"}]}