{"inference_id": "268fd2f7-0b02-4f86-9d6f-275040696b27", "time": 0.1547855430007985, "image": {"width": 2988, "height": 3984}, "predictions": [{"x": 1313.5, "y": 2748.0, "width": 2309.0, "height": 888.0, "confidence": 0.7329933643341064, "class": "forniceal", "class_id": 0, "detection_id": "33fa9434-20b1-43b5-87ed-c86b55951126"}, {"x": 1316.0, "y": 2842.5, "width": 2320.0, "height": 977.0, "confidence": 0.7276202440261841, "class": "palpebral", "class_id": 2, "detection_id": "06a18c87-49c2-4bd1-a4c2-93c2c8f36dca"}, {"x": 1364.0, "y": 2824.0, "width": 2362.0, "height": 966.0, "confidence": 0.6787247657775879, "class": "forniceal_palpebral", "class_id": 1, "detection_id": "c22009b6-bc30-4dc7-8b2a-024649421573"}]}