{"inference_id": "9794576b-bec8-4030-9e51-5207c0c9df22", "time": 0.1455381099999613, "image": {"width": 2988, "height": 3984}, "predictions": [{"x": 1216.0, "y": 2670.0, "width": 1952.0, "height": 610.0, "confidence": 0.7479809522628784, "class": "forniceal", "class_id": 0, "detection_id": "95ea4779-6e37-4d74-aa28-914be5f6b8f7"}, {"x": 1284.5, "y": 2830.5, "width": 2149.0, "height": 905.0, "confidence": 0.6934766173362732, "class": "palpebral", "class_id": 2, "detection_id": "8e28e94c-46f4-40aa-be63-15f7b6aa585d"}, {"x": 1328.0, "y": 2737.5, "width": 2230.0, "height": 859.0, "confidence": 0.41790053248405457, "class": "forniceal_palpebral", "class_id": 1, "detection_id": "8c2755cb-80e4-4c29-8e2c-0c962c02b0fd"}]}