{"inference_id": "cf54ced9-6609-4d7e-8897-a60aa0deadeb", "time": 0.13058237400036887, "image": {"width": 2988, "height": 3984}, "predictions": [{"x": 1738.0, "y": 2713.0, "width": 2500.0, "height": 1434.0, "confidence": 0.8421335220336914, "class": "forniceal_palpebral", "class_id": 1, "detection_id": "0ebc723d-09c3-4e87-b665-cf7011471a20"}, {"x": 1750.0, "y": 2547.5, "width": 2476.0, "height": 1257.0, "confidence": 0.8286886811256409, "class": "forniceal", "class_id": 0, "detection_id": "12db11c6-3c4e-48b7-98cb-a5b1340b7fbd"}, {"x": 1734.0, "y": 2767.0, "width": 2448.0, "height": 1426.0, "confidence": 0.7822026610374451, "class": "palpebral", "class_id": 2, "detection_id": "22f951f9-6d49-425b-b24e-733885828b5e"}]}