{"inference_id": "203b8985-8815-4c35-89cd-c5bd2db4c033", "time": 0.1416954019998684, "image": {"width": 2988, "height": 3984}, "predictions": [{"x": 1199.5, "y": 2486.5, "width": 2399.0, "height": 1415.0, "confidence": 0.8074243068695068, "class": "palpebral", "class_id": 2, "detection_id": "26972c73-fe1c-4c04-8dd4-54323b2234a5"}, {"x": 1211.0, "y": 2467.0, "width": 2422.0, "height": 1408.0, "confidence": 0.751015305519104, "class": "forniceal_palpebral", "class_id": 1, "detection_id": "dca2938a-2858-4b63-8813-29cc73200cdb"}, {"x": 1200.5, "y": 2352.0, "width": 2401.0, "height": 1318.0, "confidence": 0.7121570110321045, "class": "forniceal", "class_id": 0, "detection_id": "3ab43117-25b6-485f-9358-cfbab1cb84b6"}]}