{"inference_id": "6821e4ef-a95b-47f3-ab3a-8392fe273580", "time": 0.12652958699993633, "image": {"width": 2988, "height": 3984}, "predictions": [{"x": 1374.0, "y": 2672.5, "width": 2624.0, "height": 1519.0, "confidence": 0.7226988673210144, "class": "forniceal_palpebral", "class_id": 1, "detection_id": "b0ab38a9-465c-4000-8c33-90b6f3931a7c"}, {"x": 1351.0, "y": 2559.0, "width": 2636.0, "height": 1508.0, "confidence": 0.5181359052658081, "class": "forniceal", "class_id": 0, "detection_id": "4fbfbbdf-441a-42b8-b06c-3868eadd0838"}, {"x": 1394.5, "y": 2746.5, "width": 2609.0, "height": 1351.0, "confidence": 0.3534623980522156, "class": "palpebral", "class_id": 2, "detection_id": "2c162aaa-6c12-44ad-b3fe-75b3687df137"}]}