{"inference_id": "8e15597a-49f4-4cce-95ce-6eb210bb776f", "time": 0.15245518400001856, "image": {"width": 2988, "height": 3984}, "predictions": [{"x": 1511.5, "y": 2858.0, "width": 2457.0, "height": 990.0, "confidence": 0.7689962387084961, "class": "palpebral", "class_id": 2, "detection_id": "82dd356c-25aa-40df-a979-81345e5738d5"}, {"x": 1484.5, "y": 2709.5, "width": 2431.0, "height": 761.0, "confidence": 0.723270058631897, "class": "forniceal", "class_id": 0, "detection_id": "9949cdfd-e2dd-4ca9-ab7a-0627193c8c37"}]}