{"inference_id": "dffad3ff-cb51-4d40-a803-f5d0fbfeb938", "time": 0.1227916269999696, "image": {"width": 2988, "height": 3984}, "predictions": [{"x": 1494.0, "y": 2290.0, "width": 2650.0, "height": 1394.0, "confidence": 0.7818495035171509, "class": "forniceal", "class_id": 0, "detection_id": "d3e3f5c2-a712-45e1-9088-520e7bbdc13c"}, {"x": 1532.0, "y": 2629.0, "width": 2592.0, "height": 1354.0, "confidence": 0.7354017496109009, "class": "palpebral", "class_id": 2, "detection_id": "6873ce98-4cf7-454d-b057-617d14b3ec2f"}, {"x": 1507.5, "y": 2505.0, "width": 2687.0, "height": 1656.0, "confidence": 0.7182672023773193, "class": "forniceal_palpebral", "class_id": 1, "detection_id": "d07f2bd9-f852-46b4-baed-85caf3472228"}]}