{"inference_id": "658ee2c9-c0f0-483f-a61a-586b3189e06f", "time": 0.13085088799971345, "image": {"width": 2988, "height": 3984}, "predictions": [{"x": 1007.0, "y": 2081.0, "width": 1960.0, "height": 728.0, "confidence": 0.7197685241699219, "class": "forniceal", "class_id": 0, "detection_id": "4ae1305f-8e86-49e3-afb3-76eef42043b0"}, {"x": 1258.0, "y": 2341.5, "width": 2416.0, "height": 1207.0, "confidence": 0.6157326698303223, "class": "forniceal_palpebral", "class_id": 1, "detection_id": "ce79e540-d2a0-42b0-8059-24d724e90c84"}, {"x": 1263.5, "y": 2400.0, "width": 2403.0, "height": 1074.0, "confidence": 0.4072861969470978, "class": "palpebral", "class_id": 2, "detection_id": "4d3fd5db-57db-46ad-9ed4-3d50499f61e3"}]}