{"inference_id": "31956816-5030-4a02-bf56-b73fe048651d", "time": 0.13990797399947041, "image": {"width": 2988, "height": 3984}, "predictions": [{"x": 1486.5, "y": 1889.0, "width": 2973.0, "height": 1284.0, "confidence": 0.6851317286491394, "class": "palpebral", "class_id": 2, "detection_id": "11cd57dd-f86f-4157-9151-26aebea619d8"}, {"x": 1480.0, "y": 1665.5, "width": 2960.0, "height": 1179.0, "confidence": 0.6285537481307983, "class": "forniceal_palpebral", "class_id": 1, "detection_id": "4145382b-ee71-48ef-890b-86534c0d700b"}, {"x": 1461.0, "y": 1510.0, "width": 2922.0, "height": 1046.0, "confidence": 0.5487357378005981, "class": "forniceal", "class_id": 0, "detection_id": "a3b7a1b0-1c03-4506-8969-80ce7cc27dc4"}]}