{"inference_id": "4e668a0b-9591-46c7-9172-318b6f7d2e1e", "time": 0.1162692180000704, "image": {"width": 2988, "height": 3984}, "predictions": [{"x": 1381.5, "y": 2695.5, "width": 2687.0, "height": 1591.0, "confidence": 0.7930971384048462, "class": "forniceal_palpebral", "class_id": 1, "detection_id": "a59e6671-79c9-47b4-8adf-4f4898c92852"}, {"x": 1401.5, "y": 2814.0, "width": 2663.0, "height": 1264.0, "confidence": 0.762035071849823, "class": "palpebral", "class_id": 2, "detection_id": "c98f6b2c-2071-4437-b643-6c3dbfbd2eae"}, {"x": 1363.0, "y": 2490.5, "width": 2588.0, "height": 1489.0, "confidence": 0.7315136790275574, "class": "forniceal", "class_id": 0, "detection_id": "41f9f8b6-869c-476a-9572-fa688e4dc2b1"}]}