{"inference_id": "b184f12c-9d3d-4289-abf3-b786071a05e6", "time": 0.12522405400000025, "image": {"width": 2988, "height": 3984}, "predictions": [{"x": 1553.5, "y": 2843.0, "width": 2869.0, "height": 1364.0, "confidence": 0.7082672119140625, "class": "palpebral", "class_id": 2, "detection_id": "0a354e26-b788-4ba8-964e-d6e0b417ab7e"}, {"x": 1522.5, "y": 2511.5, "width": 2931.0, "height": 2083.0, "confidence": 0.7010626792907715, "class": "forniceal_palpebral", "class_id": 1, "detection_id": "458e06de-9496-4de5-a8b9-ae8f96847b00"}, {"x": 1529.5, "y": 2370.5, "width": 2917.0, "height": 2021.0, "confidence": 0.574540376663208, "class": "forniceal", "class_id": 0, "detection_id": "ca8a7b4b-2e07-4f10-9c55-536c6ddb8f8f"}]}