{"inference_id": "708bb49d-7353-4f8c-8b62-23ad3bb01b7b", "time": 0.11582095300002493, "image": {"width": 2988, "height": 3984}, "predictions": [{"x": 1608.5, "y": 1733.0, "width": 2759.0, "height": 1692.0, "confidence": 0.7164373993873596, "class": "forniceal", "class_id": 0, "detection_id": "59b80ec1-b2d1-4d94-99c4-d42491d0daa4"}, {"x": 1603.0, "y": 1883.0, "width": 2770.0, "height": 1634.0, "confidence": 0.7072737216949463, "class": "forniceal_palpebral", "class_id": 1, "detection_id": "730c9db6-3a49-4822-8b37-6fcc9c494e04"}, {"x": 1608.5, "y": 1859.5, "width": 2759.0, "height": 1719.0, "confidence": 0.6336270570755005, "class": "palpebral", "class_id": 2, "detection_id": "f4c7cbe9-b27e-4a24-a938-c72646cc09a0"}]}