{"inference_id": "36596f40-9669-4285-ae7f-04499c576518", "time": 0.10077043799998364, "image": {"width": 2988, "height": 3984}, "predictions": [{"x": 1630.5, "y": 2644.5, "width": 2365.0, "height": 1355.0, "confidence": 0.8030454516410828, "class": "palpebral", "class_id": 2, "detection_id": "0e8dffcb-bf53-4649-a1f5-e1a80f6366ee"}, {"x": 1679.5, "y": 2329.5, "width": 2443.0, "height": 1253.0, "confidence": 0.7824654579162598, "class": "forniceal", "class_id": 0, "detection_id": "aeb01451-5f68-48a6-ba1f-b8ef26c06de1"}, {"x": 1629.0, "y": 2518.5, "width": 2426.0, "height": 1475.0, "confidence": 0.7313506603240967, "class": "forniceal_palpebral", "class_id": 1, "detection_id": "88e6184c-72d6-4203-8c47-db79beae2943"}]}