{"inference_id": "ccf45261-bf0e-4504-bf89-492d9374a58a", "time": 0.1452139440002611, "image": {"width": 2988, "height": 3984}, "predictions": [{"x": 1452.5, "y": 2521.5, "width": 2905.0, "height": 1893.0, "confidence": 0.8336284160614014, "class": "forniceal_palpebral", "class_id": 1, "detection_id": "9d228def-2e41-400b-bf56-b5a68f0c3bc3"}, {"x": 1458.0, "y": 2362.0, "width": 2916.0, "height": 1716.0, "confidence": 0.758245050907135, "class": "forniceal", "class_id": 0, "detection_id": "d4297a6f-f935-4571-b87a-b2509ffe1335"}, {"x": 1452.0, "y": 2816.0, "width": 2816.0, "height": 1410.0, "confidence": 0.6560996770858765, "class": "palpebral", "class_id": 2, "detection_id": "e6c97097-41ed-40f1-a05a-6dbb074f69d7"}]}