{"inference_id": "69b60b4a-dd4b-402d-aede-af423c82abbd", "time": 0.141468543999963, "image": {"width": 2988, "height": 3984}, "predictions": [{"x": 1254.5, "y": 2842.0, "width": 2465.0, "height": 1168.0, "confidence": 0.8202497959136963, "class": "palpebral", "class_id": 2, "detection_id": "73e5f364-e688-4426-ab78-6dd6415d5346"}, {"x": 1221.5, "y": 2498.5, "width": 2443.0, "height": 1101.0, "confidence": 0.7558535933494568, "class": "forniceal", "class_id": 0, "detection_id": "06e090b5-a806-4349-8bc5-c750140c03c5"}, {"x": 1252.5, "y": 2725.0, "width": 2441.0, "height": 1302.0, "confidence": 0.7552416324615479, "class": "forniceal_palpebral", "class_id": 1, "detection_id": "90c628cb-3153-4777-915a-ec9871b0efc4"}]}