{"inference_id": "7a9f8a7f-471c-460b-83d4-57722de0ca64", "time": 0.14780354200001966, "image": {"width": 2988, "height": 3984}, "predictions": [{"x": 1558.0, "y": 2520.0, "width": 2850.0, "height": 1148.0, "confidence": 0.6107773780822754, "class": "forniceal_palpebral", "class_id": 1, "detection_id": "47db2d04-515d-4ee4-ba34-53837f53efaf"}, {"x": 1559.5, "y": 2610.0, "width": 2857.0, "height": 1074.0, "confidence": 0.45836666226387024, "class": "palpebral", "class_id": 2, "detection_id": "983b2a51-6008-43de-be40-04fe6ab2e518"}]}