{"inference_id": "64dd5b6d-d61a-48a4-b962-bf22f57c77fb", "time": 0.1397393289998945, "image": {"width": 2988, "height": 3984}, "predictions": [{"x": 1287.5, "y": 2685.0, "width": 2479.0, "height": 1508.0, "confidence": 0.789563775062561, "class": "forniceal_palpebral", "class_id": 1, "detection_id": "64d23745-fa35-4f5a-a551-b231695225d6"}, {"x": 1286.0, "y": 2677.0, "width": 2572.0, "height": 1562.0, "confidence": 0.7645300030708313, "class": "palpebral", "class_id": 2, "detection_id": "24009969-a9d4-4ee9-ac24-c24d612d6803"}, {"x": 1194.5, "y": 2477.0, "width": 2389.0, "height": 1266.0, "confidence": 0.43564629554748535, "class": "forniceal", "class_id": 0, "detection_id": "d262d643-8ea3-4d51-892b-7b1e8ffbf02e"}]}