{"inference_id": "b99b64e3-a112-4682-902d-a9d667e948e5", "time": 0.14966956100033713, "image": {"width": 2988, "height": 3984}, "predictions": [{"x": 1674.0, "y": 2146.5, "width": 2628.0, "height": 1431.0, "confidence": 0.7567211389541626, "class": "forniceal", "class_id": 0, "detection_id": "330e8e57-525a-426e-a74d-09a4648b6ad2"}, {"x": 1722.5, "y": 2247.0, "width": 2531.0, "height": 1320.0, "confidence": 0.6277949810028076, "class": "forniceal_palpebral", "class_id": 1, "detection_id": "25b8f47d-6141-492a-b323-5f06ee5a2d0c"}, {"x": 1653.5, "y": 2257.5, "width": 2557.0, "height": 1241.0, "confidence": 0.37434786558151245, "class": "palpebral", "class_id": 2, "detection_id": "346996ed-a404-4f26-a164-ab35e549d5bb"}]}