{"inference_id": "04a0b37a-dfac-4947-898d-28b11f131eaa", "time": 0.14971777000027942, "image": {"width": 2988, "height": 3984}, "predictions": [{"x": 1227.0, "y": 2907.5, "width": 2372.0, "height": 1243.0, "confidence": 0.803390622138977, "class": "palpebral", "class_id": 2, "detection_id": "ac52d8cf-6319-4ea1-b89e-616950911444"}, {"x": 1152.5, "y": 2685.5, "width": 2225.0, "height": 943.0, "confidence": 0.7917270660400391, "class": "forniceal", "class_id": 0, "detection_id": "8deaee13-10db-4cd7-8748-c618801a4e28"}, {"x": 1221.0, "y": 2733.0, "width": 2362.0, "height": 1284.0, "confidence": 0.6796623468399048, "class": "forniceal_palpebral", "class_id": 1, "detection_id": "44f6d035-5f28-4847-8bb5-2f3de1704000"}]}