{"inference_id": "35e3fe1f-c764-4916-90d7-43c63da27d4e", "time": 0.0971891860000369, "image": {"width": 2988, "height": 3984}, "predictions": [{"x": 1465.5, "y": 2089.0, "width": 2931.0, "height": 1792.0, "confidence": 0.7714160680770874, "class": "forniceal_palpebral", "class_id": 1, "detection_id": "7051e83b-6bcb-4620-94cf-1fc659b86ac9"}, {"x": 1404.5, "y": 1891.5, "width": 2789.0, "height": 1507.0, "confidence": 0.6256458759307861, "class": "forniceal", "class_id": 0, "detection_id": "551f7c3b-1d42-4286-9430-2d55824e095c"}, {"x": 1474.5, "y": 2231.0, "width": 2949.0, "height": 1838.0, "confidence": 0.5236241817474365, "class": "palpebral", "class_id": 2, "detection_id": "e6ad3575-658c-4111-a25c-ce72dc233b7b"}]}