{"inference_id": "1c5bf1d0-968c-4231-8ecd-80729ac4c07d", "time": 0.12074216799999249, "image": {"width": 2988, "height": 3984}, "predictions": [{"x": 1427.0, "y": 2533.5, "width": 2854.0, "height": 2151.0, "confidence": 0.7374228239059448, "class": "forniceal_palpebral", "class_id": 1, "detection_id": "d2c4cbc7-07fb-482a-9a75-b9b770166ece"}, {"x": 1419.5, "y": 2664.5, "width": 2783.0, "height": 1893.0, "confidence": 0.6760318279266357, "class": "palpebral", "class_id": 2, "detection_id": "68657ff3-9ccd-4bd4-8bba-920e8709c087"}, {"x": 1435.5, "y": 2374.5, "width": 2871.0, "height": 1875.0, "confidence": 0.5289793610572815, "class": "forniceal", "class_id": 0, "detection_id": "3cb7fab3-430b-4d2a-8073-eac3716b6232"}]}