{"inference_id": "0413a1fe-2ec8-44c2-bbaa-3da3328f86f1", "time": 0.1450106350000624, "image": {"width": 2988, "height": 3984}, "predictions": [{"x": 1445.0, "y": 2692.5, "width": 2890.0, "height": 1537.0, "confidence": 0.7909525632858276, "class": "forniceal_palpebral", "class_id": 1, "detection_id": "a691303a-96db-43be-8a7d-88f769a7a36c"}, {"x": 1442.5, "y": 2789.5, "width": 2885.0, "height": 1241.0, "confidence": 0.48340144753456116, "class": "palpebral", "class_id": 2, "detection_id": "4bd4efdd-e729-47dc-bb8f-f83662bd546a"}]}