{"inference_id": "9a05e1ce-689a-4690-9b07-30e1fe7ffcf3", "time": 0.15006170800006657, "image": {"width": 2988, "height": 3984}, "predictions": [{"x": 1591.0, "y": 2547.5, "width": 2572.0, "height": 1469.0, "confidence": 0.7955445051193237, "class": "forniceal_palpebral", "class_id": 1, "detection_id": "916c156f-6273-41b7-9dc3-4a93f3f387ab"}, {"x": 1586.0, "y": 2547.5, "width": 2518.0, "height": 1525.0, "confidence": 0.786910891532898, "class": "forniceal", "class_id": 0, "detection_id": "ccf2dfc1-1960-45e7-af2f-5063b2ff9c0c"}, {"x": 1585.5, "y": 2633.5, "width": 2525.0, "height": 1569.0, "confidence": 0.7857086062431335, "class": "palpebral", "class_id": 2, "detection_id": "bb3649df-4132-4c21-af6a-b99a5804910c"}]}