{
  "glare_frac": 0.0236165877196914,
  "R_norm_p50": 0.3780219852924347,
  "a_mean": 22.32679557800293,
  "R_p50": 183.0,
  "R_p10": 136.0,
  "RG": 1.3562541007995603,
  "S_p50": 0.2823529541492462,
  "gray_p90": 198.0,
  "gray_kurt": 2.2673401832580566,
  "gray_std": 38.79742431640625,
  "gray_mean": 143.93533325195312,
  "B_mean": 151.95468139648438,
  "B_p10": 88.0,
  "B_p75": 190.0,
  "G_kurt": 2.125727653503418
}