{"inference_id": "74d5c4cc-d018-483c-9ab9-17eeaf08c24e", "time": 0.1182503480001742, "image": {"width": 2988, "height": 3984}, "predictions": [{"x": 1307.5, "y": 2633.0, "width": 2529.0, "height": 1320.0, "confidence": 0.7113481760025024, "class": "palpebral", "class_id": 2, "detection_id": "c587abb5-5c3e-42ba-984c-3ba6aea13308"}, {"x": 1323.5, "y": 2282.5, "width": 2647.0, "height": 1515.0, "confidence": 0.6837097406387329, "class": "forniceal", "class_id": 0, "detection_id": "92c5f6dc-309b-4b8a-9de4-3be04311debb"}, {"x": 1311.0, "y": 2448.0, "width": 2584.0, "height": 1462.0, "confidence": 0.6138108968734741, "class": "forniceal_palpebral", "class_id": 1, "detection_id": "3b13ff5a-5150-4c0f-8e60-5205233d2541"}]}