{"inference_id": "74434d6a-1587-4e91-bf0e-05892b777883", "time": 0.13771327100016606, "image": {"width": 2988, "height": 3984}, "predictions": [{"x": 1091.0, "y": 2653.5, "width": 1998.0, "height": 849.0, "confidence": 0.7589789032936096, "class": "palpebral", "class_id": 2, "detection_id": "87a318df-e753-4f35-9d4c-99a37e37aecb"}, {"x": 1094.0, "y": 2341.5, "width": 2100.0, "height": 1375.0, "confidence": 0.7005541324615479, "class": "forniceal", "class_id": 0, "detection_id": "4c537be6-ab41-4564-ba20-69d69947b278"}]}