{"inference_id": "f54a4741-5b1d-4b4d-91af-50a7b02a0717", "time": 0.14780498300001454, "image": {"width": 2988, "height": 3984}, "predictions": [{"x": 1459.5, "y": 2477.0, "width": 2509.0, "height": 914.0, "confidence": 0.6209025979042053, "class": "forniceal_palpebral", "class_id": 1, "detection_id": "e6cabc78-7820-4fa6-9e2c-eaa3760988d2"}, {"x": 1458.5, "y": 2376.5, "width": 2545.0, "height": 931.0, "confidence": 0.43113473057746887, "class": "forniceal", "class_id": 0, "detection_id": "d2d69ecf-1256-4418-88c7-c71694d4ac4d"}, {"x": 1462.5, "y": 2550.0, "width": 2387.0, "height": 778.0, "confidence": 0.3116200566291809, "class": "palpebral", "class_id": 2, "detection_id": "d83a6004-e425-4a84-a15c-69de26bb603e"}]}