{"inference_id": "546002aa-15f5-4ab1-99cf-ee2e24ee2a1a", "time": 0.14095576299996537, "image": {"width": 2988, "height": 3984}, "predictions": [{"x": 1481.5, "y": 2340.0, "width": 2715.0, "height": 2022.0, "confidence": 0.716263473033905, "class": "forniceal_palpebral", "class_id": 1, "detection_id": "a9a9a08b-449f-42ca-a619-087af034a236"}, {"x": 1475.0, "y": 2455.5, "width": 2648.0, "height": 1819.0, "confidence": 0.5931606292724609, "class": "palpebral", "class_id": 2, "detection_id": "22b3d202-7163-417c-b021-f21707feab68"}, {"x": 1544.0, "y": 2202.5, "width": 2782.0, "height": 1909.0, "confidence": 0.4055817425251007, "class": "forniceal", "class_id": 0, "detection_id": "5d2c32ff-350d-4b12-a45c-c95769ef35d2"}]}