{"inference_id": "3c5ba8ef-4939-4349-b87a-481c8bb2314d", "time": 0.11978979600007733, "image": {"width": 2988, "height": 3984}, "predictions": [{"x": 1562.5, "y": 2515.0, "width": 2851.0, "height": 1954.0, "confidence": 0.7315117120742798, "class": "forniceal_palpebral", "class_id": 1, "detection_id": "93fc8c60-b7bd-4667-b6ff-713abe5a1215"}, {"x": 1574.5, "y": 2634.0, "width": 2827.0, "height": 1758.0, "confidence": 0.5293224453926086, "class": "palpebral", "class_id": 2, "detection_id": "1bc6953f-d095-48e7-9f38-f260b9d72735"}, {"x": 1564.5, "y": 2373.5, "width": 2847.0, "height": 1833.0, "confidence": 0.45415157079696655, "class": "forniceal", "class_id": 0, "detection_id": "4643a7f1-f7ce-4534-a349-709b30c2b106"}]}