{"inference_id": "84d9d919-0c15-4acd-9364-ad4a2efc24b8", "time": 0.1487249609999708, "image": {"width": 2988, "height": 3984}, "predictions": [{"x": 1311.5, "y": 2514.0, "width": 2485.0, "height": 1352.0, "confidence": 0.7569368481636047, "class": "forniceal_palpebral", "class_id": 1, "detection_id": "ff64328f-6f56-4b49-a8cc-2c24bd1993b1"}, {"x": 1313.0, "y": 2591.5, "width": 2470.0, "height": 1201.0, "confidence": 0.636016309261322, "class": "palpebral", "class_id": 2, "detection_id": "ca356689-c6ed-43f8-90d3-9dc9cafcf16d"}, {"x": 1319.0, "y": 2372.5, "width": 2532.0, "height": 1297.0, "confidence": 0.5817323327064514, "class": "forniceal", "class_id": 0, "detection_id": "33afb601-7625-4157-9004-84c2af3ea8d9"}]}