{"inference_id": "fcf20151-c4e3-44b1-bad4-cbca97743d69", "time": 0.11413336799978424, "image": {"width": 2988, "height": 3984}, "predictions": [{"x": 1416.0, "y": 2106.0, "width": 2832.0, "height": 1576.0, "confidence": 0.7362352609634399, "class": "forniceal_palpebral", "class_id": 1, "detection_id": "8ca45aeb-72c5-4ebd-80a3-4434d38eaaf3"}, {"x": 1393.5, "y": 2215.0, "width": 2787.0, "height": 1440.0, "confidence": 0.4688693583011627, "class": "palpebral", "class_id": 2, "detection_id": "22aee49a-cb43-48b6-b97a-cd076ce0f37d"}]}