{"inference_id": "0cc858ac-da22-4371-8276-7df56d2436da", "time": 0.18093590199987375, "image": {"width": 2988, "height": 3984}, "predictions": [{"x": 1325.5, "y": 2302.5, "width": 2645.0, "height": 1575.0, "confidence": 0.8247351050376892, "class": "forniceal", "class_id": 0, "detection_id": "4364e63e-37ea-468b-aa42-a4580e69e0e4"}, {"x": 1336.5, "y": 2494.0, "width": 2593.0, "height": 1760.0, "confidence": 0.8171951174736023, "class": "forniceal_palpebral", "class_id": 1, "detection_id": "9de8127f-e9bf-47c5-b7fc-66c44a395409"}, {"x": 1326.5, "y": 2589.0, "width": 2519.0, "height": 1534.0, "confidence": 0.6477223038673401, "class": "palpebral", "class_id": 2, "detection_id": "e86416b7-e12f-450f-afbc-f8a85133800a"}]}