{"inference_id": "d0b5fb3e-a7b5-49fb-b07d-d5feededd14d", "time": 0.14250125100079458, "image": {"width": 2988, "height": 3984}, "predictions": [{"x": 1396.5, "y": 2531.5, "width": 2745.0, "height": 1313.0, "confidence": 0.8122607469558716, "class": "forniceal_palpebral", "class_id": 1, "detection_id": "906f527f-1012-434f-83d6-e6ed8fb03b14"}, {"x": 1405.5, "y": 2351.5, "width": 2807.0, "height": 1225.0, "confidence": 0.7085686922073364, "class": "forniceal", "class_id": 0, "detection_id": "b4e6f37d-962c-4707-8051-65cec39352ea"}, {"x": 1416.0, "y": 2592.0, "width": 2694.0, "height": 1078.0, "confidence": 0.6392624974250793, "class": "palpebral", "class_id": 2, "detection_id": "532a6d3b-9ba6-4259-8900-0f3d6591a949"}]}