{"inference_id": "5771fc87-ff53-4648-b7a8-c29f5dd922f6", "time": 0.15067743500003417, "image": {"width": 2988, "height": 3984}, "predictions": [{"x": 1130.5, "y": 2419.0, "width": 2249.0, "height": 1278.0, "confidence": 0.812595009803772, "class": "palpebral", "class_id": 2, "detection_id": "fcd2dd76-b54a-4b77-a4cd-eaaa36c15109"}, {"x": 1249.5, "y": 2107.0, "width": 2499.0, "height": 1918.0, "confidence": 0.7413591146469116, "class": "forniceal_palpebral", "class_id": 1, "detection_id": "cdee537e-a3f1-4f6e-b15c-c30d91da5eb2"}, {"x": 1253.5, "y": 1934.0, "width": 2497.0, "height": 1606.0, "confidence": 0.7032365798950195, "class": "forniceal", "class_id": 0, "detection_id": "33ba5398-22af-4246-896a-2dfcb30a5ff0"}]}