{"inference_id": "3fcde0d1-dc56-49f0-9ec1-65742a7632e4", "time": 0.1483411710000837, "image": {"width": 2988, "height": 3984}, "predictions": [{"x": 1757.0, "y": 2540.0, "width": 2444.0, "height": 1166.0, "confidence": 0.82485431432724, "class": "forniceal", "class_id": 0, "detection_id": "0982866c-a74e-41e7-b07f-070ebb95fde9"}, {"x": 1770.5, "y": 2695.5, "width": 2419.0, "height": 1317.0, "confidence": 0.8132230043411255, "class": "forniceal_palpebral", "class_id": 1, "detection_id": "1c0e7d64-28e6-4843-8a1a-996b7e079416"}, {"x": 1768.5, "y": 2756.5, "width": 2367.0, "height": 1037.0, "confidence": 0.4372483789920807, "class": "palpebral", "class_id": 2, "detection_id": "b8591ffc-64cf-40a9-b5cb-c036717fc0fd"}]}