{"inference_id": "35d14799-908d-498f-9657-f40dfd3c5019", "time": 0.1526405690001411, "image": {"width": 2988, "height": 3984}, "predictions": [{"x": 1150.0, "y": 2715.5, "width": 2078.0, "height": 1079.0, "confidence": 0.8290723562240601, "class": "palpebral", "class_id": 2, "detection_id": "4715c5c6-827f-422d-a297-fde9a664b43d"}, {"x": 1134.5, "y": 2600.5, "width": 2079.0, "height": 869.0, "confidence": 0.7604308128356934, "class": "forniceal", "class_id": 0, "detection_id": "4a3288e4-cc96-4231-b155-7053187f7432"}, {"x": 1181.0, "y": 2684.5, "width": 2050.0, "height": 923.0, "confidence": 0.6111173629760742, "class": "forniceal_palpebral", "class_id": 1, "detection_id": "1927b6db-d3fe-4723-8f6b-62e685671c01"}]}