{"inference_id": "046179cf-83f0-46f7-84f2-4b4aab762511", "time": 0.1421371999999792, "image": {"width": 2988, "height": 3984}, "predictions": [{"x": 1442.5, "y": 2504.5, "width": 2885.0, "height": 1655.0, "confidence": 0.8252556324005127, "class": "forniceal_palpebral", "class_id": 1, "detection_id": "b6bc8f2b-7c87-4d24-992e-ffa33f67c74d"}, {"x": 1421.5, "y": 2667.5, "width": 2843.0, "height": 1537.0, "confidence": 0.8180547952651978, "class": "palpebral", "class_id": 2, "detection_id": "6b8d3cb0-275f-4cbf-8dbc-431da237c14f"}, {"x": 1436.5, "y": 2346.5, "width": 2873.0, "height": 1411.0, "confidence": 0.7091646194458008, "class": "forniceal", "class_id": 0, "detection_id": "a0432a82-1584-41be-8c56-02744fe94665"}]}