{"inference_id": "3747e74e-cb6e-4dc2-953f-627cbd22757e", "time": 0.12561445200026355, "image": {"width": 2988, "height": 3984}, "predictions": [{"x": 1632.5, "y": 2318.0, "width": 2557.0, "height": 1548.0, "confidence": 0.7366613745689392, "class": "forniceal", "class_id": 0, "detection_id": "8f6b517a-55ea-4321-87e8-64aa4b9549ab"}, {"x": 1655.5, "y": 2331.0, "width": 2575.0, "height": 1716.0, "confidence": 0.7033084630966187, "class": "forniceal_palpebral", "class_id": 1, "detection_id": "9adba618-90b8-4bf6-ac67-2603346c5fa9"}, {"x": 1686.0, "y": 2433.0, "width": 2476.0, "height": 1464.0, "confidence": 0.6780955195426941, "class": "palpebral", "class_id": 2, "detection_id": "480dec81-0a55-4f95-ab79-f9a2c97cc427"}]}