{"inference_id": "3a3913c8-14db-43ba-8834-87749ed654da", "time": 0.15833666299977267, "image": {"width": 2988, "height": 3984}, "predictions": [{"x": 1584.5, "y": 2763.0, "width": 2217.0, "height": 1318.0, "confidence": 0.8036283850669861, "class": "forniceal_palpebral", "class_id": 1, "detection_id": "a1edfc30-08c7-4305-bc73-34462441a7e8"}, {"x": 1578.0, "y": 2774.5, "width": 2156.0, "height": 1317.0, "confidence": 0.6920808553695679, "class": "palpebral", "class_id": 2, "detection_id": "fde01afb-564e-4e11-8af4-d85675133471"}, {"x": 1596.5, "y": 2607.0, "width": 2201.0, "height": 1066.0, "confidence": 0.6252051591873169, "class": "forniceal", "class_id": 0, "detection_id": "7ba8a6b3-a709-4423-a10e-4f76a24ff6c5"}]}