{"inference_id": "4794e5d1-1c15-4f22-84de-8d687ef5b268", "time": 0.14411457899996094, "image": {"width": 2988, "height": 3984}, "predictions": [{"x": 1685.0, "y": 2734.5, "width": 2606.0, "height": 1547.0, "confidence": 0.791504979133606, "class": "forniceal_palpebral", "class_id": 1, "detection_id": "9368690f-4ba7-4ff3-bf12-5480c0d45476"}, {"x": 1611.0, "y": 2720.0, "width": 2754.0, "height": 1448.0, "confidence": 0.6255140900611877, "class": "forniceal", "class_id": 0, "detection_id": "569fc9be-5e6b-471f-8809-dd5ccfb7a71f"}, {"x": 1708.0, "y": 2976.0, "width": 2496.0, "height": 1084.0, "confidence": 0.4479922652244568, "class": "palpebral", "class_id": 2, "detection_id": "3e2e442c-d1a7-4a92-91b1-0aa0f3f6251b"}]}