{"inference_id": "d0688185-d59f-4752-9011-f1536cdc03ed", "time": 0.11984004699934303, "image": {"width": 2988, "height": 3984}, "predictions": [{"x": 1416.5, "y": 2123.5, "width": 2829.0, "height": 1705.0, "confidence": 0.8212147951126099, "class": "forniceal_palpebral", "class_id": 1, "detection_id": "c180cb1a-8170-4e27-a1f7-768919bf5cfe"}, {"x": 1437.0, "y": 2224.5, "width": 2720.0, "height": 1521.0, "confidence": 0.784650444984436, "class": "palpebral", "class_id": 2, "detection_id": "ce43a795-63d4-4dbb-aa1f-4f73d41aec23"}, {"x": 1427.5, "y": 1966.5, "width": 2813.0, "height": 1463.0, "confidence": 0.7452570199966431, "class": "forniceal", "class_id": 0, "detection_id": "b933e8de-3a4f-43cb-a488-257cc0724e77"}]}