{"inference_id": "24c9cb24-edd2-441a-bc5e-a94c4299311f", "time": 0.12647606399968936, "image": {"width": 2988, "height": 3984}, "predictions": [{"x": 1556.5, "y": 2500.0, "width": 2783.0, "height": 1626.0, "confidence": 0.8189127445220947, "class": "forniceal_palpebral", "class_id": 1, "detection_id": "db6d3121-4b35-4896-ad03-23d41a03421a"}, {"x": 1572.5, "y": 2345.0, "width": 2791.0, "height": 1560.0, "confidence": 0.7479561567306519, "class": "forniceal", "class_id": 0, "detection_id": "b57549e8-1128-49fc-a52c-108a508676e8"}, {"x": 1579.5, "y": 2591.5, "width": 2735.0, "height": 1479.0, "confidence": 0.6840090155601501, "class": "palpebral", "class_id": 2, "detection_id": "2c45cc9c-f43b-4e39-8460-3be444ce2393"}]}