{"inference_id": "a819da0a-b5a1-4fb1-bb6a-29778a9ecf0d", "time": 0.16752907899990532, "image": {"width": 2988, "height": 3984}, "predictions": [{"x": 1591.5, "y": 2135.5, "width": 2793.0, "height": 1543.0, "confidence": 0.7832647562026978, "class": "forniceal_palpebral", "class_id": 1, "detection_id": "d8a06893-1386-4f21-a2b9-8b0657e259fa"}, {"x": 1602.5, "y": 2243.0, "width": 2771.0, "height": 1412.0, "confidence": 0.7352942228317261, "class": "palpebral", "class_id": 2, "detection_id": "d50d803b-51a0-4f31-b960-5b5b8888edfa"}, {"x": 1606.5, "y": 2005.0, "width": 2763.0, "height": 1388.0, "confidence": 0.3940557837486267, "class": "forniceal", "class_id": 0, "detection_id": "ee7fd801-a17c-4bd4-b96a-d89d26a809e3"}]}