{"inference_id": "aad4e89b-84d8-4b27-b02c-5358bf44e82b", "time": 0.1514236590001019, "image": {"width": 2988, "height": 3984}, "predictions": [{"x": 1423.0, "y": 2519.0, "width": 2846.0, "height": 2068.0, "confidence": 0.7667055130004883, "class": "forniceal_palpebral", "class_id": 1, "detection_id": "ab8d5ec3-b4b8-4cbe-b178-373239702fdd"}, {"x": 1436.0, "y": 2366.5, "width": 2872.0, "height": 1931.0, "confidence": 0.7144626379013062, "class": "forniceal", "class_id": 0, "detection_id": "8fd05236-c6c7-41d7-88e7-1b53c900ba43"}, {"x": 1410.5, "y": 2659.0, "width": 2787.0, "height": 1798.0, "confidence": 0.6893711090087891, "class": "palpebral", "class_id": 2, "detection_id": "44131b8d-db05-4e29-b6af-ad8380ff20d1"}]}