{"inference_id": "5a34e975-a13f-4126-819d-ccb136187d0c", "time": 0.15040013900033955, "image": {"width": 2988, "height": 3984}, "predictions": [{"x": 1313.0, "y": 2519.5, "width": 2550.0, "height": 1513.0, "confidence": 0.7513171434402466, "class": "forniceal_palpebral", "class_id": 1, "detection_id": "00c59a38-2026-4175-8b40-38b7260d87a2"}, {"x": 1308.0, "y": 2617.5, "width": 2460.0, "height": 1353.0, "confidence": 0.6944295763969421, "class": "palpebral", "class_id": 2, "detection_id": "37989fc4-f7d4-48f9-9211-aa04182d6db3"}, {"x": 1365.5, "y": 2370.5, "width": 2687.0, "height": 1699.0, "confidence": 0.427381694316864, "class": "forniceal", "class_id": 0, "detection_id": "d0d0f765-b195-40c3-9076-2e2a19d7a37f"}]}