{"inference_id": "ca9273db-aa30-42dd-9a04-271e7217707f", "time": 0.1486800630000289, "image": {"width": 2988, "height": 3984}, "predictions": [{"x": 1170.0, "y": 2310.5, "width": 2302.0, "height": 1023.0, "confidence": 0.84223872423172, "class": "forniceal", "class_id": 0, "detection_id": "9694fbd6-9e13-4b0d-8865-3a4458890896"}, {"x": 1222.0, "y": 2473.0, "width": 2382.0, "height": 1064.0, "confidence": 0.7595627307891846, "class": "palpebral", "class_id": 2, "detection_id": "12dd0b73-e892-46b3-ae8c-8114335e66f0"}, {"x": 1199.0, "y": 2353.5, "width": 2324.0, "height": 1177.0, "confidence": 0.7088755965232849, "class": "forniceal_palpebral", "class_id": 1, "detection_id": "912dd1b4-174c-4767-8569-024413cf8b2d"}]}