{"inference_id": "b2d27c1c-cc10-40e8-bdd5-0e1272451907", "time": 0.15557943200019508, "image": {"width": 2988, "height": 3984}, "predictions": [{"x": 1559.5, "y": 1940.0, "width": 2857.0, "height": 1508.0, "confidence": 0.7195882797241211, "class": "forniceal_palpebral", "class_id": 1, "detection_id": "04fb2fe9-d596-4105-a31a-fb7b318871b6"}, {"x": 1493.5, "y": 2040.0, "width": 2819.0, "height": 1298.0, "confidence": 0.42768582701683044, "class": "palpebral", "class_id": 2, "detection_id": "e10565e0-b71c-455d-9563-3d04db5139d2"}, {"x": 1488.5, "y": 1936.0, "width": 2693.0, "height": 1426.0, "confidence": 0.3208822011947632, "class": "forniceal", "class_id": 0, "detection_id": "cebe66f8-9ad0-4dd3-ad7b-896670984f71"}]}