{"inference_id": "4968b7d9-49c9-4a62-820f-01d22004371f", "time": 0.15997877900008461, "image": {"width": 2988, "height": 3984}, "predictions": [{"x": 1284.5, "y": 2527.5, "width": 2569.0, "height": 1515.0, "confidence": 0.8242817521095276, "class": "forniceal_palpebral", "class_id": 1, "detection_id": "05d82b72-9153-4227-947b-4f5807d8602f"}, {"x": 1289.5, "y": 2356.5, "width": 2555.0, "height": 1351.0, "confidence": 0.7908169031143188, "class": "forniceal", "class_id": 0, "detection_id": "dfaacdc2-c01e-4e30-9476-d5b2c993402b"}, {"x": 1290.0, "y": 2650.5, "width": 2488.0, "height": 1365.0, "confidence": 0.7858458757400513, "class": "palpebral", "class_id": 2, "detection_id": "13a24c2e-d434-4b0b-a9d9-cdb7d72b1576"}]}