{"inference_id": "143eea23-d353-4ccf-8c40-b8e2f52fd93a", "time": 0.10913794800001142, "image": {"width": 2988, "height": 3984}, "predictions": [{"x": 992.5, "y": 2569.0, "width": 1775.0, "height": 1168.0, "confidence": 0.8629224300384521, "class": "palpebral", "class_id": 2, "detection_id": "f490b3d5-183f-4403-9b72-e6cb19c34d34"}, {"x": 1008.0, "y": 2543.5, "width": 1792.0, "height": 1181.0, "confidence": 0.8393804430961609, "class": "forniceal_palpebral", "class_id": 1, "detection_id": "0711c018-84b0-439b-bac1-8c86a0037325"}, {"x": 1041.0, "y": 2518.5, "width": 1920.0, "height": 1215.0, "confidence": 0.5923478007316589, "class": "forniceal", "class_id": 0, "detection_id": "f9b80c36-c984-4f6b-bf7f-46800a8521b1"}]}