{"inference_id": "c551c08e-6fee-439a-84be-a8b2b03b8ee0", "time": 0.1477946449999763, "image": {"width": 2988, "height": 3984}, "predictions": [{"x": 1430.0, "y": 2504.0, "width": 2860.0, "height": 2030.0, "confidence": 0.7838693261146545, "class": "forniceal_palpebral", "class_id": 1, "detection_id": "50d73a34-8437-45ea-b745-9c91df218bdf"}, {"x": 1425.0, "y": 2347.5, "width": 2850.0, "height": 1775.0, "confidence": 0.7152985334396362, "class": "forniceal", "class_id": 0, "detection_id": "e10dd4ef-fd0c-40bb-b5b4-c45d0c611cef"}, {"x": 1417.5, "y": 2627.0, "width": 2815.0, "height": 1876.0, "confidence": 0.6530323028564453, "class": "palpebral", "class_id": 2, "detection_id": "4fd04e14-0483-4f6a-92f1-631152a08f01"}]}