{"inference_id": "e89f7d67-d16f-44a3-bd08-e774bdc69b12", "time": 0.12893735699981335, "image": {"width": 2988, "height": 3984}, "predictions": [{"x": 1701.0, "y": 2337.0, "width": 2476.0, "height": 1036.0, "confidence": 0.820979654788971, "class": "forniceal", "class_id": 0, "detection_id": "66681e96-4fb6-4789-8fed-05a65efc2e0d"}, {"x": 1678.5, "y": 2527.0, "width": 2469.0, "height": 1244.0, "confidence": 0.7725486159324646, "class": "forniceal_palpebral", "class_id": 1, "detection_id": "2819efb1-51fe-4bf5-944a-cd59bd02259b"}, {"x": 1647.0, "y": 2506.5, "width": 2518.0, "height": 1261.0, "confidence": 0.731671929359436, "class": "palpebral", "class_id": 2, "detection_id": "a0082ff3-3077-45fe-a235-2de74c11400a"}]}