{"inference_id": "de4c1a6d-fa97-41ea-a4be-f2fcf0b20049", "time": 0.1300345119998383, "image": {"width": 2988, "height": 3984}, "predictions": [{"x": 1318.5, "y": 2533.0, "width": 2637.0, "height": 1342.0, "confidence": 0.744385838508606, "class": "forniceal", "class_id": 0, "detection_id": "573dc2b8-e4e3-4b47-a250-30fc8e235358"}, {"x": 1308.5, "y": 2664.0, "width": 2567.0, "height": 1366.0, "confidence": 0.7278852462768555, "class": "forniceal_palpebral", "class_id": 1, "detection_id": "5e16d0b0-75bd-4318-a61b-c9e623bfaea1"}]}