{"inference_id": "295feda2-f36f-4f38-92db-8b032997a07d", "time": 0.16537672000004022, "image": {"width": 2988, "height": 3984}, "predictions": [{"x": 1540.5, "y": 2031.0, "width": 1927.0, "height": 1142.0, "confidence": 0.6687098741531372, "class": "palpebral", "class_id": 2, "detection_id": "2ffa73c9-299f-40ba-a9b0-ad0f40182dda"}, {"x": 1426.0, "y": 2066.0, "width": 2124.0, "height": 1074.0, "confidence": 0.5997916460037231, "class": "forniceal_palpebral", "class_id": 1, "detection_id": "2dad402c-a970-45fe-b9df-bf7f132e71e8"}, {"x": 1308.5, "y": 2030.0, "width": 2183.0, "height": 824.0, "confidence": 0.5011520385742188, "class": "forniceal", "class_id": 0, "detection_id": "1ef8b599-3c4d-4cc3-b493-8b83780ebc3e"}]}