{"inference_id": "de74fa2c-6c91-4a11-b16b-ebfa5b5915af", "time": 0.11874166900003047, "image": {"width": 2988, "height": 3984}, "predictions": [{"x": 1018.5, "y": 2475.0, "width": 2025.0, "height": 1294.0, "confidence": 0.869787335395813, "class": "palpebral", "class_id": 2, "detection_id": "a87849db-1281-4b0f-8a6a-574f45f5c9c9"}, {"x": 1089.5, "y": 2113.5, "width": 2133.0, "height": 1559.0, "confidence": 0.8104442358016968, "class": "forniceal", "class_id": 0, "detection_id": "461b279a-c6a1-4cc7-bb36-411d835915b3"}, {"x": 1094.5, "y": 2247.5, "width": 2169.0, "height": 1747.0, "confidence": 0.7343502044677734, "class": "forniceal_palpebral", "class_id": 1, "detection_id": "b2de2e9a-6e1b-4247-a760-0dba118cbdcb"}]}