{"inference_id": "1b6243f7-9e94-4645-9b2b-1837b01530c8", "time": 0.159591225999975, "image": {"width": 2988, "height": 3984}, "predictions": [{"x": 1575.0, "y": 2533.5, "width": 2428.0, "height": 1507.0, "confidence": 0.7967038154602051, "class": "forniceal", "class_id": 0, "detection_id": "76ec451d-c999-4715-b9ca-a98d178c90f1"}, {"x": 1594.5, "y": 2677.0, "width": 2449.0, "height": 1592.0, "confidence": 0.7153502106666565, "class": "forniceal_palpebral", "class_id": 1, "detection_id": "fd4423f1-380d-417f-9e46-7c505d148997"}, {"x": 1653.5, "y": 2671.5, "width": 2257.0, "height": 1599.0, "confidence": 0.5566370487213135, "class": "palpebral", "class_id": 2, "detection_id": "b9d8bfc3-e792-4f83-959d-9e61e324baf0"}]}