{"inference_id": "187e3ad0-5dd1-48e5-a4f5-6bd2bed1db01", "time": 0.11492886399997815, "image": {"width": 2988, "height": 3984}, "predictions": [{"x": 1461.0, "y": 2711.0, "width": 2922.0, "height": 1870.0, "confidence": 0.7341141104698181, "class": "forniceal_palpebral", "class_id": 1, "detection_id": "1374c681-e96b-4f5c-93da-52312c24797a"}, {"x": 1478.0, "y": 2547.0, "width": 2956.0, "height": 1798.0, "confidence": 0.5987765789031982, "class": "forniceal", "class_id": 0, "detection_id": "3fd04ccb-3b3a-4cb8-8a70-d28700d79504"}, {"x": 1440.5, "y": 2822.5, "width": 2877.0, "height": 1701.0, "confidence": 0.5146040916442871, "class": "palpebral", "class_id": 2, "detection_id": "161fa149-a71d-4ac6-87c2-e2134a4bf004"}]}