{"inference_id": "4455072d-c86b-433f-ba1e-fa055c8aef22", "time": 0.12035320999984833, "image": {"width": 2988, "height": 3984}, "predictions": [{"x": 1577.5, "y": 2539.5, "width": 2821.0, "height": 1627.0, "confidence": 0.7007416486740112, "class": "forniceal_palpebral", "class_id": 1, "detection_id": "f7939c02-e372-4cb4-b7df-560eaec4295b"}, {"x": 1594.0, "y": 2671.0, "width": 2784.0, "height": 1478.0, "confidence": 0.6970484256744385, "class": "palpebral", "class_id": 2, "detection_id": "6c7037e4-fb54-4838-8211-38763a3f2fac"}, {"x": 1636.0, "y": 2529.0, "width": 2704.0, "height": 1516.0, "confidence": 0.5140678882598877, "class": "forniceal", "class_id": 0, "detection_id": "cdfcab24-18e0-435f-857e-5d826e5db78e"}]}