{"inference_id": "e8f3ddb4-896b-4244-a92c-ac510c6670b8", "time": 0.15675771800033544, "image": {"width": 2988, "height": 3984}, "predictions": [{"x": 1440.5, "y": 2339.0, "width": 2881.0, "height": 1772.0, "confidence": 0.8197264671325684, "class": "forniceal_palpebral", "class_id": 1, "detection_id": "70fb732a-91c4-4bf3-b88d-91a51a900dcb"}, {"x": 1435.0, "y": 2600.5, "width": 2776.0, "height": 1589.0, "confidence": 0.7719347476959229, "class": "palpebral", "class_id": 2, "detection_id": "7fb1714b-148e-4d51-963c-edcd40919712"}, {"x": 1395.0, "y": 2330.0, "width": 2790.0, "height": 1828.0, "confidence": 0.7581427097320557, "class": "forniceal", "class_id": 0, "detection_id": "d8a70a59-9354-48f4-b190-3155b8d64c61"}]}