{"inference_id": "c69ee125-5f34-4aac-88fe-8bd0ba00a78c", "time": 0.13166178799997397, "image": {"width": 2988, "height": 3984}, "predictions": [{"x": 1303.5, "y": 2308.5, "width": 2539.0, "height": 1545.0, "confidence": 0.7662531137466431, "class": "forniceal_palpebral", "class_id": 1, "detection_id": "f044d519-9af6-4a1b-93d5-bb422ac538db"}, {"x": 1310.5, "y": 2457.5, "width": 2455.0, "height": 1313.0, "confidence": 0.7645235061645508, "class": "palpebral", "class_id": 2, "detection_id": "4999c381-55af-495f-812e-13fe06f0896a"}, {"x": 1321.0, "y": 2129.5, "width": 2562.0, "height": 1381.0, "confidence": 0.6988865733146667, "class": "forniceal", "class_id": 0, "detection_id": "52d33225-4db8-4f7a-8f30-b0259ec3f01b"}]}