{"inference_id": "23d23392-51a4-4ad0-be6e-874875ad3c70", "time": 0.15404046899993773, "image": {"width": 2988, "height": 3984}, "predictions": [{"x": 1315.0, "y": 2455.0, "width": 2508.0, "height": 1740.0, "confidence": 0.793319582939148, "class": "palpebral", "class_id": 2, "detection_id": "588406a1-6895-4091-9fb4-82318badfae7"}, {"x": 1311.0, "y": 2281.0, "width": 2552.0, "height": 1812.0, "confidence": 0.7612916827201843, "class": "forniceal_palpebral", "class_id": 1, "detection_id": "b47552b3-18b6-428e-a5e9-4f1a1abfbe0a"}, {"x": 1295.0, "y": 2038.0, "width": 2590.0, "height": 1392.0, "confidence": 0.7029813528060913, "class": "forniceal", "class_id": 0, "detection_id": "f4c63911-fc50-42dd-85b8-75001fd36031"}]}