{"inference_id": "6b2d3302-4a71-4186-a293-fba3e627fb70", "time": 0.1462967639999988, "image": {"width": 2988, "height": 3984}, "predictions": [{"x": 1209.0, "y": 2658.5, "width": 2350.0, "height": 1173.0, "confidence": 0.7962592840194702, "class": "palpebral", "class_id": 2, "detection_id": "bf3625a2-11be-45fb-91a1-ffdbd6e9aad9"}, {"x": 1268.0, "y": 2527.5, "width": 2516.0, "height": 1325.0, "confidence": 0.7764871716499329, "class": "forniceal_palpebral", "class_id": 1, "detection_id": "39261262-1469-48a6-86ad-ceb6f246853d"}, {"x": 1282.5, "y": 2390.0, "width": 2457.0, "height": 1006.0, "confidence": 0.4478294253349304, "class": "forniceal", "class_id": 0, "detection_id": "59ddda38-7992-46ee-a6cd-4cf007a71832"}]}