{"inference_id": "4d6acb89-92cc-4962-96ab-83a7f7443713", "time": 0.14273998299995583, "image": {"width": 2988, "height": 3984}, "predictions": [{"x": 1307.0, "y": 2714.5, "width": 2614.0, "height": 1109.0, "confidence": 0.8197901248931885, "class": "forniceal_palpebral", "class_id": 1, "detection_id": "7bf5d3bc-eb28-4d1f-9385-61ad4e0e23cc"}, {"x": 1307.5, "y": 2706.5, "width": 2615.0, "height": 1177.0, "confidence": 0.7939285635948181, "class": "palpebral", "class_id": 2, "detection_id": "e930a5ad-7c68-41d8-8712-5783ea9eb1ce"}]}