{"inference_id": "4c9dfae9-2158-4512-82d6-09bbe65c2952", "time": 0.13490656500016485, "image": {"width": 2988, "height": 3984}, "predictions": [{"x": 1308.5, "y": 3178.0, "width": 2549.0, "height": 1318.0, "confidence": 0.7021726965904236, "class": "palpebral", "class_id": 2, "detection_id": "5c959632-fc55-4749-8b1d-a9f30f0aa900"}, {"x": 1338.5, "y": 2922.5, "width": 2677.0, "height": 1721.0, "confidence": 0.6639776229858398, "class": "forniceal_palpebral", "class_id": 1, "detection_id": "4d69ca63-e7e1-46ed-9fb3-ce72a4fe1886"}, {"x": 1323.5, "y": 2914.0, "width": 2643.0, "height": 1770.0, "confidence": 0.6420872807502747, "class": "forniceal", "class_id": 0, "detection_id": "60a08bc4-dc7d-416d-bd17-f38398bedc65"}]}