{"inference_id": "5ca36dfc-ccf9-4285-8780-7f344a877171", "time": 0.11524601499968412, "image": {"width": 2988, "height": 3984}, "predictions": [{"x": 1519.0, "y": 2467.5, "width": 2938.0, "height": 1733.0, "confidence": 0.7017637491226196, "class": "forniceal_palpebral", "class_id": 1, "detection_id": "d25f294a-2264-47d1-a42c-b48a141abffc"}, {"x": 1541.5, "y": 2642.0, "width": 2893.0, "height": 1510.0, "confidence": 0.59064120054245, "class": "palpebral", "class_id": 2, "detection_id": "137feafb-08fc-4ae4-9af1-f13e8c0947d5"}, {"x": 1479.5, "y": 2339.5, "width": 2959.0, "height": 1433.0, "confidence": 0.4207117259502411, "class": "forniceal", "class_id": 0, "detection_id": "580828dd-ffdf-4d5b-a827-077d6cf84437"}]}