{"inference_id": "94afc005-4869-4433-8976-a69214c4d2c7", "time": 0.14315657499992085, "image": {"width": 2988, "height": 3984}, "predictions": [{"x": 1086.5, "y": 2522.5, "width": 2173.0, "height": 911.0, "confidence": 0.8124942183494568, "class": "palpebral", "class_id": 2, "detection_id": "bacb75c6-81c3-4621-a460-002ef782c3db"}, {"x": 1035.5, "y": 2301.0, "width": 2041.0, "height": 582.0, "confidence": 0.7161051034927368, "class": "forniceal", "class_id": 0, "detection_id": "22a0ed28-4a60-4ba5-a7af-04b5468134e0"}]}