{"inference_id": "2e468b0e-dccc-4c47-b450-24db94ad1744", "time": 0.13463283500004763, "image": {"width": 2988, "height": 3984}, "predictions": [{"x": 1230.0, "y": 2499.5, "width": 2386.0, "height": 1161.0, "confidence": 0.7778462171554565, "class": "forniceal_palpebral", "class_id": 1, "detection_id": "cd18910b-2b45-46c5-bb46-9ce569058eb5"}, {"x": 1219.0, "y": 2496.0, "width": 2408.0, "height": 1230.0, "confidence": 0.7581815123558044, "class": "palpebral", "class_id": 2, "detection_id": "9bc31c55-2ce6-484b-b283-ab0a65e33b60"}, {"x": 1195.5, "y": 2308.0, "width": 2391.0, "height": 1044.0, "confidence": 0.6987956762313843, "class": "forniceal", "class_id": 0, "detection_id": "ca040453-d348-4df8-b6a1-0e4473c2842f"}]}