{"inference_id": "00df4d7b-cd34-4372-aa12-1713db0bec12", "time": 0.1632597040006658, "image": {"width": 2988, "height": 3984}, "predictions": [{"x": 1714.5, "y": 2753.0, "width": 2509.0, "height": 1344.0, "confidence": 0.8333646059036255, "class": "forniceal_palpebral", "class_id": 1, "detection_id": "7d1cc7fc-404c-4ba6-a607-bcbe24b42db6"}, {"x": 1715.5, "y": 2820.0, "width": 2525.0, "height": 1390.0, "confidence": 0.8149799108505249, "class": "palpebral", "class_id": 2, "detection_id": "7423f519-fd8c-4cde-9313-e6a0f60a628c"}, {"x": 1669.0, "y": 2723.0, "width": 2444.0, "height": 1148.0, "confidence": 0.6024051904678345, "class": "forniceal", "class_id": 0, "detection_id": "5799da76-127c-4966-93f5-643ab7c2dfe6"}]}