{"inference_id": "4b293b52-dfae-47eb-ba6e-5dbcf7ff5ec2", "time": 0.13100400200028162, "image": {"width": 2988, "height": 3984}, "predictions": [{"x": 1346.0, "y": 2705.5, "width": 2692.0, "height": 1603.0, "confidence": 0.7332555651664734, "class": "forniceal_palpebral", "class_id": 1, "detection_id": "1c43ca7f-41b7-43c8-a352-ae9a4a0ca9e6"}, {"x": 1334.0, "y": 2839.5, "width": 2598.0, "height": 1443.0, "confidence": 0.6032941341400146, "class": "palpebral", "class_id": 2, "detection_id": "ec946bcc-cc7e-4632-b62a-d5315f5eb201"}, {"x": 1326.5, "y": 2594.0, "width": 2653.0, "height": 1462.0, "confidence": 0.47883689403533936, "class": "forniceal", "class_id": 0, "detection_id": "84ba4cfd-c379-4be4-b65c-dd50a2024554"}]}