{"inference_id": "96b552f5-5b5c-4c01-86c9-fac6f7ebb945", "time": 0.1640209400002277, "image": {"width": 2988, "height": 3984}, "predictions": [{"x": 1419.0, "y": 2668.0, "width": 2812.0, "height": 1430.0, "confidence": 0.7300480604171753, "class": "palpebral", "class_id": 2, "detection_id": "7b11a9f5-acdc-4c79-ae46-bc5b490916c5"}, {"x": 1443.0, "y": 2510.5, "width": 2886.0, "height": 1653.0, "confidence": 0.697719395160675, "class": "forniceal_palpebral", "class_id": 1, "detection_id": "8450f2e2-b799-44d4-b9d9-c8c486213e01"}, {"x": 1351.0, "y": 2510.5, "width": 2674.0, "height": 1457.0, "confidence": 0.35110756754875183, "class": "forniceal", "class_id": 0, "detection_id": "919216b0-803c-4b94-9c9e-213f3b6a8798"}]}