{"inference_id": "abd1c305-0e7d-463e-b7e7-fe9b6c127cdd", "time": 0.14228632599997582, "image": {"width": 2988, "height": 3984}, "predictions": [{"x": 1627.0, "y": 2459.5, "width": 2372.0, "height": 1157.0, "confidence": 0.7711405158042908, "class": "palpebral", "class_id": 2, "detection_id": "d75e9822-2581-4411-ae92-e911459795d9"}, {"x": 1684.5, "y": 2324.5, "width": 2477.0, "height": 1437.0, "confidence": 0.7324663400650024, "class": "forniceal_palpebral", "class_id": 1, "detection_id": "9a1ed063-329f-4e31-85b9-fc8c52f293d3"}, {"x": 1722.5, "y": 2145.0, "width": 2531.0, "height": 1416.0, "confidence": 0.6616446375846863, "class": "forniceal", "class_id": 0, "detection_id": "1af5290e-4bf0-40b9-a99d-737e6c98d2d5"}]}