{"inference_id": "eb10ca0c-513b-4a12-97cd-46503cf61a57", "time": 0.12478728099995351, "image": {"width": 2988, "height": 3984}, "predictions": [{"x": 1325.0, "y": 2708.5, "width": 2524.0, "height": 1457.0, "confidence": 0.8480179309844971, "class": "forniceal_palpebral", "class_id": 1, "detection_id": "966f0faa-ce96-4921-8029-2bdc58160db5"}, {"x": 1313.5, "y": 2508.0, "width": 2595.0, "height": 1232.0, "confidence": 0.8470105528831482, "class": "forniceal", "class_id": 0, "detection_id": "06ebb8ee-3cdb-4ddd-8f46-d249c2d8c4fe"}, {"x": 1328.5, "y": 2845.5, "width": 2515.0, "height": 1385.0, "confidence": 0.8104822635650635, "class": "palpebral", "class_id": 2, "detection_id": "7a6cbe73-59a2-4f08-9838-f34670f51d1a"}]}