{"inference_id": "5e58707a-431a-4372-8958-ea5308718b68", "time": 0.14190575899965552, "image": {"width": 2988, "height": 3984}, "predictions": [{"x": 1536.0, "y": 1925.0, "width": 2904.0, "height": 2222.0, "confidence": 0.6065244078636169, "class": "forniceal_palpebral", "class_id": 1, "detection_id": "b32c5ac3-0788-458e-a3e5-2734f07313da"}, {"x": 1439.0, "y": 2236.0, "width": 2878.0, "height": 1666.0, "confidence": 0.4288788139820099, "class": "palpebral", "class_id": 2, "detection_id": "2ba392fc-096f-4c6e-a170-e7e573247f7e"}]}