{"inference_id": "4044020c-4bb3-4598-9499-bef6997e5b0f", "time": 0.15009912999994413, "image": {"width": 2988, "height": 3984}, "predictions": [{"x": 1193.0, "y": 2295.5, "width": 2304.0, "height": 1213.0, "confidence": 0.8190004825592041, "class": "forniceal", "class_id": 0, "detection_id": "cc89f8cd-92a0-401b-9f5c-fba545206c31"}, {"x": 1196.0, "y": 2472.0, "width": 2356.0, "height": 1382.0, "confidence": 0.7432793378829956, "class": "palpebral", "class_id": 2, "detection_id": "f4c7fb42-aa69-4245-bae2-632c5df20741"}, {"x": 1220.0, "y": 2435.0, "width": 2390.0, "height": 1338.0, "confidence": 0.7040637731552124, "class": "forniceal_palpebral", "class_id": 1, "detection_id": "d2c05dd8-a762-4d1f-94de-3a143c77c756"}]}