{"inference_id": "655f5d55-3dbf-4499-8305-3180f255aec8", "time": 0.14312000600057218, "image": {"width": 2988, "height": 3984}, "predictions": [{"x": 1545.5, "y": 2377.0, "width": 2031.0, "height": 948.0, "confidence": 0.38969385623931885, "class": "forniceal_palpebral", "class_id": 1, "detection_id": "77ff16d9-8ed3-4471-b8d9-2ec5d5d6d163"}, {"x": 1530.0, "y": 2453.0, "width": 1828.0, "height": 820.0, "confidence": 0.3737775981426239, "class": "palpebral", "class_id": 2, "detection_id": "319778ef-d81e-437b-9ad2-4f24ebad8cb9"}, {"x": 1446.5, "y": 2371.0, "width": 1781.0, "height": 868.0, "confidence": 0.2740103006362915, "class": "forniceal", "class_id": 0, "detection_id": "ef2274b3-02db-489b-b2f3-6c5563e29f98"}]}