{"inference_id": "680288da-ded5-408e-9036-236c35d44c2e", "time": 0.1296477750001941, "image": {"width": 2988, "height": 3984}, "predictions": [{"x": 1245.0, "y": 2724.0, "width": 2406.0, "height": 1054.0, "confidence": 0.804385781288147, "class": "palpebral", "class_id": 2, "detection_id": "644dd5d8-0e79-41cd-9967-432430250338"}, {"x": 1278.0, "y": 2572.0, "width": 2500.0, "height": 1162.0, "confidence": 0.6265260577201843, "class": "forniceal_palpebral", "class_id": 1, "detection_id": "27ce9422-64fd-4113-8772-0094a1a69d4f"}]}