{"inference_id": "fd09eb14-28df-4627-bb97-265dcdae6d49", "time": 0.14239133399996717, "image": {"width": 2988, "height": 3984}, "predictions": [{"x": 1672.5, "y": 1928.5, "width": 2631.0, "height": 1215.0, "confidence": 0.8293455839157104, "class": "forniceal_palpebral", "class_id": 1, "detection_id": "e1f90510-bb67-41ac-85bb-9cbe73dcc9ef"}, {"x": 1695.0, "y": 1992.0, "width": 2586.0, "height": 1116.0, "confidence": 0.7233127951622009, "class": "palpebral", "class_id": 2, "detection_id": "f76185ee-37b5-4d05-8886-401258d57cd4"}, {"x": 1652.0, "y": 1942.5, "width": 2646.0, "height": 1069.0, "confidence": 0.5014485120773315, "class": "forniceal", "class_id": 0, "detection_id": "8cb58b4f-bfba-49eb-8270-791d37fe0604"}]}