{"inference_id": "d124f7da-1516-44f8-bb5d-f7cbd9e4febc", "time": 0.10874958000022161, "image": {"width": 2988, "height": 3984}, "predictions": [{"x": 1245.5, "y": 2315.0, "width": 2491.0, "height": 1420.0, "confidence": 0.7799893021583557, "class": "forniceal_palpebral", "class_id": 1, "detection_id": "1278d015-afd9-4b36-9967-5c66616bbb92"}, {"x": 1177.0, "y": 2328.5, "width": 2354.0, "height": 1345.0, "confidence": 0.7428544163703918, "class": "forniceal", "class_id": 0, "detection_id": "00f9279f-a59b-4ffc-a133-98e3583e0655"}, {"x": 1171.5, "y": 2419.5, "width": 2343.0, "height": 1249.0, "confidence": 0.6323726177215576, "class": "palpebral", "class_id": 2, "detection_id": "2d28175a-2c38-4bc6-9f1a-2fe6c33c4b37"}]}