{"inference_id": "ed79d4f4-9986-4c02-88ca-64edf822887c", "time": 0.14351333000013256, "image": {"width": 2988, "height": 3984}, "predictions": [{"x": 1319.5, "y": 2700.5, "width": 2525.0, "height": 1275.0, "confidence": 0.8606861233711243, "class": "forniceal_palpebral", "class_id": 1, "detection_id": "26d6a2be-31fe-4199-9572-6f9c3473c96a"}, {"x": 1317.5, "y": 2545.0, "width": 2625.0, "height": 1262.0, "confidence": 0.7837544679641724, "class": "forniceal", "class_id": 0, "detection_id": "15c1f2ca-bd26-48e4-8a78-4119ff80922b"}, {"x": 1324.5, "y": 2783.0, "width": 2535.0, "height": 966.0, "confidence": 0.7057236433029175, "class": "palpebral", "class_id": 2, "detection_id": "07b42850-080e-403a-8ebe-df9174156f16"}]}