{"inference_id": "e72f412d-07f3-46c1-a965-9a4a1d2a795a", "time": 0.09398785099983797, "image": {"width": 2988, "height": 3984}, "predictions": [{"x": 1280.0, "y": 2706.0, "width": 2452.0, "height": 1206.0, "confidence": 0.7694270014762878, "class": "forniceal", "class_id": 0, "detection_id": "1bccda48-7389-40bb-851b-68f365d6d656"}, {"x": 1304.0, "y": 3024.5, "width": 2432.0, "height": 1049.0, "confidence": 0.665791392326355, "class": "palpebral", "class_id": 2, "detection_id": "67093e65-daab-4357-a0f1-8332074e005d"}, {"x": 1291.0, "y": 2866.5, "width": 2484.0, "height": 1259.0, "confidence": 0.6603336930274963, "class": "forniceal_palpebral", "class_id": 1, "detection_id": "ed00b724-5022-4640-a6d5-8b3c0534ec86"}]}