{"inference_id": "19b2c9da-2162-4ef4-b238-8f43eec2949e", "time": 0.13165576900019005, "image": {"width": 2988, "height": 3984}, "predictions": [{"x": 1575.5, "y": 2328.0, "width": 2825.0, "height": 2150.0, "confidence": 0.7628298401832581, "class": "forniceal_palpebral", "class_id": 1, "detection_id": "e92810da-306c-4487-a63f-1e9bcc30d8b2"}, {"x": 1659.0, "y": 2407.5, "width": 2658.0, "height": 1919.0, "confidence": 0.5865870714187622, "class": "palpebral", "class_id": 2, "detection_id": "ee737f48-11a2-4c20-9a43-a799e2b4edb1"}, {"x": 1557.5, "y": 2181.5, "width": 2861.0, "height": 2167.0, "confidence": 0.4940280318260193, "class": "forniceal", "class_id": 0, "detection_id": "9ad047f7-ab87-49fe-bf6b-99a26e9dd7c4"}]}