{"inference_id": "a6a3f719-1202-45d0-ad4e-66e7c40f5054", "time": 0.13998334500001874, "image": {"width": 2988, "height": 3984}, "predictions": [{"x": 1542.0, "y": 2081.5, "width": 2880.0, "height": 1793.0, "confidence": 0.6774083375930786, "class": "forniceal_palpebral", "class_id": 1, "detection_id": "3794bd37-ec6e-42b3-acbe-88f623c79822"}, {"x": 1561.0, "y": 1963.0, "width": 2854.0, "height": 1676.0, "confidence": 0.6076802015304565, "class": "forniceal", "class_id": 0, "detection_id": "2cfd112a-c6a5-477f-8b84-64a232e3c4c9"}]}