{"inference_id": "ba5b3fa8-6b46-478b-b2c4-40deedafcf5a", "time": 0.14332608399990932, "image": {"width": 2988, "height": 3984}, "predictions": [{"x": 1318.5, "y": 2563.5, "width": 2547.0, "height": 1197.0, "confidence": 0.7921746373176575, "class": "forniceal", "class_id": 0, "detection_id": "e6c0ec76-6009-4071-b336-7f1731b89111"}, {"x": 1361.0, "y": 2560.5, "width": 2530.0, "height": 1265.0, "confidence": 0.7729731202125549, "class": "forniceal_palpebral", "class_id": 1, "detection_id": "37fb5998-d80b-4146-877f-0800ea1dbdae"}, {"x": 1332.5, "y": 2607.0, "width": 2497.0, "height": 1174.0, "confidence": 0.6743361949920654, "class": "palpebral", "class_id": 2, "detection_id": "c8734582-4c05-4440-bf6d-91675cfef57b"}]}