{"inference_id": "33d7ef1d-bbb7-40a2-b51d-997992a85b94", "time": 0.11829571699990993, "image": {"width": 2988, "height": 3984}, "predictions": [{"x": 1670.0, "y": 2884.5, "width": 2352.0, "height": 1115.0, "confidence": 0.7567123174667358, "class": "palpebral", "class_id": 2, "detection_id": "dde5602c-8816-4a73-a025-bb21aa9aa13e"}, {"x": 1614.5, "y": 2538.0, "width": 2587.0, "height": 1292.0, "confidence": 0.6755672693252563, "class": "forniceal", "class_id": 0, "detection_id": "24ab7c4f-5195-482f-8bb3-d97155ee3e71"}, {"x": 1674.5, "y": 2707.5, "width": 2429.0, "height": 1493.0, "confidence": 0.6174167394638062, "class": "forniceal_palpebral", "class_id": 1, "detection_id": "a6e5d7e9-491e-4eed-8748-4c3a318439e9"}]}