{"inference_id": "7de87c88-d7a5-459e-a04c-4891d544d0a0", "time": 0.10784211600002891, "image": {"width": 2988, "height": 3984}, "predictions": [{"x": 1647.0, "y": 2273.5, "width": 2682.0, "height": 1703.0, "confidence": 0.7258104085922241, "class": "forniceal_palpebral", "class_id": 1, "detection_id": "10869b68-0654-4c91-bc2c-ba5cb0930c74"}, {"x": 1675.5, "y": 2366.0, "width": 2625.0, "height": 1498.0, "confidence": 0.4756908118724823, "class": "palpebral", "class_id": 2, "detection_id": "8e5dcc14-9d93-4237-b55b-94821bf4da6d"}]}