{"inference_id": "7340c164-f886-427c-a104-c8d79451abc1", "time": 0.14686376500003462, "image": {"width": 2988, "height": 3984}, "predictions": [{"x": 1428.5, "y": 2313.5, "width": 2857.0, "height": 1665.0, "confidence": 0.7315149903297424, "class": "forniceal_palpebral", "class_id": 1, "detection_id": "56747612-3a73-4c84-b425-b71045b6bc46"}, {"x": 1445.0, "y": 2154.0, "width": 2886.0, "height": 1510.0, "confidence": 0.6371803283691406, "class": "forniceal", "class_id": 0, "detection_id": "a8b8927d-8489-4158-bfef-1a08fb2d39bd"}, {"x": 1443.0, "y": 2450.0, "width": 2824.0, "height": 1492.0, "confidence": 0.6129459738731384, "class": "palpebral", "class_id": 2, "detection_id": "e29a115c-3046-4800-bc44-8d3f1e93bbb0"}]}