{"inference_id": "f6e06716-eebd-4f4f-a206-1f2e8a1c20f3", "time": 0.15314021799986222, "image": {"width": 2988, "height": 3984}, "predictions": [{"x": 1374.5, "y": 2897.5, "width": 2711.0, "height": 1433.0, "confidence": 0.8106515407562256, "class": "forniceal_palpebral", "class_id": 1, "detection_id": "be5fee5c-d475-403b-84e2-8193a93f3df8"}, {"x": 1387.0, "y": 2742.0, "width": 2728.0, "height": 1454.0, "confidence": 0.751354455947876, "class": "forniceal", "class_id": 0, "detection_id": "95f76478-595b-4b70-ac98-e1f915d449bb"}, {"x": 1406.0, "y": 2989.0, "width": 2646.0, "height": 1112.0, "confidence": 0.6946180462837219, "class": "palpebral", "class_id": 2, "detection_id": "76263897-136d-49f2-8618-d4c761034495"}]}