{"inference_id": "5e8bb9c0-f2da-432b-9cf6-0977d0be0cf9", "time": 0.15435625999998592, "image": {"width": 2988, "height": 3984}, "predictions": [{"x": 1550.0, "y": 2516.0, "width": 2664.0, "height": 1700.0, "confidence": 0.7271910905838013, "class": "forniceal_palpebral", "class_id": 1, "detection_id": "451b50bc-f305-4baf-9267-2ff7eb8105f9"}, {"x": 1485.5, "y": 2541.0, "width": 2545.0, "height": 1592.0, "confidence": 0.6390433311462402, "class": "forniceal", "class_id": 0, "detection_id": "6409d858-865d-40f2-bc30-82c53bf0cc94"}, {"x": 1474.0, "y": 2611.0, "width": 2512.0, "height": 1460.0, "confidence": 0.5622678995132446, "class": "palpebral", "class_id": 2, "detection_id": "e3f65e64-4210-40d4-928e-db7e250f05ee"}]}