{"inference_id": "67973bce-54bf-4110-a65a-c70c595feda6", "time": 0.1127835720000121, "image": {"width": 2988, "height": 3984}, "predictions": [{"x": 1008.0, "y": 2658.0, "width": 1986.0, "height": 920.0, "confidence": 0.8187304139137268, "class": "forniceal", "class_id": 0, "detection_id": "77853ead-c369-459f-a9cc-f6e1298f9b65"}, {"x": 1173.0, "y": 3070.5, "width": 2316.0, "height": 1009.0, "confidence": 0.679870069026947, "class": "palpebral", "class_id": 2, "detection_id": "f0c0a2fe-c3ed-44a0-872d-266caf3b5719"}, {"x": 1240.0, "y": 2882.0, "width": 2350.0, "height": 1324.0, "confidence": 0.6235032677650452, "class": "forniceal_palpebral", "class_id": 1, "detection_id": "15f058a2-38b5-4629-ad7b-cb9aaea037b1"}]}