{"inference_id": "19dce9c7-b31c-4155-bdd2-e1ac9e3bc8aa", "time": 0.14074698300009914, "image": {"width": 2988, "height": 3984}, "predictions": [{"x": 1565.5, "y": 2332.0, "width": 2845.0, "height": 1232.0, "confidence": 0.7081183791160583, "class": "forniceal_palpebral", "class_id": 1, "detection_id": "cc6e8b6a-3e8f-43a1-bf07-033d3aba57f4"}, {"x": 1560.5, "y": 2413.5, "width": 2855.0, "height": 1135.0, "confidence": 0.5337045788764954, "class": "palpebral", "class_id": 2, "detection_id": "4163cbf8-7940-41d5-b567-c0822b68ed49"}, {"x": 1588.5, "y": 2181.0, "width": 2793.0, "height": 1190.0, "confidence": 0.2544018626213074, "class": "forniceal", "class_id": 0, "detection_id": "60025bb2-b7b5-49b1-bc41-1a133743737b"}]}