{"inference_id": "fecff5e2-9975-4711-8a9e-e2830dfc2c46", "time": 0.12458823199995095, "image": {"width": 2988, "height": 3984}, "predictions": [{"x": 1417.5, "y": 2475.0, "width": 2745.0, "height": 1288.0, "confidence": 0.6358439922332764, "class": "forniceal_palpebral", "class_id": 1, "detection_id": "9f881e8a-3872-4eec-a150-ae913f84f013"}, {"x": 1415.5, "y": 2360.5, "width": 2831.0, "height": 1321.0, "confidence": 0.5783095359802246, "class": "forniceal", "class_id": 0, "detection_id": "5373daa6-e0d8-47e2-8a43-5d817b9d7d82"}, {"x": 1490.5, "y": 2492.5, "width": 2609.0, "height": 1175.0, "confidence": 0.29568663239479065, "class": "palpebral", "class_id": 2, "detection_id": "fd175a6a-2846-4712-9cb4-26eeb55fbf40"}]}