{"inference_id": "dbfd9c3e-10dc-42fa-8b4e-d616d23640e9", "time": 0.1420235440000397, "image": {"width": 2988, "height": 3984}, "predictions": [{"x": 1390.0, "y": 2551.0, "width": 2074.0, "height": 1178.0, "confidence": 0.8470736742019653, "class": "forniceal", "class_id": 0, "detection_id": "2a04125b-3306-4a8c-9397-0f15062b6c58"}, {"x": 1392.5, "y": 2552.5, "width": 2139.0, "height": 1143.0, "confidence": 0.8246244192123413, "class": "forniceal_palpebral", "class_id": 1, "detection_id": "15f4593c-26a8-446e-ae77-7018336d7f06"}, {"x": 1403.0, "y": 2594.5, "width": 2090.0, "height": 1089.0, "confidence": 0.8132787942886353, "class": "palpebral", "class_id": 2, "detection_id": "ff039647-f4eb-4d45-b4a1-7c027694383e"}]}