{"inference_id": "a6dfb0e7-c479-4ca0-b0db-685925b027ad", "time": 0.15408900100010214, "image": {"width": 2988, "height": 3984}, "predictions": [{"x": 1476.0, "y": 2524.0, "width": 2840.0, "height": 1236.0, "confidence": 0.6977646350860596, "class": "forniceal", "class_id": 0, "detection_id": "1e76c0c9-290c-4e7b-b9cc-52ae5d830cbd"}, {"x": 1554.5, "y": 2535.5, "width": 2829.0, "height": 1377.0, "confidence": 0.6785300970077515, "class": "forniceal_palpebral", "class_id": 1, "detection_id": "ceefb113-a999-429d-bcea-482564834295"}, {"x": 1468.0, "y": 2665.5, "width": 2842.0, "height": 1303.0, "confidence": 0.6596676111221313, "class": "palpebral", "class_id": 2, "detection_id": "4fc7c03b-fe1e-4efc-9e36-4c27d4b2e510"}]}