{"inference_id": "51accb4d-1e5f-4cff-ac96-0d97a87105e5", "time": 0.13008372299998427, "image": {"width": 2988, "height": 3984}, "predictions": [{"x": 1580.5, "y": 2476.0, "width": 2683.0, "height": 994.0, "confidence": 0.8096306324005127, "class": "palpebral", "class_id": 2, "detection_id": "a870a686-3cc9-424a-83b0-44cfa2edc176"}, {"x": 1595.5, "y": 2476.0, "width": 2701.0, "height": 914.0, "confidence": 0.8040355443954468, "class": "forniceal_palpebral", "class_id": 1, "detection_id": "69ae60b7-6d81-4b6a-afa3-29bed5198a9f"}, {"x": 1646.5, "y": 2345.5, "width": 2635.0, "height": 853.0, "confidence": 0.49651163816452026, "class": "forniceal", "class_id": 0, "detection_id": "3708e702-584f-4049-b72a-3f9bfaa34f58"}]}