{"inference_id": "54c1a58d-41fc-4844-afc0-635ace477d35", "time": 0.13991729600002145, "image": {"width": 2988, "height": 3984}, "predictions": [{"x": 1372.0, "y": 2523.0, "width": 2516.0, "height": 1374.0, "confidence": 0.7963201999664307, "class": "forniceal_palpebral", "class_id": 1, "detection_id": "06d7fef0-c09f-482d-a449-f657978839c5"}, {"x": 1388.0, "y": 2587.0, "width": 2478.0, "height": 1142.0, "confidence": 0.6368175745010376, "class": "palpebral", "class_id": 2, "detection_id": "511477b5-7c3e-4f0e-83eb-816dbd77dc86"}, {"x": 1404.0, "y": 2409.5, "width": 2574.0, "height": 1309.0, "confidence": 0.5413395166397095, "class": "forniceal", "class_id": 0, "detection_id": "5e2914f1-a078-40b1-bb28-081f089cb748"}]}