{"inference_id": "d9a4980d-b749-4359-a98a-7a4c50b104d5", "time": 0.15993663600056607, "image": {"width": 2988, "height": 3984}, "predictions": [{"x": 1330.0, "y": 2298.0, "width": 2486.0, "height": 1186.0, "confidence": 0.7919813990592957, "class": "forniceal", "class_id": 0, "detection_id": "e60d4044-8192-434c-94f5-c255478f3acc"}, {"x": 1379.0, "y": 2549.5, "width": 2612.0, "height": 1451.0, "confidence": 0.7837561368942261, "class": "forniceal_palpebral", "class_id": 1, "detection_id": "7c27c471-ca13-49ab-bd98-bb9215ca1aa5"}, {"x": 1385.0, "y": 2636.0, "width": 2554.0, "height": 1268.0, "confidence": 0.7534815073013306, "class": "palpebral", "class_id": 2, "detection_id": "102fa3f3-f48b-4c3a-9bbc-6ab565c3a894"}]}