{"inference_id": "8800fb96-5567-4326-86ff-2b8a1e415273", "time": 0.14001584299967362, "image": {"width": 2988, "height": 3984}, "predictions": [{"x": 1524.0, "y": 2722.5, "width": 2928.0, "height": 1713.0, "confidence": 0.7402162551879883, "class": "forniceal_palpebral", "class_id": 1, "detection_id": "46732b0c-d2c4-40c3-8929-2d0f3044fd04"}, {"x": 1548.0, "y": 2869.5, "width": 2880.0, "height": 1561.0, "confidence": 0.7310692071914673, "class": "palpebral", "class_id": 2, "detection_id": "66325760-e08f-48bd-a59f-58f14a8ae6b6"}, {"x": 1469.0, "y": 2541.5, "width": 2872.0, "height": 1521.0, "confidence": 0.6048566102981567, "class": "forniceal", "class_id": 0, "detection_id": "6456c949-640d-4f97-b67d-7efaca2b0657"}]}