{"inference_id": "8788af5e-1a23-4a17-9246-1bd72e0fdb52", "time": 0.14234038800032067, "image": {"width": 2988, "height": 3984}, "predictions": [{"x": 1512.0, "y": 2318.0, "width": 2952.0, "height": 1852.0, "confidence": 0.6739616394042969, "class": "forniceal_palpebral", "class_id": 1, "detection_id": "2d1cc013-3bcf-4e12-9ce4-429a6eefa046"}, {"x": 1569.0, "y": 2442.0, "width": 2830.0, "height": 1764.0, "confidence": 0.4999586343765259, "class": "palpebral", "class_id": 2, "detection_id": "1edd2bbc-c878-47a8-9c5a-30f9e76ea6b3"}, {"x": 1451.0, "y": 2289.5, "width": 2814.0, "height": 1791.0, "confidence": 0.4886538088321686, "class": "forniceal", "class_id": 0, "detection_id": "82cd67f3-a959-40af-ab90-44e6a9ab9d45"}]}