{"inference_id": "0a99075f-f42a-4c12-88ee-d610beb48bb5", "time": 0.10192048900000827, "image": {"width": 2988, "height": 3984}, "predictions": [{"x": 1460.5, "y": 2710.5, "width": 2921.0, "height": 1779.0, "confidence": 0.7204726934432983, "class": "forniceal_palpebral", "class_id": 1, "detection_id": "816c4035-7b35-46af-ac93-4822894f089e"}, {"x": 1442.5, "y": 2852.5, "width": 2885.0, "height": 1577.0, "confidence": 0.6982858180999756, "class": "palpebral", "class_id": 2, "detection_id": "898fa12c-df25-4721-b0b0-55ed721484e7"}]}