{"inference_id": "ac3ea23c-baf3-4cbe-a95f-9862c4a5d852", "time": 0.12271011700067902, "image": {"width": 2988, "height": 3984}, "predictions": [{"x": 1577.0, "y": 2747.5, "width": 2674.0, "height": 1655.0, "confidence": 0.796658992767334, "class": "forniceal", "class_id": 0, "detection_id": "31c78380-ac39-43dc-98f1-cf56f397082b"}, {"x": 1548.5, "y": 2992.0, "width": 2563.0, "height": 1272.0, "confidence": 0.709279477596283, "class": "palpebral", "class_id": 2, "detection_id": "6011c2c0-e04f-4c85-b66c-5fcb35e3aa9c"}, {"x": 1555.5, "y": 2863.0, "width": 2611.0, "height": 1602.0, "confidence": 0.705661416053772, "class": "forniceal_palpebral", "class_id": 1, "detection_id": "c5557bd7-75ae-4ceb-8ead-c46b8947973d"}]}