{"inference_id": "b86fda10-340d-4afc-9407-03a8f5c88965", "time": 0.12697822199970688, "image": {"width": 2988, "height": 3984}, "predictions": [{"x": 1532.5, "y": 2258.0, "width": 1543.0, "height": 770.0, "confidence": 0.7769140601158142, "class": "palpebral", "class_id": 2, "detection_id": "433eb45a-6365-4cc0-ac67-4dd2a204db81"}, {"x": 1482.0, "y": 2239.5, "width": 1604.0, "height": 791.0, "confidence": 0.7290186285972595, "class": "forniceal_palpebral", "class_id": 1, "detection_id": "bb5f8d4c-79a7-437d-87e3-363f7ac1ee13"}, {"x": 1429.0, "y": 2163.0, "width": 1730.0, "height": 674.0, "confidence": 0.6037749648094177, "class": "forniceal", "class_id": 0, "detection_id": "05d3ab83-0328-4b02-a73b-75afb558be69"}]}