{"inference_id": "51d0fe96-1a1d-405c-8052-25bd9f5ebeb4", "time": 0.11658793299989156, "image": {"width": 2988, "height": 3984}, "predictions": [{"x": 1345.0, "y": 2492.5, "width": 2634.0, "height": 1459.0, "confidence": 0.8153239488601685, "class": "forniceal", "class_id": 0, "detection_id": "2c5689c7-399a-4849-b253-d8662f27fc96"}, {"x": 1366.5, "y": 2677.5, "width": 2563.0, "height": 1517.0, "confidence": 0.7560741305351257, "class": "forniceal_palpebral", "class_id": 1, "detection_id": "00a313cc-a165-45ab-8755-27b2a740ecc9"}, {"x": 1350.5, "y": 2673.0, "width": 2621.0, "height": 1558.0, "confidence": 0.753278911113739, "class": "palpebral", "class_id": 2, "detection_id": "e0616238-2f32-46a3-ac39-19476cb2158c"}]}