{"inference_id": "3235a9f7-d81c-4f9f-b921-6092a16e537e", "time": 0.13664537600016047, "image": {"width": 2988, "height": 3984}, "predictions": [{"x": 1295.5, "y": 1749.0, "width": 2525.0, "height": 1602.0, "confidence": 0.8160386681556702, "class": "forniceal", "class_id": 0, "detection_id": "ed67bae7-d52a-4ead-ad88-4c458c1c20fa"}, {"x": 1313.5, "y": 1926.5, "width": 2599.0, "height": 1873.0, "confidence": 0.8011763095855713, "class": "forniceal_palpebral", "class_id": 1, "detection_id": "848d7c09-6168-4860-a9ce-7ce52f8510f9"}, {"x": 1296.5, "y": 2192.5, "width": 2499.0, "height": 1597.0, "confidence": 0.7480709552764893, "class": "palpebral", "class_id": 2, "detection_id": "238d8aa5-589b-48fc-bf6c-3f7e59775939"}]}