{"inference_id": "ba171000-9ac2-4903-9ca9-8919bb987db9", "time": 0.1637541849995614, "image": {"width": 2988, "height": 3984}, "predictions": [{"x": 1433.5, "y": 2523.0, "width": 2867.0, "height": 1900.0, "confidence": 0.7906283736228943, "class": "forniceal_palpebral", "class_id": 1, "detection_id": "71730e8d-3e87-44fa-9abe-ed482a7dd373"}, {"x": 1432.5, "y": 2646.0, "width": 2793.0, "height": 1724.0, "confidence": 0.6971874237060547, "class": "palpebral", "class_id": 2, "detection_id": "32609411-a306-47f4-aba9-eb0481a05bb6"}, {"x": 1457.0, "y": 2381.5, "width": 2914.0, "height": 1847.0, "confidence": 0.6222763061523438, "class": "forniceal", "class_id": 0, "detection_id": "fe2fc985-9885-431d-b906-18c2eb8041c8"}]}