{"inference_id": "4d2f59f7-80b2-4802-bffa-722f2efe011a", "time": 0.15109002299959684, "image": {"width": 2988, "height": 3984}, "predictions": [{"x": 1626.0, "y": 2318.0, "width": 2538.0, "height": 1046.0, "confidence": 0.8383148312568665, "class": "forniceal", "class_id": 0, "detection_id": "0d048044-bf56-4d1e-91cf-9cc04a22a7c6"}, {"x": 1643.5, "y": 2475.5, "width": 2499.0, "height": 1149.0, "confidence": 0.8277785778045654, "class": "palpebral", "class_id": 2, "detection_id": "2f6911e9-56ac-4fc7-a5d8-88c1ff54cb16"}, {"x": 1647.5, "y": 2478.5, "width": 2489.0, "height": 1155.0, "confidence": 0.7227723598480225, "class": "forniceal_palpebral", "class_id": 1, "detection_id": "612234e4-535d-4023-980a-4893937ae8f0"}]}