{"inference_id": "5b0f0ed1-1121-40f4-a5a4-02f8142d1d9e", "time": 0.15361656300001414, "image": {"width": 2988, "height": 3984}, "predictions": [{"x": 1464.5, "y": 2668.0, "width": 2545.0, "height": 1580.0, "confidence": 0.7937473654747009, "class": "forniceal_palpebral", "class_id": 1, "detection_id": "a4450d71-4a9f-4a0a-b545-630a2f10bc4d"}, {"x": 1585.0, "y": 2794.5, "width": 2244.0, "height": 1351.0, "confidence": 0.7635102272033691, "class": "palpebral", "class_id": 2, "detection_id": "c40f6117-903d-479b-b67f-8b4d92657722"}, {"x": 1538.0, "y": 2722.5, "width": 2426.0, "height": 1433.0, "confidence": 0.7366477251052856, "class": "forniceal", "class_id": 0, "detection_id": "ba332e0c-9de5-4e36-94a5-3b79c48d3793"}]}