{"inference_id": "320dd305-9496-4932-84bd-10ab337e97a3", "time": 0.14800306799997998, "image": {"width": 2988, "height": 3984}, "predictions": [{"x": 1278.5, "y": 2459.0, "width": 2433.0, "height": 1294.0, "confidence": 0.815342128276825, "class": "palpebral", "class_id": 2, "detection_id": "ada5b392-e3db-4adf-8a89-ce4ef579ab27"}, {"x": 1271.0, "y": 2338.5, "width": 2488.0, "height": 1429.0, "confidence": 0.7724329233169556, "class": "forniceal_palpebral", "class_id": 1, "detection_id": "59be23ee-1219-464e-b11b-451d82e83811"}, {"x": 1282.5, "y": 2151.0, "width": 2495.0, "height": 1090.0, "confidence": 0.7461623549461365, "class": "forniceal", "class_id": 0, "detection_id": "bd1f44b1-b90d-4ad5-81e9-6529846631bd"}]}