{"inference_id": "6dddf687-6f54-43f3-a4f8-8c1543788562", "time": 0.10590440299984039, "image": {"width": 2988, "height": 3984}, "predictions": [{"x": 1417.0, "y": 2825.0, "width": 2362.0, "height": 1218.0, "confidence": 0.8171378374099731, "class": "palpebral", "class_id": 2, "detection_id": "e6f6f20e-2f2e-42c4-86c6-fd8c641d8627"}, {"x": 1405.5, "y": 2718.5, "width": 2399.0, "height": 1441.0, "confidence": 0.7938323020935059, "class": "forniceal_palpebral", "class_id": 1, "detection_id": "627f7a35-5157-4b35-baee-036c86c843a7"}, {"x": 1430.5, "y": 2591.5, "width": 2413.0, "height": 1241.0, "confidence": 0.7092430591583252, "class": "forniceal", "class_id": 0, "detection_id": "e6e8dd3b-40ad-460e-95e4-5bacc1869308"}]}