{"inference_id": "121b46fa-b46a-4386-930f-daf2badc0ff2", "time": 0.10655963499993959, "image": {"width": 2988, "height": 3984}, "predictions": [{"x": 1469.0, "y": 2703.5, "width": 2694.0, "height": 1519.0, "confidence": 0.7777310609817505, "class": "forniceal_palpebral", "class_id": 1, "detection_id": "f066e137-809c-45ee-871c-d0fe9d9ec37f"}, {"x": 1481.0, "y": 2533.5, "width": 2664.0, "height": 1307.0, "confidence": 0.6323466300964355, "class": "forniceal", "class_id": 0, "detection_id": "7303d60e-9dbf-4e38-9a2e-294ffa800de8"}, {"x": 1448.0, "y": 2747.5, "width": 2606.0, "height": 1421.0, "confidence": 0.366062194108963, "class": "palpebral", "class_id": 2, "detection_id": "1596a9e5-31ae-43b7-8247-a40948743160"}]}