{"inference_id": "eff39ce2-438e-4f91-8fc5-074d3ee77c5a", "time": 0.12546437999935733, "image": {"width": 2988, "height": 3984}, "predictions": [{"x": 1722.5, "y": 2741.5, "width": 2531.0, "height": 1351.0, "confidence": 0.8139908313751221, "class": "forniceal", "class_id": 0, "detection_id": "bd54f25c-c88c-40e8-8004-64a5de936075"}, {"x": 1718.5, "y": 2871.0, "width": 2519.0, "height": 1348.0, "confidence": 0.8129552602767944, "class": "forniceal_palpebral", "class_id": 1, "detection_id": "4fcb4b6c-1fea-49e2-9afa-ad5fb2fef12f"}, {"x": 1720.0, "y": 2967.0, "width": 2536.0, "height": 1058.0, "confidence": 0.7224219441413879, "class": "palpebral", "class_id": 2, "detection_id": "1f9e76e2-8d63-4bd7-b921-6e8f4d25b517"}]}