{"inference_id": "1b847bf9-4abd-48a9-8bea-a8f4c6cedee6", "time": 0.10993916100005663, "image": {"width": 2988, "height": 3984}, "predictions": [{"x": 1563.5, "y": 2341.0, "width": 2751.0, "height": 1250.0, "confidence": 0.6895190477371216, "class": "forniceal_palpebral", "class_id": 1, "detection_id": "b6237cb7-fcce-42e8-8cd6-b869b0f7ed34"}, {"x": 1584.0, "y": 2409.0, "width": 2710.0, "height": 1198.0, "confidence": 0.5643644332885742, "class": "palpebral", "class_id": 2, "detection_id": "6198f826-8571-42d2-a4e0-01c92dd269c9"}, {"x": 1572.5, "y": 2177.5, "width": 2749.0, "height": 1125.0, "confidence": 0.2566963732242584, "class": "forniceal", "class_id": 0, "detection_id": "0e07c9d2-11a4-47af-a3cd-63516ef39714"}]}