{"inference_id": "5074891a-d33a-42e1-ab8a-bae36fc09039", "time": 0.12400792900007218, "image": {"width": 2988, "height": 3984}, "predictions": [{"x": 1591.0, "y": 2488.0, "width": 2712.0, "height": 1740.0, "confidence": 0.6562303900718689, "class": "forniceal_palpebral", "class_id": 1, "detection_id": "d0b37cf9-4d93-4fa2-abb7-bacf46275b98"}, {"x": 1577.0, "y": 2642.0, "width": 2566.0, "height": 1444.0, "confidence": 0.6290631294250488, "class": "palpebral", "class_id": 2, "detection_id": "e66c22e2-5d9c-4791-bc96-9d9507cb0eed"}, {"x": 1602.0, "y": 2351.5, "width": 2772.0, "height": 1727.0, "confidence": 0.6277070045471191, "class": "forniceal", "class_id": 0, "detection_id": "cfe1a9c0-4399-48ce-a8b1-bb68c1eb25dd"}]}