{"inference_id": "3bf66111-ce50-4e36-b849-f0a17572e891", "time": 0.1374614209998981, "image": {"width": 2988, "height": 3984}, "predictions": [{"x": 1409.5, "y": 2644.5, "width": 2559.0, "height": 1529.0, "confidence": 0.8109835386276245, "class": "palpebral", "class_id": 2, "detection_id": "fadbc1d0-6f6d-4ec2-bea2-acbcbb4c9c9b"}, {"x": 1385.5, "y": 2518.5, "width": 2649.0, "height": 1907.0, "confidence": 0.794493556022644, "class": "forniceal_palpebral", "class_id": 1, "detection_id": "592f5493-ddec-446a-a9ff-b7c1ae6c0fdc"}, {"x": 1400.5, "y": 2320.0, "width": 2753.0, "height": 1804.0, "confidence": 0.7933675646781921, "class": "forniceal", "class_id": 0, "detection_id": "0de630ea-8c3f-4455-9d7e-65dd814d1702"}]}