{"inference_id": "a064a4ff-e530-44c9-81c1-0a665b4556be", "time": 0.12989999399997032, "image": {"width": 2988, "height": 3984}, "predictions": [{"x": 1426.5, "y": 2522.0, "width": 2853.0, "height": 1808.0, "confidence": 0.6846520900726318, "class": "forniceal_palpebral", "class_id": 1, "detection_id": "2cec60af-c1f3-49bd-87c4-ed414f060ff4"}, {"x": 1404.5, "y": 2643.0, "width": 2783.0, "height": 1590.0, "confidence": 0.6248986721038818, "class": "palpebral", "class_id": 2, "detection_id": "4df49502-0067-4fcc-9e50-826f433c267a"}, {"x": 1356.5, "y": 2507.0, "width": 2683.0, "height": 1568.0, "confidence": 0.6140861511230469, "class": "forniceal", "class_id": 0, "detection_id": "6ca83bfd-1f1a-4b5a-b3f3-05ff5ce71cf2"}]}