{"inference_id": "10a5d324-3ce5-45f7-af8d-d59badc5f1a3", "time": 0.1592526419999558, "image": {"width": 2988, "height": 3984}, "predictions": [{"x": 1434.0, "y": 2285.0, "width": 2868.0, "height": 2022.0, "confidence": 0.5952752828598022, "class": "forniceal_palpebral", "class_id": 1, "detection_id": "75137b63-d6ba-4934-b845-43b1c255348f"}, {"x": 1331.5, "y": 2126.5, "width": 2663.0, "height": 1631.0, "confidence": 0.4747292399406433, "class": "forniceal", "class_id": 0, "detection_id": "2926497b-1081-48e6-83b6-1f6120e7945a"}, {"x": 1418.5, "y": 2428.0, "width": 2837.0, "height": 1736.0, "confidence": 0.4387727677822113, "class": "palpebral", "class_id": 2, "detection_id": "ddb4805b-3fff-458a-8ad9-29e67394fa04"}]}