{"inference_id": "c2f8a193-417d-417b-9da2-cc0be1766ca6", "time": 0.14836715599994932, "image": {"width": 2988, "height": 3984}, "predictions": [{"x": 1405.0, "y": 2224.0, "width": 2798.0, "height": 1428.0, "confidence": 0.7427002191543579, "class": "palpebral", "class_id": 2, "detection_id": "701b9927-6cd5-4ae5-8139-da4c4b6a374b"}, {"x": 1409.0, "y": 2137.5, "width": 2818.0, "height": 1461.0, "confidence": 0.7403347492218018, "class": "forniceal_palpebral", "class_id": 1, "detection_id": "80a23e72-6894-4354-9621-85c879a295df"}]}