{"inference_id": "d4ba292f-d9b3-47bc-b4b4-4a6cc8fc1e83", "time": 0.19343489900029454, "image": {"width": 2988, "height": 3984}, "predictions": [{"x": 1493.0, "y": 2129.0, "width": 2986.0, "height": 1786.0, "confidence": 0.680779218673706, "class": "forniceal", "class_id": 0, "detection_id": "29ccae78-4122-4044-b0a1-7e241670313e"}, {"x": 1494.0, "y": 2124.5, "width": 2988.0, "height": 1831.0, "confidence": 0.6403669714927673, "class": "forniceal_palpebral", "class_id": 1, "detection_id": "568b34af-5980-47cf-bee1-f313a6d9b011"}, {"x": 1461.5, "y": 2417.0, "width": 2923.0, "height": 1270.0, "confidence": 0.4277769923210144, "class": "palpebral", "class_id": 2, "detection_id": "bfec5754-615e-45ee-ba18-9ad33e62e1ca"}]}