{"inference_id": "729bd88d-7e8e-4f77-842a-0432e6909ecd", "time": 0.14965915599987056, "image": {"width": 2988, "height": 3984}, "predictions": [{"x": 1166.0, "y": 2515.0, "width": 2054.0, "height": 1386.0, "confidence": 0.8484760522842407, "class": "palpebral", "class_id": 2, "detection_id": "796bd93d-8607-410d-9cf4-12027b389a71"}, {"x": 1195.5, "y": 2486.0, "width": 2021.0, "height": 1422.0, "confidence": 0.8271847367286682, "class": "forniceal_palpebral", "class_id": 1, "detection_id": "7b945472-6f8f-4d0b-aed3-f8a8483a9f17"}, {"x": 1150.0, "y": 2360.0, "width": 2000.0, "height": 1026.0, "confidence": 0.8040611743927002, "class": "forniceal", "class_id": 0, "detection_id": "40df261f-b82e-48b0-a978-aa3600fe6da9"}]}