{"inference_id": "3b41f322-0c33-472f-b76a-76366464e42a", "time": 0.12047031799988872, "image": {"width": 2988, "height": 3984}, "predictions": [{"x": 1427.5, "y": 2511.0, "width": 2855.0, "height": 1770.0, "confidence": 0.7560625076293945, "class": "forniceal_palpebral", "class_id": 1, "detection_id": "f83351e8-9cc0-47e7-836b-6abac081b903"}, {"x": 1414.0, "y": 2627.0, "width": 2800.0, "height": 1584.0, "confidence": 0.6495668888092041, "class": "palpebral", "class_id": 2, "detection_id": "76f27ee1-c575-4af7-8f6e-3ef2e09f19b1"}, {"x": 1446.5, "y": 2388.0, "width": 2893.0, "height": 1768.0, "confidence": 0.45080968737602234, "class": "forniceal", "class_id": 0, "detection_id": "5ae3752b-dc24-4bd8-9ba0-fcc530bf1d02"}]}