{"inference_id": "3c2935de-b75d-42eb-8518-d493f3d518eb", "time": 0.12464173800026401, "image": {"width": 2988, "height": 3984}, "predictions": [{"x": 1686.5, "y": 2351.0, "width": 2603.0, "height": 1446.0, "confidence": 0.8014782071113586, "class": "forniceal", "class_id": 0, "detection_id": "5884f089-b974-4cfa-9b1b-03cfbeeeb5dd"}, {"x": 1698.0, "y": 2403.5, "width": 2496.0, "height": 1329.0, "confidence": 0.6350114345550537, "class": "palpebral", "class_id": 2, "detection_id": "9ba167be-01be-4fdb-8dac-429d748f259c"}, {"x": 1689.5, "y": 2403.5, "width": 2479.0, "height": 1391.0, "confidence": 0.633330762386322, "class": "forniceal_palpebral", "class_id": 1, "detection_id": "1574fe5b-9a15-48ba-9a6d-8f71913111a6"}]}