{"inference_id": "bd04ca91-63f9-482a-95b9-2dd7a9f39eb4", "time": 0.14437794600007692, "image": {"width": 2988, "height": 3984}, "predictions": [{"x": 1566.0, "y": 2523.5, "width": 2844.0, "height": 1915.0, "confidence": 0.8015456199645996, "class": "forniceal_palpebral", "class_id": 1, "detection_id": "1ef6f9f8-c186-4666-98e3-37699513922d"}, {"x": 1588.0, "y": 2365.5, "width": 2800.0, "height": 1623.0, "confidence": 0.7319636940956116, "class": "forniceal", "class_id": 0, "detection_id": "9cea763e-dc7c-471f-9b25-f28cc16318c3"}, {"x": 1584.0, "y": 2629.5, "width": 2808.0, "height": 1835.0, "confidence": 0.7310620546340942, "class": "palpebral", "class_id": 2, "detection_id": "6e0e813c-ea26-408b-942b-ecca54830a5e"}]}