{"inference_id": "f2568e07-f0a8-40c6-9381-35497c161834", "time": 0.13612372199986567, "image": {"width": 2988, "height": 3984}, "predictions": [{"x": 1549.0, "y": 2140.5, "width": 2680.0, "height": 1669.0, "confidence": 0.815751314163208, "class": "forniceal_palpebral", "class_id": 1, "detection_id": "0e1f10e6-7673-413b-8ceb-1acd6217394a"}, {"x": 1533.5, "y": 2139.5, "width": 2647.0, "height": 1717.0, "confidence": 0.8010933995246887, "class": "forniceal", "class_id": 0, "detection_id": "58459775-cdb5-4518-939b-4270ebc2ff97"}, {"x": 1559.0, "y": 2236.0, "width": 2598.0, "height": 1560.0, "confidence": 0.7365568280220032, "class": "palpebral", "class_id": 2, "detection_id": "b42f9533-2c85-48c0-a352-75086038b4e3"}]}