{"inference_id": "7df2a95e-2447-4110-9299-9a933eab5688", "time": 0.1464768859996184, "image": {"width": 2988, "height": 3984}, "predictions": [{"x": 1416.5, "y": 2435.5, "width": 2833.0, "height": 1431.0, "confidence": 0.7272015810012817, "class": "forniceal_palpebral", "class_id": 1, "detection_id": "ebe40b88-6933-49a6-a5a7-6a569b221a24"}, {"x": 1346.0, "y": 2360.5, "width": 2652.0, "height": 1219.0, "confidence": 0.41264083981513977, "class": "forniceal", "class_id": 0, "detection_id": "1dcc6c54-4cce-4c65-abe1-ea8b89de278c"}, {"x": 1412.5, "y": 2569.5, "width": 2749.0, "height": 1091.0, "confidence": 0.26136544346809387, "class": "palpebral", "class_id": 2, "detection_id": "a683575a-db96-4332-8f74-2b1cb2d77e1e"}]}