{"inference_id": "955b1e5b-7c9c-4ed3-a89e-7b23000c5fc7", "time": 0.1463781080001354, "image": {"width": 2988, "height": 3984}, "predictions": [{"x": 1412.0, "y": 2902.0, "width": 2824.0, "height": 1408.0, "confidence": 0.7268549203872681, "class": "forniceal_palpebral", "class_id": 1, "detection_id": "4ee18959-4457-462b-9430-46c447fdf510"}, {"x": 1415.0, "y": 3028.0, "width": 2696.0, "height": 1056.0, "confidence": 0.6373415589332581, "class": "palpebral", "class_id": 2, "detection_id": "addd0bdb-1f59-4e61-a081-c4de3d936d1e"}, {"x": 1360.0, "y": 2745.5, "width": 2666.0, "height": 1249.0, "confidence": 0.4902084767818451, "class": "forniceal", "class_id": 0, "detection_id": "72a30d87-4f33-4a5b-8f09-12072ac04f78"}]}