{"inference_id": "98910a43-033f-43a2-b00a-905879788292", "time": 0.14826942299987422, "image": {"width": 2988, "height": 3984}, "predictions": [{"x": 1266.0, "y": 2566.0, "width": 2510.0, "height": 1562.0, "confidence": 0.8722360730171204, "class": "forniceal", "class_id": 0, "detection_id": "0a039f46-7afa-4215-8d47-95ce05c7d908"}, {"x": 1273.5, "y": 2639.0, "width": 2491.0, "height": 1526.0, "confidence": 0.8052292466163635, "class": "palpebral", "class_id": 2, "detection_id": "c88e9e78-aa7f-4129-ad0e-2951a044ee26"}, {"x": 1289.0, "y": 2640.5, "width": 2470.0, "height": 1463.0, "confidence": 0.799040675163269, "class": "forniceal_palpebral", "class_id": 1, "detection_id": "93d4bccc-55ae-40d0-86f5-38847b4d7297"}]}