{"inference_id": "0b1ccc92-d45f-4fca-b77e-cb90bbf0b0eb", "time": 0.14625023700000384, "image": {"width": 2988, "height": 3984}, "predictions": [{"x": 1456.0, "y": 2272.5, "width": 2912.0, "height": 1499.0, "confidence": 0.7823578119277954, "class": "forniceal_palpebral", "class_id": 1, "detection_id": "8f0c5da9-6f15-4b90-a812-05b2aff41d78"}, {"x": 1473.5, "y": 2435.5, "width": 2829.0, "height": 1053.0, "confidence": 0.6812757253646851, "class": "palpebral", "class_id": 2, "detection_id": "fca25499-9d5c-4599-b1a9-409ed159cfd8"}, {"x": 1516.0, "y": 2142.0, "width": 2840.0, "height": 1442.0, "confidence": 0.4667101800441742, "class": "forniceal", "class_id": 0, "detection_id": "bf924c71-e262-42ad-91d1-585194066bb2"}]}