{"inference_id": "c4f2c375-4be9-4e7c-a9a3-783f5405e199", "time": 0.12367699099991114, "image": {"width": 2988, "height": 3984}, "predictions": [{"x": 1508.5, "y": 2319.0, "width": 2959.0, "height": 2002.0, "confidence": 0.7557265162467957, "class": "forniceal_palpebral", "class_id": 1, "detection_id": "b74d948a-c611-4a27-9411-d2599eaf517e"}, {"x": 1533.5, "y": 2450.5, "width": 2909.0, "height": 1801.0, "confidence": 0.68245530128479, "class": "palpebral", "class_id": 2, "detection_id": "fcf291e8-9d95-4aec-a179-ff3cbbbaf0ba"}, {"x": 1516.0, "y": 2158.0, "width": 2944.0, "height": 1856.0, "confidence": 0.596668004989624, "class": "forniceal", "class_id": 0, "detection_id": "64674013-4688-49ee-93ba-bef088138bd1"}]}