{"inference_id": "f9108f84-e7af-491e-9540-3473e24f2761", "time": 0.14285205199985285, "image": {"width": 2988, "height": 3984}, "predictions": [{"x": 1436.0, "y": 2059.0, "width": 2872.0, "height": 1732.0, "confidence": 0.7468162775039673, "class": "forniceal_palpebral", "class_id": 1, "detection_id": "1675458b-63c9-4750-a115-fbd3b4de8dc2"}, {"x": 1431.0, "y": 2172.0, "width": 2826.0, "height": 1440.0, "confidence": 0.3454935550689697, "class": "palpebral", "class_id": 2, "detection_id": "279f8413-4725-4aaf-9b38-c0484c3e61f1"}]}