{"inference_id": "f3b6ab84-305d-44ac-bbd0-49ff10230038", "time": 0.14931604499997775, "image": {"width": 2988, "height": 3984}, "predictions": [{"x": 1711.0, "y": 2249.0, "width": 2554.0, "height": 1500.0, "confidence": 0.7993905544281006, "class": "forniceal_palpebral", "class_id": 1, "detection_id": "f6fadb90-f876-4456-989d-a8dc58f4c78f"}, {"x": 1718.0, "y": 2134.5, "width": 2540.0, "height": 1297.0, "confidence": 0.7868879437446594, "class": "forniceal", "class_id": 0, "detection_id": "be45348b-ce5b-485d-95f7-c51a1e0f2904"}, {"x": 1663.5, "y": 2278.5, "width": 2601.0, "height": 1345.0, "confidence": 0.5649290084838867, "class": "palpebral", "class_id": 2, "detection_id": "3a90f9a5-f5e5-4587-b7c7-78ed02d8d21b"}]}