{"inference_id": "820226a8-a062-4fb1-b580-d2f920bd6c2a", "time": 0.11853125200013892, "image": {"width": 2988, "height": 3984}, "predictions": [{"x": 1432.0, "y": 2327.5, "width": 2864.0, "height": 1937.0, "confidence": 0.7501770853996277, "class": "forniceal_palpebral", "class_id": 1, "detection_id": "03ae411d-2cf4-4748-9cce-251d3c5e1e5a"}, {"x": 1357.5, "y": 2146.0, "width": 2715.0, "height": 1728.0, "confidence": 0.6246516704559326, "class": "forniceal", "class_id": 0, "detection_id": "2b7ec784-45e8-433b-8754-7e1cd6b6fcb2"}, {"x": 1372.0, "y": 2451.5, "width": 2744.0, "height": 1771.0, "confidence": 0.5283572673797607, "class": "palpebral", "class_id": 2, "detection_id": "9cc1e8eb-3566-436e-b7f0-f41a555a37fc"}]}