{"inference_id": "a50ae3ca-5c85-41b4-8427-21426640598e", "time": 0.16054932099996222, "image": {"width": 2988, "height": 3984}, "predictions": [{"x": 1302.0, "y": 2686.0, "width": 2468.0, "height": 1256.0, "confidence": 0.8248574733734131, "class": "palpebral", "class_id": 2, "detection_id": "c3a827a5-69a7-4d27-8efd-e664754915d0"}, {"x": 1309.0, "y": 2528.0, "width": 2550.0, "height": 1512.0, "confidence": 0.7935329079627991, "class": "forniceal_palpebral", "class_id": 1, "detection_id": "302058ea-6e11-4d91-868e-7ece6dd600da"}, {"x": 1314.5, "y": 2344.5, "width": 2565.0, "height": 1347.0, "confidence": 0.6776100993156433, "class": "forniceal", "class_id": 0, "detection_id": "63f8b16d-c4fb-4427-b11d-626d2d99710b"}]}