{"inference_id": "525931b5-c237-41d7-9578-0a02d44600ad", "time": 0.13824363100002302, "image": {"width": 2988, "height": 3984}, "predictions": [{"x": 1594.5, "y": 1865.0, "width": 2787.0, "height": 1746.0, "confidence": 0.7269294261932373, "class": "forniceal_palpebral", "class_id": 1, "detection_id": "6dfebc14-8a0f-4f56-9e3a-9094eba56934"}, {"x": 1600.0, "y": 1751.0, "width": 2776.0, "height": 1722.0, "confidence": 0.6919471025466919, "class": "forniceal", "class_id": 0, "detection_id": "749f9f68-6a16-4c77-ac28-1d1dfb91f73a"}, {"x": 1600.0, "y": 1997.5, "width": 2698.0, "height": 1479.0, "confidence": 0.6229382753372192, "class": "palpebral", "class_id": 2, "detection_id": "d88c8e7d-b6a4-447d-a4ae-662d1c8aa936"}]}