{"inference_id": "02933c9a-3a6b-49b3-850b-58c964008569", "time": 0.1276109120003639, "image": {"width": 2988, "height": 3984}, "predictions": [{"x": 1279.5, "y": 2507.5, "width": 2495.0, "height": 1253.0, "confidence": 0.7574613690376282, "class": "forniceal_palpebral", "class_id": 1, "detection_id": "49c21bba-a40e-43a9-bfc9-302202340343"}, {"x": 1289.5, "y": 2574.5, "width": 2487.0, "height": 1047.0, "confidence": 0.5634965300559998, "class": "palpebral", "class_id": 2, "detection_id": "e9548b1f-7e86-4ecb-99ad-c103b8d7b066"}, {"x": 1288.5, "y": 2361.0, "width": 2553.0, "height": 1238.0, "confidence": 0.559475839138031, "class": "forniceal", "class_id": 0, "detection_id": "c9930296-fcb7-459b-8c43-68cda0c36a54"}]}