{"inference_id": "dc3ff771-13ae-4ff2-add8-dda833adde20", "time": 0.1411033940003108, "image": {"width": 2988, "height": 3984}, "predictions": [{"x": 986.5, "y": 2811.5, "width": 1933.0, "height": 845.0, "confidence": 0.8196765184402466, "class": "palpebral", "class_id": 2, "detection_id": "e69bdbce-ee13-4ebd-bd38-bd2385eb48f3"}, {"x": 1014.0, "y": 2339.5, "width": 2026.0, "height": 909.0, "confidence": 0.7097657322883606, "class": "forniceal", "class_id": 0, "detection_id": "8ca5218f-4341-45b0-a25e-836127d1f901"}, {"x": 1054.0, "y": 2534.0, "width": 2102.0, "height": 1404.0, "confidence": 0.696649968624115, "class": "forniceal_palpebral", "class_id": 1, "detection_id": "77473bd1-59fb-4618-ac18-c577abf74f58"}]}