{"inference_id": "235d9ac4-ffc2-40a2-96f2-d0020703476e", "time": 0.11991005199979554, "image": {"width": 2988, "height": 3984}, "predictions": [{"x": 1315.0, "y": 2721.0, "width": 2566.0, "height": 1336.0, "confidence": 0.7785367965698242, "class": "forniceal", "class_id": 0, "detection_id": "48145f31-c36c-412c-b0df-cf627b04db07"}, {"x": 1324.0, "y": 2901.5, "width": 2566.0, "height": 1573.0, "confidence": 0.7522035837173462, "class": "forniceal_palpebral", "class_id": 1, "detection_id": "992c7182-59e1-44a0-bc96-367ab829ae7e"}, {"x": 1325.5, "y": 3024.5, "width": 2497.0, "height": 1423.0, "confidence": 0.6962730884552002, "class": "palpebral", "class_id": 2, "detection_id": "4a28a07b-d41a-4e75-8e29-a4c925127c7a"}]}