{"inference_id": "52b39185-3fe0-4c78-bfbf-b7b160d0d741", "time": 0.13201357000025382, "image": {"width": 2988, "height": 3984}, "predictions": [{"x": 1701.0, "y": 2526.0, "width": 2520.0, "height": 1402.0, "confidence": 0.7851504683494568, "class": "forniceal_palpebral", "class_id": 1, "detection_id": "15343d19-11fc-4b92-b84f-e4a0aedbcb2e"}, {"x": 1720.0, "y": 2631.5, "width": 2508.0, "height": 1227.0, "confidence": 0.7809305191040039, "class": "palpebral", "class_id": 2, "detection_id": "24014759-5784-4a84-b3ff-6388d97b4c21"}, {"x": 1655.5, "y": 2515.5, "width": 2431.0, "height": 1079.0, "confidence": 0.7133939266204834, "class": "forniceal", "class_id": 0, "detection_id": "aec09bd3-0df1-4076-9800-0a3d8f7ed58e"}]}