{"inference_id": "9c1ef7e6-b26c-44ce-958b-634ce3f93181", "time": 0.1193192519999684, "image": {"width": 2988, "height": 3984}, "predictions": [{"x": 1539.0, "y": 2684.5, "width": 2898.0, "height": 1697.0, "confidence": 0.783370316028595, "class": "forniceal_palpebral", "class_id": 1, "detection_id": "316fc98a-476f-43c2-8aec-790c97d48dcc"}, {"x": 1571.5, "y": 2841.5, "width": 2833.0, "height": 1349.0, "confidence": 0.7822768688201904, "class": "palpebral", "class_id": 2, "detection_id": "f4314d21-e6fa-4747-9a7c-5bd3cb32c9aa"}, {"x": 1561.5, "y": 2500.0, "width": 2819.0, "height": 1828.0, "confidence": 0.6596794128417969, "class": "forniceal", "class_id": 0, "detection_id": "4fae1715-3c35-490e-adbf-a80fa58470a1"}]}