{"inference_id": "ad68b3f3-95c7-498f-a824-7ef61115c472", "time": 0.14400981400012824, "image": {"width": 2988, "height": 3984}, "predictions": [{"x": 1802.0, "y": 2750.5, "width": 2372.0, "height": 1225.0, "confidence": 0.7998318672180176, "class": "forniceal", "class_id": 0, "detection_id": "56ca658b-e0b6-4ab5-9187-3b246d097dab"}, {"x": 1781.0, "y": 2875.0, "width": 2376.0, "height": 1222.0, "confidence": 0.7702108025550842, "class": "palpebral", "class_id": 2, "detection_id": "b455a0cf-2465-4ac9-83f5-62aedabe04eb"}, {"x": 1778.0, "y": 2878.5, "width": 2384.0, "height": 1163.0, "confidence": 0.7647737264633179, "class": "forniceal_palpebral", "class_id": 1, "detection_id": "1831715a-ae2b-4560-aad6-89765464d329"}]}