{"inference_id": "09fa69b5-5deb-4184-9509-495b3d2df75d", "time": 0.09523312500004977, "image": {"width": 2988, "height": 3984}, "predictions": [{"x": 1401.5, "y": 2314.5, "width": 2209.0, "height": 1141.0, "confidence": 0.7263201475143433, "class": "palpebral", "class_id": 2, "detection_id": "567dca2b-150f-430a-9102-5e6a0744fba9"}, {"x": 1398.0, "y": 2318.0, "width": 2260.0, "height": 1108.0, "confidence": 0.7099809646606445, "class": "forniceal_palpebral", "class_id": 1, "detection_id": "fc8f2e51-6890-47ba-9b90-b7807d072b6a"}, {"x": 1393.0, "y": 2201.0, "width": 2176.0, "height": 964.0, "confidence": 0.52323979139328, "class": "forniceal", "class_id": 0, "detection_id": "84a39881-1aa3-42f3-bdc2-fe1c4342fc71"}]}