{"inference_id": "357c134f-4481-4ea5-bd06-6004e80099eb", "time": 0.10117820499999652, "image": {"width": 2988, "height": 3984}, "predictions": [{"x": 1419.5, "y": 2632.0, "width": 2179.0, "height": 1068.0, "confidence": 0.7307209968566895, "class": "palpebral", "class_id": 2, "detection_id": "bc756b13-2eda-44f8-b9f3-0d3b0cc8048f"}, {"x": 1383.5, "y": 2546.0, "width": 2289.0, "height": 1170.0, "confidence": 0.6951442956924438, "class": "forniceal_palpebral", "class_id": 1, "detection_id": "3859c09a-4439-4bfe-b8b1-7b1ef1c009b3"}, {"x": 1316.0, "y": 2387.0, "width": 2232.0, "height": 880.0, "confidence": 0.529411792755127, "class": "forniceal", "class_id": 0, "detection_id": "b57fd987-99dc-4ab0-aaaa-52b2f9a59711"}]}