{"inference_id": "4d2febd4-749f-458e-9496-3f7d3f2cd4f9", "time": 0.12684462600009283, "image": {"width": 2988, "height": 3984}, "predictions": [{"x": 1437.5, "y": 3101.5, "width": 2783.0, "height": 1269.0, "confidence": 0.8510705232620239, "class": "palpebral", "class_id": 2, "detection_id": "2302db62-982b-4b48-8c72-c3c3721b2c03"}, {"x": 1432.5, "y": 2935.0, "width": 2853.0, "height": 1458.0, "confidence": 0.7934790849685669, "class": "forniceal_palpebral", "class_id": 1, "detection_id": "246597f2-ac04-46d6-8f4f-07416a6c30ec"}, {"x": 1449.0, "y": 2752.5, "width": 2862.0, "height": 1313.0, "confidence": 0.6456613540649414, "class": "forniceal", "class_id": 0, "detection_id": "5eca58d6-da0b-47f7-9e26-922a6c898b28"}]}