{"inference_id": "1843c6d6-69e6-4dd4-9ecb-01dacf451c05", "time": 0.14893644099993253, "image": {"width": 2988, "height": 3984}, "predictions": [{"x": 1457.5, "y": 2457.5, "width": 2915.0, "height": 1395.0, "confidence": 0.7466914653778076, "class": "forniceal_palpebral", "class_id": 1, "detection_id": "c8d959b4-2138-40cd-a023-009a97cd0128"}, {"x": 1504.0, "y": 2469.5, "width": 2724.0, "height": 1315.0, "confidence": 0.39420995116233826, "class": "palpebral", "class_id": 2, "detection_id": "d27c83f9-9ce6-42df-bf60-a44535f32c50"}, {"x": 1484.5, "y": 2311.0, "width": 2699.0, "height": 1422.0, "confidence": 0.3355211317539215, "class": "forniceal", "class_id": 0, "detection_id": "f35f8e34-c764-481e-acd1-08328b4d060f"}]}