{"inference_id": "c846ff44-0c73-4259-92c5-01e69cee69a1", "time": 0.12586378100013462, "image": {"width": 2988, "height": 3984}, "predictions": [{"x": 1277.5, "y": 2546.5, "width": 2517.0, "height": 1367.0, "confidence": 0.7411676645278931, "class": "forniceal", "class_id": 0, "detection_id": "f7ff3459-840c-40b1-8312-2c7b28680fc1"}, {"x": 1287.0, "y": 2644.5, "width": 2456.0, "height": 1347.0, "confidence": 0.725920557975769, "class": "palpebral", "class_id": 2, "detection_id": "c5a0bb98-fc15-428b-8bc6-b98347c6ceea"}, {"x": 1371.5, "y": 2536.0, "width": 2743.0, "height": 1480.0, "confidence": 0.471405029296875, "class": "forniceal_palpebral", "class_id": 1, "detection_id": "28becb70-36b3-4ce8-9c7f-5de12ac51d14"}]}