{"inference_id": "94a0ceb9-072c-4dd0-9fb5-959151b3aeeb", "time": 0.1326581079999869, "image": {"width": 2988, "height": 3984}, "predictions": [{"x": 1705.0, "y": 1905.0, "width": 2566.0, "height": 1074.0, "confidence": 0.8213176131248474, "class": "forniceal_palpebral", "class_id": 1, "detection_id": "1b22ed8e-bd92-4eee-af4c-02f65dbb892a"}, {"x": 1709.5, "y": 1767.0, "width": 2557.0, "height": 1014.0, "confidence": 0.6912383437156677, "class": "forniceal", "class_id": 0, "detection_id": "0d44a9fe-9023-4b52-ae80-c482d8966643"}, {"x": 1715.0, "y": 1945.0, "width": 2546.0, "height": 918.0, "confidence": 0.46514520049095154, "class": "palpebral", "class_id": 2, "detection_id": "6bf1a047-df60-472e-a41f-72e4bbf4074d"}]}