{"inference_id": "6b3399bc-dba9-438a-a155-29066725ad70", "time": 0.14315785799999503, "image": {"width": 2988, "height": 3984}, "predictions": [{"x": 1485.5, "y": 2499.5, "width": 2971.0, "height": 1795.0, "confidence": 0.6129527688026428, "class": "forniceal_palpebral", "class_id": 1, "detection_id": "005866fe-9f7a-4961-9e41-4489ffe59408"}, {"x": 1449.5, "y": 2475.5, "width": 2781.0, "height": 1841.0, "confidence": 0.4651922881603241, "class": "forniceal", "class_id": 0, "detection_id": "51a77469-dab5-4532-bf4f-8454fc03b95c"}, {"x": 1623.0, "y": 2689.0, "width": 2730.0, "height": 1718.0, "confidence": 0.30969324707984924, "class": "palpebral", "class_id": 2, "detection_id": "a28acd06-f591-423d-b177-11936e0e9f10"}]}