{"inference_id": "d503bc94-1020-4536-a49d-97ae7be05a05", "time": 0.11143164699979025, "image": {"width": 2988, "height": 3984}, "predictions": [{"x": 1500.5, "y": 2508.0, "width": 2975.0, "height": 1708.0, "confidence": 0.695658802986145, "class": "forniceal_palpebral", "class_id": 1, "detection_id": "2131f110-0295-4df8-b997-6b8ff49adac6"}, {"x": 1490.5, "y": 2664.5, "width": 2981.0, "height": 1737.0, "confidence": 0.596157431602478, "class": "palpebral", "class_id": 2, "detection_id": "9116d13d-b1f2-41e3-910f-223565473938"}, {"x": 1521.0, "y": 2357.5, "width": 2934.0, "height": 1501.0, "confidence": 0.3872774839401245, "class": "forniceal", "class_id": 0, "detection_id": "b891b4fe-da23-4b69-bded-da9fc976b58b"}]}