{"inference_id": "a9d62114-5c5c-4c73-8e15-9eedbddc1ed3", "time": 0.10155709699984072, "image": {"width": 2988, "height": 3984}, "predictions": [{"x": 1336.5, "y": 2331.5, "width": 2595.0, "height": 1317.0, "confidence": 0.7480926513671875, "class": "forniceal", "class_id": 0, "detection_id": "ce90017b-0659-48ea-9c7f-b86f0d265a02"}, {"x": 1399.5, "y": 2476.5, "width": 2757.0, "height": 1565.0, "confidence": 0.6945048570632935, "class": "forniceal_palpebral", "class_id": 1, "detection_id": "8983c5fd-2c61-463e-a7f0-5b49c98d5f92"}, {"x": 1437.5, "y": 2596.0, "width": 2729.0, "height": 1196.0, "confidence": 0.36395445466041565, "class": "palpebral", "class_id": 2, "detection_id": "5c82c7dd-e0cb-4cf7-9b47-cead2703f329"}]}