{"inference_id": "2db38aca-8442-41e4-9341-e3d7343ef59c", "time": 0.11834463500002812, "image": {"width": 2988, "height": 3984}, "predictions": [{"x": 1607.0, "y": 2334.5, "width": 2536.0, "height": 1333.0, "confidence": 0.797715425491333, "class": "forniceal_palpebral", "class_id": 1, "detection_id": "17bdda48-ef4c-484c-aedd-e6c64005b68d"}, {"x": 1624.5, "y": 2177.0, "width": 2487.0, "height": 1070.0, "confidence": 0.7485047578811646, "class": "forniceal", "class_id": 0, "detection_id": "a7854cb3-c3c1-42ab-ae31-4f20c8c3f3e8"}, {"x": 1608.0, "y": 2377.5, "width": 2498.0, "height": 1245.0, "confidence": 0.6614811420440674, "class": "palpebral", "class_id": 2, "detection_id": "cd4d234e-464b-4b13-a52e-b8d63dc415f6"}]}