{"inference_id": "191b5989-f639-4608-9733-67d13943c5c5", "time": 0.14420053499998176, "image": {"width": 2988, "height": 3984}, "predictions": [{"x": 1675.0, "y": 2139.0, "width": 2626.0, "height": 2070.0, "confidence": 0.7284858226776123, "class": "forniceal_palpebral", "class_id": 1, "detection_id": "8cc123ec-b58a-43ef-92ff-8fe46a2001ff"}, {"x": 1659.0, "y": 2641.0, "width": 2658.0, "height": 1256.0, "confidence": 0.5950219631195068, "class": "palpebral", "class_id": 2, "detection_id": "ba97edbd-94af-4ceb-ae1e-8da32977db1e"}, {"x": 1677.0, "y": 1975.0, "width": 2622.0, "height": 2060.0, "confidence": 0.361285001039505, "class": "forniceal", "class_id": 0, "detection_id": "4cb5e983-a980-4d6e-815e-c1b5453fe4a8"}]}