{"inference_id": "7879a895-8ba0-4601-9e2c-844eaf35bd98", "time": 0.11620615800029555, "image": {"width": 2988, "height": 3984}, "predictions": [{"x": 1546.5, "y": 2704.0, "width": 2883.0, "height": 1820.0, "confidence": 0.8183143138885498, "class": "forniceal_palpebral", "class_id": 1, "detection_id": "988d64b7-d6cd-4c0c-83d4-7d12d3f2d748"}, {"x": 1557.5, "y": 2556.0, "width": 2861.0, "height": 1776.0, "confidence": 0.6981359720230103, "class": "forniceal", "class_id": 0, "detection_id": "6dde1042-8538-41ab-8c50-ed5b0e925c3b"}, {"x": 1554.5, "y": 2816.0, "width": 2867.0, "height": 1616.0, "confidence": 0.6716642379760742, "class": "palpebral", "class_id": 2, "detection_id": "5bd9c03d-ee59-4d63-8731-9609877d090a"}]}