{"inference_id": "ceed534d-b2a1-46b7-a4bf-2fc1869070ef", "time": 0.12103674599995884, "image": {"width": 2988, "height": 3984}, "predictions": [{"x": 1292.0, "y": 2691.5, "width": 2584.0, "height": 1275.0, "confidence": 0.5882309675216675, "class": "forniceal_palpebral", "class_id": 1, "detection_id": "01f8a1ec-c3c4-4d96-b124-8f9d6223853b"}, {"x": 1183.5, "y": 2692.0, "width": 2335.0, "height": 1246.0, "confidence": 0.3737480044364929, "class": "palpebral", "class_id": 2, "detection_id": "460b2933-dd23-45b8-908b-bb2e6b457932"}]}