{"inference_id": "34a9c385-2cd7-4c8e-99a1-0d05a6d0e335", "time": 0.12217961099997865, "image": {"width": 2988, "height": 3984}, "predictions": [{"x": 1594.5, "y": 2663.5, "width": 2539.0, "height": 1371.0, "confidence": 0.7177225351333618, "class": "palpebral", "class_id": 2, "detection_id": "95c7c8cb-6abb-4f42-943c-bf16ca748b9e"}, {"x": 1563.0, "y": 2523.0, "width": 2628.0, "height": 1510.0, "confidence": 0.6430301666259766, "class": "forniceal_palpebral", "class_id": 1, "detection_id": "5f1daa54-3b18-4815-9345-4956de3eddde"}, {"x": 1473.5, "y": 2479.5, "width": 2743.0, "height": 1337.0, "confidence": 0.47457513213157654, "class": "forniceal", "class_id": 0, "detection_id": "2283511f-d265-42f2-8b86-64e68d491a80"}]}