{"inference_id": "844e9de9-5449-47cd-86f2-0179978b2687", "time": 0.1494798029998492, "image": {"width": 2988, "height": 3984}, "predictions": [{"x": 1589.0, "y": 2310.5, "width": 2798.0, "height": 1655.0, "confidence": 0.7995957136154175, "class": "forniceal_palpebral", "class_id": 1, "detection_id": "429e8f8e-366c-43c4-892c-7d83a2bd5dc1"}, {"x": 1614.0, "y": 2153.0, "width": 2748.0, "height": 1530.0, "confidence": 0.7129001617431641, "class": "forniceal", "class_id": 0, "detection_id": "497327f8-2771-4990-ab7a-68e0ff7adef8"}, {"x": 1598.0, "y": 2369.5, "width": 2780.0, "height": 1489.0, "confidence": 0.5410940647125244, "class": "palpebral", "class_id": 2, "detection_id": "e56ad70c-9ba9-46f8-92c9-076cb316e87b"}]}