{"inference_id": "51281edd-9196-4396-a5ee-ff7c8e26e20f", "time": 0.14249873600010687, "image": {"width": 2988, "height": 3984}, "predictions": [{"x": 1449.0, "y": 2486.5, "width": 2538.0, "height": 1939.0, "confidence": 0.7569236755371094, "class": "forniceal_palpebral", "class_id": 1, "detection_id": "4c318120-f165-4e05-839c-34b634794973"}, {"x": 1456.5, "y": 2164.0, "width": 2583.0, "height": 1656.0, "confidence": 0.6749364137649536, "class": "forniceal", "class_id": 0, "detection_id": "8b4bcc45-ac3e-43bb-b2ba-0657acc96ef6"}, {"x": 1414.5, "y": 2613.5, "width": 2471.0, "height": 1561.0, "confidence": 0.549208402633667, "class": "palpebral", "class_id": 2, "detection_id": "27fde58a-b966-4ff7-a85a-4a64603671a3"}]}