{"inference_id": "f25a64e6-1757-4b35-b35f-d3f3ba8d6a0d", "time": 0.13011843399999634, "image": {"width": 2988, "height": 3984}, "predictions": [{"x": 1738.0, "y": 2548.0, "width": 2376.0, "height": 1158.0, "confidence": 0.8249915242195129, "class": "forniceal_palpebral", "class_id": 1, "detection_id": "bdf132ff-d334-4199-973e-f43f7136d48f"}, {"x": 1726.0, "y": 2379.0, "width": 2338.0, "height": 846.0, "confidence": 0.6840833425521851, "class": "forniceal", "class_id": 0, "detection_id": "1bb7d8fe-1492-46fc-96d0-c62a995cda01"}, {"x": 1741.0, "y": 2554.0, "width": 2388.0, "height": 1054.0, "confidence": 0.6270706653594971, "class": "palpebral", "class_id": 2, "detection_id": "15fb7f2f-3536-4eab-91c1-1f363c3db3b6"}]}