{"inference_id": "087b0cfa-5e6f-44be-9f55-44e947905717", "time": 0.14092245699998784, "image": {"width": 2988, "height": 3984}, "predictions": [{"x": 1549.5, "y": 2357.0, "width": 2421.0, "height": 1078.0, "confidence": 0.8153676986694336, "class": "forniceal", "class_id": 0, "detection_id": "325a92d5-16af-4edb-8a32-5432e35d6c24"}, {"x": 1484.5, "y": 2546.0, "width": 2401.0, "height": 1364.0, "confidence": 0.7737722396850586, "class": "forniceal_palpebral", "class_id": 1, "detection_id": "de7dbd4b-41ab-4463-8ca8-520a7a56c692"}, {"x": 1469.5, "y": 2584.0, "width": 2347.0, "height": 1374.0, "confidence": 0.703855037689209, "class": "palpebral", "class_id": 2, "detection_id": "4b2547f0-e42c-4496-82b3-57443679560b"}]}