{"inference_id": "d6ecfc26-da10-4b81-abf3-e4cf60d22556", "time": 0.1042903809998279, "image": {"width": 2988, "height": 3984}, "predictions": [{"x": 1703.0, "y": 2103.0, "width": 2370.0, "height": 1416.0, "confidence": 0.8179455995559692, "class": "forniceal_palpebral", "class_id": 1, "detection_id": "79f2360d-c0ea-4675-a50a-971caa2a0b4c"}, {"x": 1719.0, "y": 1985.0, "width": 2360.0, "height": 1166.0, "confidence": 0.791029155254364, "class": "forniceal", "class_id": 0, "detection_id": "39a04b7b-2d9a-4b7c-bd9d-cb0157034928"}, {"x": 1681.0, "y": 2086.5, "width": 2332.0, "height": 1353.0, "confidence": 0.6060128808021545, "class": "palpebral", "class_id": 2, "detection_id": "398e4c7f-03d7-45e4-9329-8d0f01256e59"}]}