{"inference_id": "02a9b894-1e90-4373-942a-688a7861f0e6", "time": 0.11616530799983593, "image": {"width": 2988, "height": 3984}, "predictions": [{"x": 1347.0, "y": 2319.0, "width": 2598.0, "height": 1332.0, "confidence": 0.7877879738807678, "class": "forniceal_palpebral", "class_id": 1, "detection_id": "d9b137a1-a53e-4f51-b7a9-0f4504c3816a"}, {"x": 1350.5, "y": 2113.0, "width": 2601.0, "height": 1066.0, "confidence": 0.7741603851318359, "class": "forniceal", "class_id": 0, "detection_id": "db1c3515-c08c-4749-b2fa-05b033358d82"}, {"x": 1341.0, "y": 2439.0, "width": 2548.0, "height": 1138.0, "confidence": 0.7452102899551392, "class": "palpebral", "class_id": 2, "detection_id": "1d76e6ac-f1b9-4112-8549-43a344cdbbe8"}]}