{"inference_id": "62297d93-82ff-4aeb-bf44-a9d57c4429dc", "time": 0.11204829799999061, "image": {"width": 2988, "height": 3984}, "predictions": [{"x": 1735.0, "y": 2123.0, "width": 2506.0, "height": 1918.0, "confidence": 0.7821747660636902, "class": "forniceal_palpebral", "class_id": 1, "detection_id": "9d71d5c7-50f9-46ad-85e3-6b1b39ab8932"}, {"x": 1736.0, "y": 1977.0, "width": 2504.0, "height": 1894.0, "confidence": 0.6320915222167969, "class": "forniceal", "class_id": 0, "detection_id": "4d672255-6a46-4917-8ad4-125c7db25f66"}, {"x": 1759.0, "y": 2427.5, "width": 2316.0, "height": 1333.0, "confidence": 0.6058640480041504, "class": "palpebral", "class_id": 2, "detection_id": "bfb223d3-0513-40d8-9338-76ef964539fe"}]}