{"inference_id": "ec202a52-f7b8-4410-8b5c-1663340a8a04", "time": 0.12193078600012086, "image": {"width": 2988, "height": 3984}, "predictions": [{"x": 1278.0, "y": 2312.5, "width": 2536.0, "height": 1727.0, "confidence": 0.8103412389755249, "class": "forniceal_palpebral", "class_id": 1, "detection_id": "08e15043-037f-4ea8-bcdf-0892b5eead1e"}, {"x": 1274.5, "y": 2158.0, "width": 2481.0, "height": 1660.0, "confidence": 0.7873121500015259, "class": "forniceal", "class_id": 0, "detection_id": "03b39727-5cd5-402b-a688-d98c0d92b843"}, {"x": 1240.5, "y": 2594.0, "width": 2395.0, "height": 1206.0, "confidence": 0.7652565240859985, "class": "palpebral", "class_id": 2, "detection_id": "7c6b1038-a878-4d86-9a9e-430fdbf06262"}]}