{"inference_id": "d2939333-ae78-4712-b38b-e95d25aeaf75", "time": 0.1216886820000127, "image": {"width": 2988, "height": 3984}, "predictions": [{"x": 1391.5, "y": 2699.5, "width": 2695.0, "height": 1529.0, "confidence": 0.8312581181526184, "class": "forniceal_palpebral", "class_id": 1, "detection_id": "4489c61a-6cb0-4f94-ab65-0e4c7d698666"}, {"x": 1407.5, "y": 2536.0, "width": 2767.0, "height": 1524.0, "confidence": 0.8053998947143555, "class": "forniceal", "class_id": 0, "detection_id": "367c1112-d4ee-41a1-ab5a-18f678a1d89e"}, {"x": 1409.5, "y": 2787.5, "width": 2697.0, "height": 1207.0, "confidence": 0.6480587720870972, "class": "palpebral", "class_id": 2, "detection_id": "373c641b-02a3-4e4e-a97c-7b5897fdf123"}]}