{"inference_id": "29c64679-9dff-499b-b305-107b44b32839", "time": 0.15041578899945307, "image": {"width": 2988, "height": 3984}, "predictions": [{"x": 1416.0, "y": 2488.0, "width": 2832.0, "height": 1488.0, "confidence": 0.7687801122665405, "class": "forniceal_palpebral", "class_id": 1, "detection_id": "f62e1d60-cc62-42f6-8f60-0eeafba1ff9b"}, {"x": 1404.0, "y": 2619.5, "width": 2794.0, "height": 1233.0, "confidence": 0.6186841726303101, "class": "palpebral", "class_id": 2, "detection_id": "22b33199-23eb-401a-b07a-10f953d38ebf"}, {"x": 1357.0, "y": 2382.0, "width": 2714.0, "height": 1366.0, "confidence": 0.2763817012310028, "class": "forniceal", "class_id": 0, "detection_id": "f412de3b-4f44-4e65-8aa1-0ec41c69497d"}]}