{"inference_id": "b5231312-b72a-47f4-8c9a-2ba614ac3dd4", "time": 0.2634647889999542, "image": {"width": 2988, "height": 3984}, "predictions": [{"x": 1517.5, "y": 1949.0, "width": 2941.0, "height": 1960.0, "confidence": 0.6869617700576782, "class": "forniceal_palpebral", "class_id": 1, "detection_id": "f07a6d6e-94c7-49f3-acd7-c40bdc548173"}, {"x": 1485.0, "y": 1956.5, "width": 2970.0, "height": 1819.0, "confidence": 0.46966132521629333, "class": "forniceal", "class_id": 0, "detection_id": "8cb0b027-5a54-419b-9526-3cf0f9d2619d"}, {"x": 1463.0, "y": 2218.5, "width": 2926.0, "height": 1511.0, "confidence": 0.41486111283302307, "class": "palpebral", "class_id": 2, "detection_id": "a2e4f87f-6293-478f-b93a-b1592858a8cb"}]}