{"inference_id": "7a34f62f-7baf-4bef-ac83-05ef4da78048", "time": 0.10935559200015632, "image": {"width": 2988, "height": 3984}, "predictions": [{"x": 1360.5, "y": 2520.5, "width": 2665.0, "height": 1457.0, "confidence": 0.7243813872337341, "class": "forniceal_palpebral", "class_id": 1, "detection_id": "adf63f9b-a7f7-4481-a9f7-22598ffd24a3"}, {"x": 1369.0, "y": 2650.0, "width": 2598.0, "height": 1234.0, "confidence": 0.7144911289215088, "class": "palpebral", "class_id": 2, "detection_id": "f0ca71da-2e5b-4154-9020-e5860ca782ee"}, {"x": 1311.0, "y": 2533.5, "width": 2526.0, "height": 1317.0, "confidence": 0.6639080047607422, "class": "forniceal", "class_id": 0, "detection_id": "8b63dee7-b3f4-4830-81a4-2778cf36315f"}]}