{"inference_id": "f5f4b228-fc0a-4dc7-99dc-d414e6e96173", "time": 0.09837535599990588, "image": {"width": 2988, "height": 3984}, "predictions": [{"x": 1330.5, "y": 2500.0, "width": 2617.0, "height": 1386.0, "confidence": 0.7424837350845337, "class": "palpebral", "class_id": 2, "detection_id": "78647d18-a6bc-4bbd-b977-2b358393370e"}, {"x": 1404.5, "y": 2343.0, "width": 2729.0, "height": 1416.0, "confidence": 0.7016077041625977, "class": "forniceal", "class_id": 0, "detection_id": "985bd0e3-38f1-41eb-baad-52f845b00356"}, {"x": 1384.5, "y": 2471.0, "width": 2631.0, "height": 1436.0, "confidence": 0.5958952903747559, "class": "forniceal_palpebral", "class_id": 1, "detection_id": "3216115d-3e1f-412f-967f-e9a7d3d66b12"}]}