{"inference_id": "0c3f5cfb-ed47-4d82-9458-01bc130c4bbf", "time": 0.12581997799998135, "image": {"width": 2988, "height": 3984}, "predictions": [{"x": 1448.0, "y": 2534.0, "width": 2896.0, "height": 2024.0, "confidence": 0.742922306060791, "class": "forniceal_palpebral", "class_id": 1, "detection_id": "41086b39-c8fa-493c-868a-a1bda6ddebeb"}, {"x": 1186.0, "y": 2866.5, "width": 2326.0, "height": 1159.0, "confidence": 0.5275629162788391, "class": "palpebral", "class_id": 2, "detection_id": "83346394-93ee-4f05-b964-79322a2c994e"}, {"x": 1467.5, "y": 2380.0, "width": 2935.0, "height": 1798.0, "confidence": 0.47980132699012756, "class": "forniceal", "class_id": 0, "detection_id": "83700107-31a5-48b9-87ef-820a312fa9eb"}]}