{"inference_id": "74f9921e-5506-4d50-97e1-b0658b2522f0", "time": 0.19115478099956817, "image": {"width": 2988, "height": 3984}, "predictions": [{"x": 1550.0, "y": 2340.5, "width": 2876.0, "height": 1903.0, "confidence": 0.6763906478881836, "class": "forniceal", "class_id": 0, "detection_id": "af2ccc71-a949-4109-9605-fd7b776eaa35"}, {"x": 1564.5, "y": 2470.5, "width": 2847.0, "height": 1813.0, "confidence": 0.6228022575378418, "class": "forniceal_palpebral", "class_id": 1, "detection_id": "aa062df8-bae9-4141-9a1a-253e68422362"}, {"x": 1592.0, "y": 2634.5, "width": 2792.0, "height": 1471.0, "confidence": 0.5719693899154663, "class": "palpebral", "class_id": 2, "detection_id": "023f94aa-38a4-46e3-b709-50ed2f465e23"}]}