{"inference_id": "c4c18bdb-244b-49e8-9c4c-c9a1667c436d", "time": 0.14395357000012154, "image": {"width": 2988, "height": 3984}, "predictions": [{"x": 1539.0, "y": 2696.0, "width": 2898.0, "height": 1552.0, "confidence": 0.7841053009033203, "class": "forniceal_palpebral", "class_id": 1, "detection_id": "fac7e8ed-d21f-45c2-81ff-c8898cca0bb3"}, {"x": 1555.0, "y": 2558.5, "width": 2866.0, "height": 1453.0, "confidence": 0.5998368859291077, "class": "forniceal", "class_id": 0, "detection_id": "9113e538-da5d-4271-b77d-b8858c767afc"}, {"x": 1554.5, "y": 2786.5, "width": 2867.0, "height": 1341.0, "confidence": 0.5612779855728149, "class": "palpebral", "class_id": 2, "detection_id": "d56a104f-8064-4e9c-b65d-13389c27e6e2"}]}