{"inference_id": "1298ffb7-c1e3-4340-87f8-3afe2e810f3e", "time": 0.12046429200006514, "image": {"width": 2988, "height": 3984}, "predictions": [{"x": 1251.5, "y": 2692.5, "width": 2321.0, "height": 1475.0, "confidence": 0.8154889345169067, "class": "forniceal_palpebral", "class_id": 1, "detection_id": "9f250fc0-0315-4c2a-8652-9757241cc671"}, {"x": 1289.0, "y": 2790.5, "width": 2282.0, "height": 1171.0, "confidence": 0.8035375475883484, "class": "palpebral", "class_id": 2, "detection_id": "d1d8baf9-f0e5-45fb-9f9b-4b77d6b9dfb2"}, {"x": 1242.5, "y": 2543.0, "width": 2269.0, "height": 1382.0, "confidence": 0.8024938702583313, "class": "forniceal", "class_id": 0, "detection_id": "54dc6613-d85b-4bc3-8789-f5d464d93d7c"}]}