{"inference_id": "d5d83cf2-2023-4e68-946b-219ab954e53e", "time": 0.15125030199988032, "image": {"width": 2988, "height": 3984}, "predictions": [{"x": 1769.5, "y": 2690.0, "width": 2437.0, "height": 1422.0, "confidence": 0.7766265273094177, "class": "forniceal_palpebral", "class_id": 1, "detection_id": "4a725822-2a96-413c-9c85-5c7dd53c651a"}, {"x": 1771.0, "y": 2850.0, "width": 2434.0, "height": 1152.0, "confidence": 0.7685748934745789, "class": "palpebral", "class_id": 2, "detection_id": "bcf41179-62e3-492d-8fa3-9b66a4a7bcc5"}, {"x": 1768.5, "y": 2550.0, "width": 2439.0, "height": 1366.0, "confidence": 0.7565560936927795, "class": "forniceal", "class_id": 0, "detection_id": "45163ef6-9412-4569-886a-a6f782cbf378"}]}