{"inference_id": "ef1daf20-8399-481d-b375-4296f2aab740", "time": 0.12697141799981182, "image": {"width": 2988, "height": 3984}, "predictions": [{"x": 1644.5, "y": 2708.0, "width": 2687.0, "height": 1456.0, "confidence": 0.6260092258453369, "class": "forniceal_palpebral", "class_id": 1, "detection_id": "3e1f2f5b-8011-483a-a04f-3de250dc4f80"}, {"x": 1521.0, "y": 2687.0, "width": 2934.0, "height": 1514.0, "confidence": 0.6246151328086853, "class": "palpebral", "class_id": 2, "detection_id": "e1f2124d-db28-4676-8098-9b59c336d49c"}, {"x": 1545.5, "y": 2366.5, "width": 2885.0, "height": 1453.0, "confidence": 0.29566657543182373, "class": "forniceal", "class_id": 0, "detection_id": "f5ec415f-52e9-4115-817c-e1d53fe6cd32"}]}