{"inference_id": "2d248fff-6017-4b79-9a4f-cc2971b197fb", "time": 0.09622421299991402, "image": {"width": 2988, "height": 3984}, "predictions": [{"x": 1584.5, "y": 2481.0, "width": 2807.0, "height": 1662.0, "confidence": 0.8223319053649902, "class": "forniceal_palpebral", "class_id": 1, "detection_id": "59dcaf6e-08a0-4148-880e-e398dc1fd331"}, {"x": 1602.0, "y": 2336.0, "width": 2772.0, "height": 1492.0, "confidence": 0.7916440963745117, "class": "forniceal", "class_id": 0, "detection_id": "afe2ea86-55a9-4250-a839-7a5c407e4ca8"}, {"x": 1595.0, "y": 2583.0, "width": 2774.0, "height": 1606.0, "confidence": 0.5877435803413391, "class": "palpebral", "class_id": 2, "detection_id": "c488faaa-f618-4105-a6bb-c415f2731243"}]}