{"inference_id": "c630c85f-1be3-42fb-b0fd-40a9f0210677", "time": 0.14150524699971356, "image": {"width": 2988, "height": 3984}, "predictions": [{"x": 1451.0, "y": 2509.0, "width": 2902.0, "height": 1898.0, "confidence": 0.8179655075073242, "class": "forniceal_palpebral", "class_id": 1, "detection_id": "3047e194-641a-46f4-9f04-41f12613cfec"}, {"x": 1448.5, "y": 2333.5, "width": 2897.0, "height": 1671.0, "confidence": 0.7622377276420593, "class": "forniceal", "class_id": 0, "detection_id": "18d968d1-982d-4a8d-983f-e14874322f84"}, {"x": 1432.5, "y": 2637.5, "width": 2865.0, "height": 1717.0, "confidence": 0.6782341003417969, "class": "palpebral", "class_id": 2, "detection_id": "3e85bb03-207e-48f6-9a12-02dfcdfc2b4a"}]}