{"inference_id": "81f3ad5b-d33e-4cd0-827c-7aaeef9acd10", "time": 0.10164532999988296, "image": {"width": 2988, "height": 3984}, "predictions": [{"x": 1388.5, "y": 2373.5, "width": 2367.0, "height": 1817.0, "confidence": 0.7536446452140808, "class": "forniceal", "class_id": 0, "detection_id": "d1ac5ae1-ee93-466b-9d39-564f679a0bdb"}, {"x": 1393.5, "y": 2481.0, "width": 2263.0, "height": 1820.0, "confidence": 0.7405187487602234, "class": "forniceal_palpebral", "class_id": 1, "detection_id": "f6a314ac-b4f8-49c5-9479-9b76c3c35e3d"}, {"x": 1423.0, "y": 2577.0, "width": 2212.0, "height": 1618.0, "confidence": 0.5768091082572937, "class": "palpebral", "class_id": 2, "detection_id": "e3854d55-6dc5-4d64-b3c7-62431d4561f5"}]}