{"inference_id": "b9168423-3a52-4bb8-a3c4-9f5a0b29e3bc", "time": 0.13345645300023534, "image": {"width": 2988, "height": 3984}, "predictions": [{"x": 1321.0, "y": 2301.0, "width": 2492.0, "height": 1304.0, "confidence": 0.7114841938018799, "class": "forniceal_palpebral", "class_id": 1, "detection_id": "eaa2f010-48c9-4958-8d80-7fa08114d0de"}, {"x": 1318.0, "y": 2453.5, "width": 2496.0, "height": 1277.0, "confidence": 0.7012174129486084, "class": "palpebral", "class_id": 2, "detection_id": "13c2760c-33c3-4296-9430-c9a53a89c4b4"}, {"x": 1323.5, "y": 2135.5, "width": 2567.0, "height": 1125.0, "confidence": 0.639751672744751, "class": "forniceal", "class_id": 0, "detection_id": "aa0006e2-c8fa-45be-97fa-44e509a8a9d3"}]}