{"inference_id": "a2870aae-216d-4756-86bd-eff637fecd9c", "time": 0.1476761600001737, "image": {"width": 2988, "height": 3984}, "predictions": [{"x": 974.0, "y": 2347.5, "width": 1948.0, "height": 791.0, "confidence": 0.8546818494796753, "class": "forniceal", "class_id": 0, "detection_id": "f96100bd-8aa5-41fc-9e2b-f691e9474823"}, {"x": 983.5, "y": 2604.0, "width": 1967.0, "height": 1176.0, "confidence": 0.8385493755340576, "class": "palpebral", "class_id": 2, "detection_id": "854711a7-a08a-43c2-912e-36b6e614221f"}, {"x": 980.0, "y": 2601.5, "width": 1960.0, "height": 1191.0, "confidence": 0.8051395416259766, "class": "forniceal_palpebral", "class_id": 1, "detection_id": "52fef22b-5822-4848-8467-4bac12b36f52"}]}