{"inference_id": "9a4b0b8f-bb06-4098-936f-9b5ce2e05005", "time": 0.11069474599980822, "image": {"width": 2988, "height": 3984}, "predictions": [{"x": 1335.0, "y": 2506.5, "width": 2646.0, "height": 1825.0, "confidence": 0.8183950781822205, "class": "forniceal_palpebral", "class_id": 1, "detection_id": "f30f0004-f6b9-4f1a-84f1-76e501d0cf1f"}, {"x": 1331.5, "y": 2308.0, "width": 2575.0, "height": 1588.0, "confidence": 0.7749564051628113, "class": "forniceal", "class_id": 0, "detection_id": "d0b95606-127d-47d6-9e07-a028ba67dbaf"}, {"x": 1328.5, "y": 2615.0, "width": 2543.0, "height": 1606.0, "confidence": 0.7374053001403809, "class": "palpebral", "class_id": 2, "detection_id": "102edeae-46e0-4b00-839e-925cf3bffefd"}]}