{"inference_id": "f49b0955-8bf7-49cf-b059-915a2a2acef6", "time": 0.11426210999979958, "image": {"width": 2988, "height": 3984}, "predictions": [{"x": 1692.0, "y": 2409.0, "width": 2374.0, "height": 1130.0, "confidence": 0.7108616232872009, "class": "palpebral", "class_id": 2, "detection_id": "f6160621-babc-43d7-934c-83270df5a78f"}, {"x": 1684.0, "y": 2378.0, "width": 2468.0, "height": 1154.0, "confidence": 0.6976803541183472, "class": "forniceal_palpebral", "class_id": 1, "detection_id": "7616d30a-0433-4306-bf56-016d36f41f73"}, {"x": 1686.0, "y": 2374.0, "width": 2440.0, "height": 1194.0, "confidence": 0.6933767795562744, "class": "forniceal", "class_id": 0, "detection_id": "7f5d51cc-c241-415e-b092-45ad4f75aa0a"}]}