{"inference_id": "8c610948-50bb-489b-ab37-408b30f6df1e", "time": 0.14644585800033383, "image": {"width": 2988, "height": 3984}, "predictions": [{"x": 1176.5, "y": 2550.0, "width": 2353.0, "height": 916.0, "confidence": 0.86500483751297, "class": "forniceal", "class_id": 0, "detection_id": "b36e7745-0f1b-427d-9a2a-fd8939d3f269"}, {"x": 1181.0, "y": 2708.0, "width": 2362.0, "height": 1140.0, "confidence": 0.8536486625671387, "class": "forniceal_palpebral", "class_id": 1, "detection_id": "6f5b612f-47f8-4817-bd77-00503ba6cedd"}, {"x": 1192.5, "y": 2762.5, "width": 2385.0, "height": 991.0, "confidence": 0.5301800966262817, "class": "palpebral", "class_id": 2, "detection_id": "1e4e4b4c-f078-4118-a0f2-f963b45584ca"}]}