{"inference_id": "94713938-804b-41f5-846a-16f0b960d208", "time": 0.14322858299965446, "image": {"width": 2988, "height": 3984}, "predictions": [{"x": 1744.0, "y": 2687.5, "width": 2448.0, "height": 935.0, "confidence": 0.6226134300231934, "class": "palpebral", "class_id": 2, "detection_id": "2cd0ace0-138c-47ea-b815-36aa197ba941"}, {"x": 1679.5, "y": 2309.0, "width": 2617.0, "height": 1596.0, "confidence": 0.3117697536945343, "class": "forniceal_palpebral", "class_id": 1, "detection_id": "1bbfb7a5-f3d2-44db-bd2e-bef4ed53e1e6"}]}