{"inference_id": "8aa9ea6b-5755-40ad-aee6-03f9cef598f2", "time": 0.12834397999995417, "image": {"width": 2988, "height": 3984}, "predictions": [{"x": 1585.5, "y": 1951.5, "width": 2783.0, "height": 1739.0, "confidence": 0.7272578477859497, "class": "forniceal_palpebral", "class_id": 1, "detection_id": "4957f36d-98a0-4b2c-a0bb-5d1c3415a5f6"}, {"x": 1577.5, "y": 2060.0, "width": 2699.0, "height": 1648.0, "confidence": 0.708154559135437, "class": "palpebral", "class_id": 2, "detection_id": "ad7e3464-2106-4e07-922d-e7fdfa263085"}, {"x": 1581.0, "y": 1947.0, "width": 2668.0, "height": 1766.0, "confidence": 0.7012589573860168, "class": "forniceal", "class_id": 0, "detection_id": "660af177-56ee-4392-a446-f4c09af7394d"}]}