{"inference_id": "95eb31d6-89f6-4c20-948e-2c2f11af6602", "time": 0.15485591100014062, "image": {"width": 2988, "height": 3984}, "predictions": [{"x": 1549.0, "y": 2099.0, "width": 2878.0, "height": 1602.0, "confidence": 0.6855350732803345, "class": "forniceal_palpebral", "class_id": 1, "detection_id": "2fb30eb7-1c95-4c8e-a1d1-eb6ce8661ec6"}, {"x": 1479.0, "y": 2118.5, "width": 2958.0, "height": 1341.0, "confidence": 0.505393385887146, "class": "forniceal", "class_id": 0, "detection_id": "29e36118-9c7c-47b3-a368-72cc67d6a26f"}, {"x": 1557.5, "y": 2235.5, "width": 2861.0, "height": 1441.0, "confidence": 0.4645286500453949, "class": "palpebral", "class_id": 2, "detection_id": "86acc312-8b57-495e-b17f-5fac6878774b"}]}