{"inference_id": "d4c753a9-4fe5-4b5a-ad7a-d1561c69dba3", "time": 0.1290012019999267, "image": {"width": 2988, "height": 3984}, "predictions": [{"x": 1318.5, "y": 2504.5, "width": 2539.0, "height": 1205.0, "confidence": 0.7645337581634521, "class": "forniceal_palpebral", "class_id": 1, "detection_id": "152ecc69-5784-42f2-b076-90d35e66356d"}, {"x": 1317.5, "y": 2580.5, "width": 2557.0, "height": 987.0, "confidence": 0.5502183437347412, "class": "palpebral", "class_id": 2, "detection_id": "d7450db9-d711-45e4-8e26-21689d727404"}, {"x": 1390.0, "y": 2370.5, "width": 2780.0, "height": 1279.0, "confidence": 0.524197518825531, "class": "forniceal", "class_id": 0, "detection_id": "d0fc900e-5525-4fd8-80f9-edf2cd7d96dc"}]}