{"inference_id": "2cf1be34-4f94-46b7-8493-d6bd143e6c9c", "time": 0.14780474799999865, "image": {"width": 2988, "height": 3984}, "predictions": [{"x": 1270.0, "y": 2345.5, "width": 2430.0, "height": 1413.0, "confidence": 0.8649806976318359, "class": "forniceal", "class_id": 0, "detection_id": "092e7680-0c8f-466e-b264-15a76b1e9620"}, {"x": 1247.0, "y": 2502.5, "width": 2488.0, "height": 1643.0, "confidence": 0.8236694931983948, "class": "forniceal_palpebral", "class_id": 1, "detection_id": "1aee28c8-f6f1-4eac-a25e-fba3d24ab715"}, {"x": 1240.5, "y": 2597.0, "width": 2443.0, "height": 1490.0, "confidence": 0.735522985458374, "class": "palpebral", "class_id": 2, "detection_id": "8782f765-3f47-4092-86a8-81e33629631c"}]}