{"inference_id": "d0976445-e8c6-4cc1-83dc-70b9cc20aa17", "time": 0.1410706360002223, "image": {"width": 2988, "height": 3984}, "predictions": [{"x": 1407.5, "y": 2302.0, "width": 2541.0, "height": 986.0, "confidence": 0.6582119464874268, "class": "forniceal_palpebral", "class_id": 1, "detection_id": "d43bb328-ce42-4633-989f-b7a344575390"}, {"x": 1329.0, "y": 2301.5, "width": 2420.0, "height": 959.0, "confidence": 0.38618308305740356, "class": "palpebral", "class_id": 2, "detection_id": "5b4b4985-07cc-4a1a-a777-c1d1b3f492db"}, {"x": 1428.0, "y": 2211.0, "width": 2552.0, "height": 874.0, "confidence": 0.25331154465675354, "class": "forniceal", "class_id": 0, "detection_id": "f14d13af-408d-41b1-ae6f-c4c732fd312c"}]}