{"inference_id": "9042fa2c-3f39-4715-9b61-1d2051f7c47e", "time": 0.12238536900008512, "image": {"width": 2988, "height": 3984}, "predictions": [{"x": 1462.5, "y": 2331.0, "width": 2925.0, "height": 1556.0, "confidence": 0.7426713109016418, "class": "forniceal_palpebral", "class_id": 1, "detection_id": "259e5694-d662-4916-8ea8-14f752a59819"}, {"x": 1443.5, "y": 2423.5, "width": 2887.0, "height": 1457.0, "confidence": 0.6564483046531677, "class": "palpebral", "class_id": 2, "detection_id": "2bb370cf-9871-4b6a-a7e1-be3c7bf27f44"}]}