{"inference_id": "5f0d10c3-dc2f-4aa7-aecc-74e371adadcc", "time": 0.12632646700012629, "image": {"width": 2988, "height": 3984}, "predictions": [{"x": 1571.0, "y": 2359.0, "width": 2826.0, "height": 1768.0, "confidence": 0.7004332542419434, "class": "forniceal", "class_id": 0, "detection_id": "fff158c6-f332-4c7b-9d07-dd6cf137e2bb"}, {"x": 1563.0, "y": 2481.5, "width": 2774.0, "height": 1763.0, "confidence": 0.6899251937866211, "class": "forniceal_palpebral", "class_id": 1, "detection_id": "4fe09087-0ea8-4088-b7cf-040788591201"}, {"x": 1568.0, "y": 2608.5, "width": 2698.0, "height": 1453.0, "confidence": 0.5417032837867737, "class": "palpebral", "class_id": 2, "detection_id": "8a85d1d4-93e1-47bf-8935-8d87279e1921"}]}