{"inference_id": "5afd74d2-1f52-4fd1-aec0-bb8e7f7ec916", "time": 0.153132302999893, "image": {"width": 2988, "height": 3984}, "predictions": [{"x": 1461.0, "y": 2331.5, "width": 2812.0, "height": 1487.0, "confidence": 0.7840492725372314, "class": "forniceal", "class_id": 0, "detection_id": "581d416a-20e7-4ad5-96d2-ba0d1f98a9b1"}, {"x": 1466.0, "y": 2473.0, "width": 2724.0, "height": 1440.0, "confidence": 0.7754138708114624, "class": "forniceal_palpebral", "class_id": 1, "detection_id": "f47f5c6f-3329-43b0-a3b5-6eea079b73c6"}, {"x": 1457.0, "y": 2564.5, "width": 2640.0, "height": 1115.0, "confidence": 0.5063827037811279, "class": "palpebral", "class_id": 2, "detection_id": "91fd3630-d4ad-4c81-b589-6986e3728289"}]}