{"inference_id": "cc0f213f-e754-479f-9158-61d7f85f896f", "time": 0.14207523500044772, "image": {"width": 2988, "height": 3984}, "predictions": [{"x": 1707.0, "y": 2339.5, "width": 2562.0, "height": 1545.0, "confidence": 0.8288998603820801, "class": "forniceal", "class_id": 0, "detection_id": "15e3c779-88d1-4022-8509-11aeeca08875"}, {"x": 1702.0, "y": 2483.5, "width": 2572.0, "height": 1501.0, "confidence": 0.7982328534126282, "class": "forniceal_palpebral", "class_id": 1, "detection_id": "8c138ec8-c674-4ea8-b7c2-538c47c3f52a"}, {"x": 1725.5, "y": 2571.5, "width": 2477.0, "height": 1225.0, "confidence": 0.7489762306213379, "class": "palpebral", "class_id": 2, "detection_id": "0275bd8f-d105-4bfa-aaa1-24ac384a3b0a"}]}