{"inference_id": "62329e0e-5f45-4a91-829a-9bbbf712fdb1", "time": 0.1347934779996649, "image": {"width": 2988, "height": 3984}, "predictions": [{"x": 1047.0, "y": 2746.0, "width": 2094.0, "height": 896.0, "confidence": 0.7397833466529846, "class": "forniceal_palpebral", "class_id": 1, "detection_id": "52753b02-6204-4ad6-9b2b-0d0826619a83"}, {"x": 1004.5, "y": 2565.0, "width": 2001.0, "height": 622.0, "confidence": 0.7363235950469971, "class": "forniceal", "class_id": 0, "detection_id": "53102692-0d92-47b0-9f59-40ce029bdf6d"}, {"x": 1045.5, "y": 2791.0, "width": 2091.0, "height": 792.0, "confidence": 0.6915981769561768, "class": "palpebral", "class_id": 2, "detection_id": "9abeeb1d-d32e-4a31-982a-e838a780a868"}]}