{"inference_id": "b8684d9f-a6c2-4a58-8ae6-ea16d69f5d5b", "time": 0.12742038500005037, "image": {"width": 2988, "height": 3984}, "predictions": [{"x": 1308.0, "y": 2331.5, "width": 2616.0, "height": 1545.0, "confidence": 0.7873086929321289, "class": "forniceal_palpebral", "class_id": 1, "detection_id": "5b32975a-f4dd-4ec1-8d31-20fdeff24200"}, {"x": 1295.0, "y": 2413.5, "width": 2582.0, "height": 1473.0, "confidence": 0.7023746967315674, "class": "palpebral", "class_id": 2, "detection_id": "8ac6a0d1-965c-43fb-966b-e0fd28966788"}, {"x": 1233.5, "y": 2311.5, "width": 2467.0, "height": 1361.0, "confidence": 0.33556675910949707, "class": "forniceal", "class_id": 0, "detection_id": "72a563f1-932b-4332-9bf7-6fbcca1615db"}]}