{"inference_id": "fd43ef24-8b67-4804-9c80-a52cd7247283", "time": 0.11025514999982988, "image": {"width": 2988, "height": 3984}, "predictions": [{"x": 1423.0, "y": 2114.5, "width": 2674.0, "height": 2147.0, "confidence": 0.6359881162643433, "class": "forniceal_palpebral", "class_id": 1, "detection_id": "93e520a1-1407-45fd-bed8-122d5191d9c3"}, {"x": 992.5, "y": 2076.0, "width": 1765.0, "height": 1960.0, "confidence": 0.5778011679649353, "class": "palpebral", "class_id": 2, "detection_id": "6909024a-5e6f-4a3f-8f3c-c206818d4e36"}]}