{"inference_id": "8a51deba-4f2a-4009-a69b-e458c7b538df", "time": 0.1387749119999171, "image": {"width": 2988, "height": 3984}, "predictions": [{"x": 1583.0, "y": 2873.0, "width": 2314.0, "height": 964.0, "confidence": 0.801909863948822, "class": "palpebral", "class_id": 2, "detection_id": "b7e72fe8-1a01-47c4-bd14-080110f398a7"}, {"x": 1581.5, "y": 2803.0, "width": 2371.0, "height": 954.0, "confidence": 0.7143897414207458, "class": "forniceal", "class_id": 0, "detection_id": "aac1d370-32c3-4b6d-b73e-aab306d5261c"}, {"x": 1584.0, "y": 2802.5, "width": 2416.0, "height": 933.0, "confidence": 0.7042725682258606, "class": "forniceal_palpebral", "class_id": 1, "detection_id": "391838e5-071c-4fd1-9ad2-473e25cf8bd5"}]}