{"inference_id": "8a6141e8-03c5-4fb7-bff9-53b0ee79448c", "time": 0.1453382889999375, "image": {"width": 2988, "height": 3984}, "predictions": [{"x": 1399.0, "y": 2112.0, "width": 2704.0, "height": 1296.0, "confidence": 0.817846417427063, "class": "forniceal", "class_id": 0, "detection_id": "cfcd00cd-16ae-4a59-8292-6428379fbe8f"}, {"x": 1322.0, "y": 2617.0, "width": 2580.0, "height": 1274.0, "confidence": 0.8098465800285339, "class": "palpebral", "class_id": 2, "detection_id": "9422b54f-3d6c-4398-b222-13c8ca6373ea"}, {"x": 1404.5, "y": 2320.5, "width": 2739.0, "height": 1719.0, "confidence": 0.7513418197631836, "class": "forniceal_palpebral", "class_id": 1, "detection_id": "41cc2375-9c4c-411a-beeb-16a3a46dd947"}]}