{"inference_id": "bbd0a88c-3d67-42fd-bdec-83029bc7765c", "time": 0.1564548650000006, "image": {"width": 2988, "height": 3984}, "predictions": [{"x": 1398.0, "y": 2470.5, "width": 2522.0, "height": 1589.0, "confidence": 0.7867776155471802, "class": "forniceal_palpebral", "class_id": 1, "detection_id": "d61438d6-b0cf-41b7-a963-cb894d51cadd"}, {"x": 1343.0, "y": 2297.5, "width": 2414.0, "height": 1261.0, "confidence": 0.7127591371536255, "class": "forniceal", "class_id": 0, "detection_id": "450b643d-c2ea-46bc-b681-149d590271e8"}, {"x": 1345.0, "y": 2465.0, "width": 2462.0, "height": 1628.0, "confidence": 0.6560585498809814, "class": "palpebral", "class_id": 2, "detection_id": "6e379143-5e06-408e-b41e-ae8e925481e3"}]}