{"inference_id": "77043f3f-727f-4f5c-bcda-4cdcd2bd1484", "time": 0.15620228700026928, "image": {"width": 2988, "height": 3984}, "predictions": [{"x": 1471.0, "y": 2717.5, "width": 2942.0, "height": 1907.0, "confidence": 0.7397538423538208, "class": "forniceal_palpebral", "class_id": 1, "detection_id": "1d0e4d0f-87ca-431c-ae95-2853064abe2b"}, {"x": 1470.5, "y": 2839.5, "width": 2873.0, "height": 1703.0, "confidence": 0.6189539432525635, "class": "palpebral", "class_id": 2, "detection_id": "73ebbfb3-b5ec-410c-9c48-0d193f933a79"}, {"x": 1475.0, "y": 2570.0, "width": 2950.0, "height": 1824.0, "confidence": 0.5739656090736389, "class": "forniceal", "class_id": 0, "detection_id": "a8343bf8-ffb9-44c5-94f4-089739ab1d1d"}]}