{"inference_id": "1b3fab66-e5eb-4b07-8885-a8eaf2c61608", "time": 0.14630835899970407, "image": {"width": 2988, "height": 3984}, "predictions": [{"x": 1353.5, "y": 2356.5, "width": 2705.0, "height": 2003.0, "confidence": 0.7524785995483398, "class": "forniceal", "class_id": 0, "detection_id": "a0f27298-6ef0-4ddf-89ca-b5b9a6a822f4"}, {"x": 1348.5, "y": 2492.5, "width": 2695.0, "height": 1893.0, "confidence": 0.7328706383705139, "class": "forniceal_palpebral", "class_id": 1, "detection_id": "78f02c26-64af-472b-8284-cd120dc7c090"}, {"x": 1403.0, "y": 2620.0, "width": 2626.0, "height": 1632.0, "confidence": 0.666667103767395, "class": "palpebral", "class_id": 2, "detection_id": "466ae9e3-0c82-44a8-999a-0c643a625a33"}]}