{"inference_id": "77f0604c-e6ad-474c-8131-c0e42fb368db", "time": 0.11718193499973495, "image": {"width": 2988, "height": 3984}, "predictions": [{"x": 1162.5, "y": 2649.5, "width": 2323.0, "height": 1157.0, "confidence": 0.8612045049667358, "class": "palpebral", "class_id": 2, "detection_id": "dcfd19cb-a261-4e7d-a5e0-6679dd069c6a"}, {"x": 1145.0, "y": 2550.5, "width": 2272.0, "height": 1213.0, "confidence": 0.8340959548950195, "class": "forniceal", "class_id": 0, "detection_id": "d241e580-405f-486a-80c4-168917b7388e"}, {"x": 1149.0, "y": 2550.0, "width": 2296.0, "height": 1164.0, "confidence": 0.8192753791809082, "class": "forniceal_palpebral", "class_id": 1, "detection_id": "15e9d127-d24a-4e59-a86f-a31667fa5384"}]}