{"inference_id": "ebd64fa2-5459-4d12-8845-1efc9cffb219", "time": 0.1466531500000201, "image": {"width": 2988, "height": 3984}, "predictions": [{"x": 1124.5, "y": 2389.0, "width": 2213.0, "height": 1060.0, "confidence": 0.8434539437294006, "class": "palpebral", "class_id": 2, "detection_id": "52ff91c3-f09e-4863-b54a-fc7f2fe3f32e"}, {"x": 1122.5, "y": 2339.5, "width": 2217.0, "height": 1203.0, "confidence": 0.8168463706970215, "class": "forniceal_palpebral", "class_id": 1, "detection_id": "bbdcbd6c-db06-47c0-9ed4-c68a868cd0ec"}, {"x": 1114.0, "y": 2192.5, "width": 2198.0, "height": 937.0, "confidence": 0.7961601614952087, "class": "forniceal", "class_id": 0, "detection_id": "d39bb859-b14e-4ff5-9800-192bce02e4bc"}]}