{"inference_id": "0f5a7266-6ea1-4e6d-a7df-defe5e7d9698", "time": 0.11587518299984367, "image": {"width": 2988, "height": 3984}, "predictions": [{"x": 1295.5, "y": 3074.0, "width": 2591.0, "height": 1100.0, "confidence": 0.4996802806854248, "class": "palpebral", "class_id": 2, "detection_id": "a62b12ea-cf44-4b38-9600-e31f6fd71461"}, {"x": 1403.5, "y": 2913.5, "width": 2769.0, "height": 1179.0, "confidence": 0.4892055094242096, "class": "forniceal_palpebral", "class_id": 1, "detection_id": "315b025f-4b12-489d-8fe9-eed7fb472a60"}]}