{"inference_id": "b3fb7326-e82c-43bc-baa1-a4a38db54452", "time": 0.1466247020002811, "image": {"width": 2988, "height": 3984}, "predictions": [{"x": 1307.0, "y": 2875.5, "width": 2580.0, "height": 1135.0, "confidence": 0.8070198893547058, "class": "palpebral", "class_id": 2, "detection_id": "99f82dde-998b-42ba-92d1-23e939aaf36e"}, {"x": 1310.5, "y": 2753.5, "width": 2621.0, "height": 1171.0, "confidence": 0.7354663610458374, "class": "forniceal_palpebral", "class_id": 1, "detection_id": "2e49a737-dcfc-4f01-be27-436070e21c81"}, {"x": 1302.0, "y": 2635.0, "width": 2604.0, "height": 896.0, "confidence": 0.32237696647644043, "class": "forniceal", "class_id": 0, "detection_id": "462dfbcf-9dfd-4e54-85c3-5b374628de34"}]}