{"inference_id": "ae1edf25-0a5c-4970-8f51-79d89cb27873", "time": 0.13204026900075405, "image": {"width": 2988, "height": 3984}, "predictions": [{"x": 1315.5, "y": 2310.5, "width": 2563.0, "height": 1277.0, "confidence": 0.8269348740577698, "class": "forniceal", "class_id": 0, "detection_id": "83136b54-9aa6-423b-a35e-8fccc6d2c596"}, {"x": 1334.5, "y": 2622.0, "width": 2561.0, "height": 1202.0, "confidence": 0.803601861000061, "class": "palpebral", "class_id": 2, "detection_id": "96c8a1a5-6e3e-4be0-b11e-428ed722b87f"}, {"x": 1328.5, "y": 2497.5, "width": 2561.0, "height": 1449.0, "confidence": 0.7845248579978943, "class": "forniceal_palpebral", "class_id": 1, "detection_id": "3b738796-bcd9-493e-8868-87300989d790"}]}