{"inference_id": "8178aecc-a46f-433a-ba10-38a395f50a20", "time": 0.10070445300016218, "image": {"width": 2988, "height": 3984}, "predictions": [{"x": 1529.5, "y": 2503.0, "width": 2917.0, "height": 1808.0, "confidence": 0.7549955248832703, "class": "forniceal_palpebral", "class_id": 1, "detection_id": "a2e96075-7e75-4a85-8262-31e4ab5616b1"}, {"x": 1469.0, "y": 2644.0, "width": 2938.0, "height": 1570.0, "confidence": 0.670449435710907, "class": "palpebral", "class_id": 2, "detection_id": "2e4f08a0-a9ed-4aa3-8a7c-5989c4d34452"}, {"x": 1546.5, "y": 2374.5, "width": 2883.0, "height": 1849.0, "confidence": 0.49254974722862244, "class": "forniceal", "class_id": 0, "detection_id": "217f3adc-3df4-44a5-89f2-677b71863ea4"}]}