{"inference_id": "4c7b66ab-6a2d-4810-ad20-5dae32446ddf", "time": 0.1453871670000808, "image": {"width": 2988, "height": 3984}, "predictions": [{"x": 1295.5, "y": 2774.5, "width": 2217.0, "height": 911.0, "confidence": 0.7788514494895935, "class": "forniceal", "class_id": 0, "detection_id": "48abee9b-2eef-492f-aea1-01491d5fd534"}, {"x": 1292.0, "y": 2855.5, "width": 2172.0, "height": 1119.0, "confidence": 0.7736082673072815, "class": "forniceal_palpebral", "class_id": 1, "detection_id": "dc0a69f8-9955-497c-b2f9-8960a558bfcf"}, {"x": 1289.0, "y": 2853.5, "width": 2062.0, "height": 1101.0, "confidence": 0.526505708694458, "class": "palpebral", "class_id": 2, "detection_id": "c20cfd5f-9bec-4858-91e9-ec9d0a152852"}]}