{"inference_id": "9133edfc-5718-4cb4-a332-7a3b7e6cd11f", "time": 0.2603486619998421, "image": {"width": 2988, "height": 3984}, "predictions": [{"x": 1674.0, "y": 2136.0, "width": 2628.0, "height": 1348.0, "confidence": 0.7645136117935181, "class": "forniceal_palpebral", "class_id": 1, "detection_id": "9c45e790-b234-4e85-9185-c9fa304c6e04"}, {"x": 1659.0, "y": 2131.5, "width": 2658.0, "height": 1401.0, "confidence": 0.7326411008834839, "class": "forniceal", "class_id": 0, "detection_id": "e8af6520-2928-4751-bc86-b9f93aa7afd6"}, {"x": 1628.0, "y": 2282.0, "width": 2720.0, "height": 1254.0, "confidence": 0.6469283699989319, "class": "palpebral", "class_id": 2, "detection_id": "c0368244-59c5-4f6f-ae90-162ea4041624"}]}