{"inference_id": "126f95e9-00e1-4ffb-b887-652d682aa5ee", "time": 0.1411246160000701, "image": {"width": 2988, "height": 3984}, "predictions": [{"x": 1481.0, "y": 2504.5, "width": 2962.0, "height": 1947.0, "confidence": 0.7547016143798828, "class": "forniceal_palpebral", "class_id": 1, "detection_id": "5ecd9050-be85-4ce1-b9c2-92b52fa4f613"}, {"x": 1486.5, "y": 2355.0, "width": 2973.0, "height": 1898.0, "confidence": 0.6374036073684692, "class": "forniceal", "class_id": 0, "detection_id": "8c4f5a44-63df-4ff9-8d76-033c762a3d6b"}, {"x": 1565.0, "y": 2601.0, "width": 2832.0, "height": 1742.0, "confidence": 0.5865591764450073, "class": "palpebral", "class_id": 2, "detection_id": "ea847327-c371-4894-8e60-81f4dae113ca"}]}