{"inference_id": "ed923246-6f58-4dc6-9888-3d52c4f3cce7", "time": 0.14429152599996087, "image": {"width": 2988, "height": 3984}, "predictions": [{"x": 1597.0, "y": 2484.5, "width": 2782.0, "height": 1595.0, "confidence": 0.759399950504303, "class": "forniceal_palpebral", "class_id": 1, "detection_id": "2f851af6-9ac3-43c0-892a-d8bee5cb1584"}, {"x": 1622.0, "y": 2337.5, "width": 2732.0, "height": 1469.0, "confidence": 0.7494604587554932, "class": "forniceal", "class_id": 0, "detection_id": "622d40cc-4b3e-4866-aedd-b4ed192cb1cd"}, {"x": 1623.0, "y": 2578.5, "width": 2710.0, "height": 1329.0, "confidence": 0.532366156578064, "class": "palpebral", "class_id": 2, "detection_id": "7f058f45-c343-4ab8-9c46-6990f1b8d320"}]}