{"inference_id": "580c5986-995d-4e93-985c-2929546c7df8", "time": 0.13002360200005114, "image": {"width": 2988, "height": 3984}, "predictions": [{"x": 1470.5, "y": 2542.0, "width": 2941.0, "height": 1438.0, "confidence": 0.6948773264884949, "class": "forniceal_palpebral", "class_id": 1, "detection_id": "fcfb99dc-dd7f-4ea3-81f9-a34e1a56a77b"}, {"x": 1537.5, "y": 2633.0, "width": 2841.0, "height": 1388.0, "confidence": 0.48215728998184204, "class": "palpebral", "class_id": 2, "detection_id": "0ac9bec7-cff6-4b50-8478-1414dc497091"}]}