{"inference_id": "a6326d99-f609-4a76-969b-42eb8f3ae8fe", "time": 0.1684999849999258, "image": {"width": 2988, "height": 3984}, "predictions": [{"x": 1478.0, "y": 2460.5, "width": 2956.0, "height": 1733.0, "confidence": 0.7058932781219482, "class": "forniceal_palpebral", "class_id": 1, "detection_id": "242829b1-8688-4cfa-8a8f-155f796c1eeb"}, {"x": 1493.5, "y": 2345.0, "width": 2987.0, "height": 1690.0, "confidence": 0.6395066976547241, "class": "forniceal", "class_id": 0, "detection_id": "547f1fdb-1a02-4d8b-a88c-10ed7fed3795"}, {"x": 1458.5, "y": 2588.0, "width": 2917.0, "height": 1310.0, "confidence": 0.3179093897342682, "class": "palpebral", "class_id": 2, "detection_id": "5ce900a6-b61e-46fa-8ad5-374026e1147e"}]}