{"inference_id": "d4eedfa0-cc13-41d1-969c-8d303eb27417", "time": 0.15620596899998418, "image": {"width": 2988, "height": 3984}, "predictions": [{"x": 1144.5, "y": 2640.0, "width": 2183.0, "height": 1294.0, "confidence": 0.9002645015716553, "class": "palpebral", "class_id": 2, "detection_id": "fc1378ac-67fb-4bc4-94a1-c0d2c915009b"}, {"x": 1162.5, "y": 2335.5, "width": 2273.0, "height": 1493.0, "confidence": 0.8677031993865967, "class": "forniceal", "class_id": 0, "detection_id": "f8e5bf76-e800-4e3c-a24f-494e7f763391"}, {"x": 1157.5, "y": 2482.0, "width": 2265.0, "height": 1690.0, "confidence": 0.784027099609375, "class": "forniceal_palpebral", "class_id": 1, "detection_id": "5c10f261-f50c-4fa5-a62f-fe91cc5a6fcd"}]}