{"inference_id": "0a046a08-bf5f-4849-b4da-4600e8e355a8", "time": 0.11733081300008052, "image": {"width": 2988, "height": 3984}, "predictions": [{"x": 1450.5, "y": 2703.5, "width": 2901.0, "height": 1603.0, "confidence": 0.763588011264801, "class": "forniceal_palpebral", "class_id": 1, "detection_id": "ce800bbd-2fc5-4b78-959e-e549ec6b51ee"}, {"x": 1442.0, "y": 2852.0, "width": 2884.0, "height": 1494.0, "confidence": 0.7600523233413696, "class": "palpebral", "class_id": 2, "detection_id": "3630ab23-ee9e-465d-b027-37468bce35ed"}, {"x": 1426.5, "y": 2528.0, "width": 2785.0, "height": 1618.0, "confidence": 0.42693445086479187, "class": "forniceal", "class_id": 0, "detection_id": "2350ce58-f854-4ce0-b44e-53aecadc0fef"}]}