{"inference_id": "767bfbbb-d8b8-442a-b1c5-2f745f82e9d0", "time": 0.12808726900038891, "image": {"width": 2988, "height": 3984}, "predictions": [{"x": 1274.5, "y": 2749.0, "width": 2491.0, "height": 1100.0, "confidence": 0.5728858709335327, "class": "forniceal_palpebral", "class_id": 1, "detection_id": "a0a8e14c-fd29-4fe6-aad3-5d456a91608d"}, {"x": 1184.0, "y": 2711.0, "width": 2292.0, "height": 856.0, "confidence": 0.5727852582931519, "class": "forniceal", "class_id": 0, "detection_id": "a4b5c394-d350-457f-a21d-5b98b77bc04d"}, {"x": 1288.5, "y": 2818.0, "width": 2471.0, "height": 1090.0, "confidence": 0.555782675743103, "class": "palpebral", "class_id": 2, "detection_id": "a7288c63-6019-42e7-9125-f304f393a8b0"}]}