{"inference_id": "c2f7dca7-a846-45f5-bda1-8b2d55c315c0", "time": 0.14519581000013204, "image": {"width": 2988, "height": 3984}, "predictions": [{"x": 1287.0, "y": 2673.0, "width": 2508.0, "height": 1348.0, "confidence": 0.7698610424995422, "class": "forniceal_palpebral", "class_id": 1, "detection_id": "15b70bc0-4440-460e-91a8-0d9f2ed58e7f"}, {"x": 1205.5, "y": 2714.0, "width": 2411.0, "height": 1182.0, "confidence": 0.3881065249443054, "class": "palpebral", "class_id": 2, "detection_id": "fce198ff-cd1a-44e0-ae81-bdff7ff9dd35"}, {"x": 1313.0, "y": 2404.5, "width": 2620.0, "height": 1107.0, "confidence": 0.28353020548820496, "class": "forniceal", "class_id": 0, "detection_id": "825faf34-fe90-47b7-9d2d-3b89746f7e7a"}]}