{"inference_id": "efa0949c-6489-4fae-a078-83a77fa037a9", "time": 0.10876146800001152, "image": {"width": 2988, "height": 3984}, "predictions": [{"x": 1296.0, "y": 2522.5, "width": 2424.0, "height": 1549.0, "confidence": 0.763104259967804, "class": "forniceal", "class_id": 0, "detection_id": "d04ba201-4652-4ff2-a8dd-981a556497b3"}, {"x": 1283.0, "y": 2659.5, "width": 2406.0, "height": 1681.0, "confidence": 0.7166739702224731, "class": "forniceal_palpebral", "class_id": 1, "detection_id": "1f1f59af-373a-40a0-8528-7bd69e89a1eb"}, {"x": 1198.0, "y": 2855.5, "width": 2256.0, "height": 1183.0, "confidence": 0.6687153577804565, "class": "palpebral", "class_id": 2, "detection_id": "f20c41af-398f-4537-a1e7-405092acaf32"}]}