{"inference_id": "ca3d497b-5418-4499-ab4c-a31eee28ae7f", "time": 0.15048787899968374, "image": {"width": 2988, "height": 3984}, "predictions": [{"x": 1119.5, "y": 2916.5, "width": 2239.0, "height": 1011.0, "confidence": 0.726730465888977, "class": "forniceal_palpebral", "class_id": 1, "detection_id": "45fbfffb-4e9b-47b8-9910-ac6ce8a0176c"}, {"x": 1099.0, "y": 2912.0, "width": 2198.0, "height": 1054.0, "confidence": 0.7186622619628906, "class": "palpebral", "class_id": 2, "detection_id": "4dff6777-38d4-4801-a296-df8d747e6d2a"}]}