{"inference_id": "7f1a3195-a563-46be-afaf-856a9c3e01a8", "time": 0.14992119799990178, "image": {"width": 2988, "height": 3984}, "predictions": [{"x": 1304.0, "y": 3041.0, "width": 2548.0, "height": 1090.0, "confidence": 0.8197336792945862, "class": "palpebral", "class_id": 2, "detection_id": "2aedb9e7-f470-4655-a2e5-f72f353180b9"}, {"x": 1435.5, "y": 2518.5, "width": 2871.0, "height": 1993.0, "confidence": 0.6877610683441162, "class": "forniceal_palpebral", "class_id": 1, "detection_id": "ffb93ee8-c567-44ee-b801-dcf7f637b534"}, {"x": 1432.0, "y": 2348.5, "width": 2864.0, "height": 1813.0, "confidence": 0.5677490234375, "class": "forniceal", "class_id": 0, "detection_id": "47ff20a0-4c1a-4a28-a4ae-81f1768fdda7"}]}