{"inference_id": "7abecf5d-48a9-48a9-8c32-bf5747913699", "time": 0.12374146799993468, "image": {"width": 2988, "height": 3984}, "predictions": [{"x": 1275.5, "y": 2344.0, "width": 2529.0, "height": 1138.0, "confidence": 0.7735681533813477, "class": "forniceal_palpebral", "class_id": 1, "detection_id": "46566617-2490-4889-aaca-dc0a07aa0d3f"}, {"x": 1257.5, "y": 2419.5, "width": 2515.0, "height": 1079.0, "confidence": 0.7585601210594177, "class": "palpebral", "class_id": 2, "detection_id": "2729796d-c225-491f-a7e8-2ab7c4247fd9"}, {"x": 1219.5, "y": 2329.0, "width": 2439.0, "height": 966.0, "confidence": 0.35191088914871216, "class": "forniceal", "class_id": 0, "detection_id": "71138d5c-bc8f-44d9-bd7b-72549bb2662c"}]}