{"inference_id": "a8e4b86b-3a59-46cb-9068-7a12dba55287", "time": 0.10368490000018937, "image": {"width": 2988, "height": 3984}, "predictions": [{"x": 1313.5, "y": 2748.0, "width": 2309.0, "height": 888.0, "confidence": 0.7329933643341064, "class": "forniceal", "class_id": 0, "detection_id": "6fc0b535-c71c-4ef2-af2f-6d2f28351c69"}, {"x": 1316.0, "y": 2842.5, "width": 2320.0, "height": 977.0, "confidence": 0.7276202440261841, "class": "palpebral", "class_id": 2, "detection_id": "c944d822-fde6-48c3-b468-09cbeb847bec"}, {"x": 1364.0, "y": 2824.0, "width": 2362.0, "height": 966.0, "confidence": 0.6787247657775879, "class": "forniceal_palpebral", "class_id": 1, "detection_id": "93fe986f-bdf7-4188-9cd5-4ed0d49b7718"}]}