{"inference_id": "60a96af0-9ae5-4c3a-8421-3c6eb12669a9", "time": 0.1262205250000079, "image": {"width": 2988, "height": 3984}, "predictions": [{"x": 1216.0, "y": 2670.0, "width": 1952.0, "height": 610.0, "confidence": 0.7479809522628784, "class": "forniceal", "class_id": 0, "detection_id": "f0656903-8cd6-4a93-8bef-978a35ce4ead"}, {"x": 1284.5, "y": 2830.5, "width": 2149.0, "height": 905.0, "confidence": 0.6934766173362732, "class": "palpebral", "class_id": 2, "detection_id": "d7f8e699-e4ac-4bfd-bb00-cc7dad00fed1"}, {"x": 1328.0, "y": 2737.5, "width": 2230.0, "height": 859.0, "confidence": 0.41790053248405457, "class": "forniceal_palpebral", "class_id": 1, "detection_id": "755fabdc-1921-46c2-8f5a-de97e1a2a71f"}]}