{"inference_id": "ac1f2c86-c800-46a1-857f-13a94196f4e6", "time": 0.12909618599996975, "image": {"width": 2988, "height": 3984}, "predictions": [{"x": 1738.0, "y": 2713.0, "width": 2500.0, "height": 1434.0, "confidence": 0.8421335220336914, "class": "forniceal_palpebral", "class_id": 1, "detection_id": "b1a311ce-34d0-4dd7-9813-716a49bfe52d"}, {"x": 1750.0, "y": 2547.5, "width": 2476.0, "height": 1257.0, "confidence": 0.8286886811256409, "class": "forniceal", "class_id": 0, "detection_id": "c5368211-c2cd-4b3d-b136-1442fa13504d"}, {"x": 1734.0, "y": 2767.0, "width": 2448.0, "height": 1426.0, "confidence": 0.7822026610374451, "class": "palpebral", "class_id": 2, "detection_id": "ec029a56-b3af-456c-9f9d-8e8195fd4299"}]}