{"inference_id": "d649c71a-fc8b-473d-a977-bf34f5a36643", "time": 0.1220915920000607, "image": {"width": 2988, "height": 3984}, "predictions": [{"x": 1199.5, "y": 2486.5, "width": 2399.0, "height": 1415.0, "confidence": 0.8074243068695068, "class": "palpebral", "class_id": 2, "detection_id": "ad05811d-04bb-456e-9963-a1bd3a8f92e9"}, {"x": 1211.0, "y": 2467.0, "width": 2422.0, "height": 1408.0, "confidence": 0.751015305519104, "class": "forniceal_palpebral", "class_id": 1, "detection_id": "374cc5d7-2ab5-4922-a8a4-c9682ff6dc47"}, {"x": 1200.5, "y": 2352.0, "width": 2401.0, "height": 1318.0, "confidence": 0.7121570110321045, "class": "forniceal", "class_id": 0, "detection_id": "63ce199c-2384-4855-a81e-b819904c0497"}]}