{"inference_id": "45cf57c8-9df3-4038-b511-39e72185cc56", "time": 0.14126354100017124, "image": {"width": 2988, "height": 3984}, "predictions": [{"x": 1374.0, "y": 2672.5, "width": 2624.0, "height": 1519.0, "confidence": 0.7226988673210144, "class": "forniceal_palpebral", "class_id": 1, "detection_id": "896fcbbb-65ff-4030-bbb9-bc7e8b138609"}, {"x": 1351.0, "y": 2559.0, "width": 2636.0, "height": 1508.0, "confidence": 0.5181359052658081, "class": "forniceal", "class_id": 0, "detection_id": "25a24ef6-6cc4-40c6-8f67-c7b8591cc3fc"}, {"x": 1394.5, "y": 2746.5, "width": 2609.0, "height": 1351.0, "confidence": 0.3534623980522156, "class": "palpebral", "class_id": 2, "detection_id": "b8764ec8-2be1-4ad6-9d4c-c8b08f26abce"}]}