{"inference_id": "fb3dbdf2-cedb-4de3-95d7-af62672ea39c", "time": 0.12274425600026007, "image": {"width": 2988, "height": 3984}, "predictions": [{"x": 1511.5, "y": 2858.0, "width": 2457.0, "height": 990.0, "confidence": 0.7689962387084961, "class": "palpebral", "class_id": 2, "detection_id": "457676f4-c1e9-416d-ad7f-91e79472865f"}, {"x": 1484.5, "y": 2709.5, "width": 2431.0, "height": 761.0, "confidence": 0.723270058631897, "class": "forniceal", "class_id": 0, "detection_id": "4f46f4ab-c708-4227-93f6-8773b5ff3425"}]}