{"inference_id": "fb25d033-c48f-48c8-92b9-0b596f30898e", "time": 0.1278298890001679, "image": {"width": 2988, "height": 3984}, "predictions": [{"x": 1494.0, "y": 2290.0, "width": 2650.0, "height": 1394.0, "confidence": 0.7818495035171509, "class": "forniceal", "class_id": 0, "detection_id": "c1112511-6e89-4c9b-af09-750089af0f09"}, {"x": 1532.0, "y": 2629.0, "width": 2592.0, "height": 1354.0, "confidence": 0.7354017496109009, "class": "palpebral", "class_id": 2, "detection_id": "acfab660-facf-4209-b3cb-bfa1f437c32f"}, {"x": 1507.5, "y": 2505.0, "width": 2687.0, "height": 1656.0, "confidence": 0.7182672023773193, "class": "forniceal_palpebral", "class_id": 1, "detection_id": "59eb5218-42f2-48e2-b9df-c7d8e0091d57"}]}