{"inference_id": "eed43fea-8443-43dd-82de-977ebcb07595", "time": 0.14119123500040587, "image": {"width": 2988, "height": 3984}, "predictions": [{"x": 1007.0, "y": 2081.0, "width": 1960.0, "height": 728.0, "confidence": 0.7197685241699219, "class": "forniceal", "class_id": 0, "detection_id": "96924b05-6f85-4157-aa4b-7c081db3bcc5"}, {"x": 1258.0, "y": 2341.5, "width": 2416.0, "height": 1207.0, "confidence": 0.6157326698303223, "class": "forniceal_palpebral", "class_id": 1, "detection_id": "c2707e67-7666-48c1-b5ce-e18ec77eaa4e"}, {"x": 1263.5, "y": 2400.0, "width": 2403.0, "height": 1074.0, "confidence": 0.4072861969470978, "class": "palpebral", "class_id": 2, "detection_id": "a65d0e41-69a0-4201-a028-70ea5bc7b435"}]}