{"inference_id": "eec0b66b-0ef0-47d5-a69a-e3ad30282f3e", "time": 0.12016928899993218, "image": {"width": 2988, "height": 3984}, "predictions": [{"x": 1486.5, "y": 1889.0, "width": 2973.0, "height": 1284.0, "confidence": 0.6851317286491394, "class": "palpebral", "class_id": 2, "detection_id": "4c6f042d-a331-477e-b9db-28b35156c920"}, {"x": 1480.0, "y": 1665.5, "width": 2960.0, "height": 1179.0, "confidence": 0.6285537481307983, "class": "forniceal_palpebral", "class_id": 1, "detection_id": "570cfdd4-13ea-46d6-8921-269d64c734ad"}, {"x": 1461.0, "y": 1510.0, "width": 2922.0, "height": 1046.0, "confidence": 0.5487357378005981, "class": "forniceal", "class_id": 0, "detection_id": "40466dac-63f6-4926-9a4e-61374e4bff9b"}]}