{"inference_id": "45ddc3e0-9637-42ff-a8bd-6671b6cae6cc", "time": 0.13835766900001545, "image": {"width": 2988, "height": 3984}, "predictions": [{"x": 1381.5, "y": 2695.5, "width": 2687.0, "height": 1591.0, "confidence": 0.7930971384048462, "class": "forniceal_palpebral", "class_id": 1, "detection_id": "6ed10742-133d-466a-9f5e-f0d144a0a68e"}, {"x": 1401.5, "y": 2814.0, "width": 2663.0, "height": 1264.0, "confidence": 0.762035071849823, "class": "palpebral", "class_id": 2, "detection_id": "367c08a2-367d-4fa8-965a-4bf67e63f040"}, {"x": 1363.0, "y": 2490.5, "width": 2588.0, "height": 1489.0, "confidence": 0.7315136790275574, "class": "forniceal", "class_id": 0, "detection_id": "8caf28a9-cd75-435b-80ae-0283260a95c2"}]}