{"inference_id": "942d0f23-17c3-4b72-bc38-5998b7f46c46", "time": 0.14622426400001132, "image": {"width": 2988, "height": 3984}, "predictions": [{"x": 1553.5, "y": 2843.0, "width": 2869.0, "height": 1364.0, "confidence": 0.7082672119140625, "class": "palpebral", "class_id": 2, "detection_id": "51f7893a-c930-46d5-bf01-c53e79ab567c"}, {"x": 1522.5, "y": 2511.5, "width": 2931.0, "height": 2083.0, "confidence": 0.7010626792907715, "class": "forniceal_palpebral", "class_id": 1, "detection_id": "762c8126-d7ad-4ee9-9c87-75eee9e8acde"}, {"x": 1529.5, "y": 2370.5, "width": 2917.0, "height": 2021.0, "confidence": 0.574540376663208, "class": "forniceal", "class_id": 0, "detection_id": "9ba9aa65-1c79-4857-b497-e92d42859fba"}]}