{"inference_id": "03f62744-0a57-4cac-aa66-9855586b7699", "time": 0.14778240399982678, "image": {"width": 2988, "height": 3984}, "predictions": [{"x": 1608.5, "y": 1733.0, "width": 2759.0, "height": 1692.0, "confidence": 0.7164373993873596, "class": "forniceal", "class_id": 0, "detection_id": "97848350-8ac5-460b-a9a0-3fab61b4bb2d"}, {"x": 1603.0, "y": 1883.0, "width": 2770.0, "height": 1634.0, "confidence": 0.7072737216949463, "class": "forniceal_palpebral", "class_id": 1, "detection_id": "e91a8ab9-e342-46e0-ad75-39f2eeeacccd"}, {"x": 1608.5, "y": 1859.5, "width": 2759.0, "height": 1719.0, "confidence": 0.6336270570755005, "class": "palpebral", "class_id": 2, "detection_id": "dfe85261-80c8-4c77-8b97-225d4e8784b1"}]}