{"inference_id": "73f7802f-d426-4a7f-b652-9672a0989401", "time": 0.14331853299972863, "image": {"width": 2988, "height": 3984}, "predictions": [{"x": 1630.5, "y": 2644.5, "width": 2365.0, "height": 1355.0, "confidence": 0.8030454516410828, "class": "palpebral", "class_id": 2, "detection_id": "dc4669b9-a6e1-4012-895f-55a04a631c10"}, {"x": 1679.5, "y": 2329.5, "width": 2443.0, "height": 1253.0, "confidence": 0.7824654579162598, "class": "forniceal", "class_id": 0, "detection_id": "3fb0f74d-42c4-42ab-97fd-1672e1143afd"}, {"x": 1629.0, "y": 2518.5, "width": 2426.0, "height": 1475.0, "confidence": 0.7313506603240967, "class": "forniceal_palpebral", "class_id": 1, "detection_id": "87b0835a-93a0-4d04-8946-f3f2b11ca880"}]}