{"inference_id": "2f7d7dca-95bd-4404-8518-9e3758c1e4a4", "time": 0.12520767299974978, "image": {"width": 2988, "height": 3984}, "predictions": [{"x": 1452.5, "y": 2521.5, "width": 2905.0, "height": 1893.0, "confidence": 0.8336284160614014, "class": "forniceal_palpebral", "class_id": 1, "detection_id": "67247ce6-688a-4c61-91d0-83b3209fd900"}, {"x": 1458.0, "y": 2362.0, "width": 2916.0, "height": 1716.0, "confidence": 0.758245050907135, "class": "forniceal", "class_id": 0, "detection_id": "09334bbd-0767-44c7-ba7a-381241c61800"}, {"x": 1452.0, "y": 2816.0, "width": 2816.0, "height": 1410.0, "confidence": 0.6560996770858765, "class": "palpebral", "class_id": 2, "detection_id": "53e1eac7-967b-447b-aa3e-3a7de469cbef"}]}