{"inference_id": "8ffd6ccf-d613-4872-befa-4b4406de113b", "time": 0.1494472880003741, "image": {"width": 2988, "height": 3984}, "predictions": [{"x": 1254.5, "y": 2842.0, "width": 2465.0, "height": 1168.0, "confidence": 0.8202497959136963, "class": "palpebral", "class_id": 2, "detection_id": "e4121184-cd9e-4d34-8318-de0ca8831ca6"}, {"x": 1221.5, "y": 2498.5, "width": 2443.0, "height": 1101.0, "confidence": 0.7558535933494568, "class": "forniceal", "class_id": 0, "detection_id": "608c8de2-65a8-4f3e-a2b5-a70ffc3e148f"}, {"x": 1252.5, "y": 2725.0, "width": 2441.0, "height": 1302.0, "confidence": 0.7552416324615479, "class": "forniceal_palpebral", "class_id": 1, "detection_id": "c007aae6-7169-4bba-921a-39b8fa5c8404"}]}