{"inference_id": "9e656435-8f11-4e8c-a160-d2d62354e12e", "time": 0.15295665499979805, "image": {"width": 2988, "height": 3984}, "predictions": [{"x": 1558.0, "y": 2520.0, "width": 2850.0, "height": 1148.0, "confidence": 0.6107773780822754, "class": "forniceal_palpebral", "class_id": 1, "detection_id": "7afbfa6b-97b0-4506-9137-fd5c4066907f"}, {"x": 1559.5, "y": 2610.0, "width": 2857.0, "height": 1074.0, "confidence": 0.45836666226387024, "class": "palpebral", "class_id": 2, "detection_id": "b69aa60e-55b5-4d66-b527-72e440ab9eb8"}]}