{"inference_id": "c20c6dad-7fab-457e-a196-3f28735e8e98", "time": 0.10358788600024127, "image": {"width": 2988, "height": 3984}, "predictions": [{"x": 1287.5, "y": 2685.0, "width": 2479.0, "height": 1508.0, "confidence": 0.789563775062561, "class": "forniceal_palpebral", "class_id": 1, "detection_id": "0f95c2af-2380-4f32-9199-371bfc847408"}, {"x": 1286.0, "y": 2677.0, "width": 2572.0, "height": 1562.0, "confidence": 0.7645300030708313, "class": "palpebral", "class_id": 2, "detection_id": "9810a668-4c6d-4460-9738-5e87458cf533"}, {"x": 1194.5, "y": 2477.0, "width": 2389.0, "height": 1266.0, "confidence": 0.43564629554748535, "class": "forniceal", "class_id": 0, "detection_id": "84b6e19d-a40e-412a-a8e0-d2520672a3eb"}]}