{"inference_id": "8b063bfb-1a1b-43bc-9d6b-f821772e456a", "time": 0.20843811400027334, "image": {"width": 2988, "height": 3984}, "predictions": [{"x": 1674.0, "y": 2146.5, "width": 2628.0, "height": 1431.0, "confidence": 0.7567211389541626, "class": "forniceal", "class_id": 0, "detection_id": "7b2b6163-11a9-4113-ae8a-4c4488fdfd5b"}, {"x": 1722.5, "y": 2247.0, "width": 2531.0, "height": 1320.0, "confidence": 0.6277949810028076, "class": "forniceal_palpebral", "class_id": 1, "detection_id": "8db4fb61-1ff8-4601-9664-5daa20de4b07"}, {"x": 1653.5, "y": 2257.5, "width": 2557.0, "height": 1241.0, "confidence": 0.37434786558151245, "class": "palpebral", "class_id": 2, "detection_id": "e22f9f65-87c6-48cb-91c4-4d9bb198e2ca"}]}