{"inference_id": "aded95a3-7f5c-4f40-83e7-959f6d4f152b", "time": 0.1392401430002792, "image": {"width": 2988, "height": 3984}, "predictions": [{"x": 1227.0, "y": 2907.5, "width": 2372.0, "height": 1243.0, "confidence": 0.803390622138977, "class": "palpebral", "class_id": 2, "detection_id": "ccd209e2-c937-4237-a640-72ce2ea03412"}, {"x": 1152.5, "y": 2685.5, "width": 2225.0, "height": 943.0, "confidence": 0.7917270660400391, "class": "forniceal", "class_id": 0, "detection_id": "994384ce-3428-4ce0-b876-301a8d25f33e"}, {"x": 1221.0, "y": 2733.0, "width": 2362.0, "height": 1284.0, "confidence": 0.6796623468399048, "class": "forniceal_palpebral", "class_id": 1, "detection_id": "59d189f7-216b-4b1e-8672-509cbe10d615"}]}