{"inference_id": "a23ec941-d7d0-423b-9527-c1e35186efd5", "time": 0.12712306599996737, "image": {"width": 2988, "height": 3984}, "predictions": [{"x": 1465.5, "y": 2089.0, "width": 2931.0, "height": 1792.0, "confidence": 0.7714160680770874, "class": "forniceal_palpebral", "class_id": 1, "detection_id": "a091892c-172c-40a0-bbbf-f2c8d9f399b5"}, {"x": 1404.5, "y": 1891.5, "width": 2789.0, "height": 1507.0, "confidence": 0.6256458759307861, "class": "forniceal", "class_id": 0, "detection_id": "7871b64f-96c6-4693-97fd-7e6d0ea398b2"}, {"x": 1474.5, "y": 2231.0, "width": 2949.0, "height": 1838.0, "confidence": 0.5236241817474365, "class": "palpebral", "class_id": 2, "detection_id": "d7133db3-38ca-4098-a356-4d046396f2b1"}]}