{"inference_id": "1d3a6ede-bb0f-42ff-bcea-61f38cf49b91", "time": 0.14676342500024475, "image": {"width": 2988, "height": 3984}, "predictions": [{"x": 1427.0, "y": 2533.5, "width": 2854.0, "height": 2151.0, "confidence": 0.7374228239059448, "class": "forniceal_palpebral", "class_id": 1, "detection_id": "46675aab-6f93-4b27-8e5f-672845b270ca"}, {"x": 1419.5, "y": 2664.5, "width": 2783.0, "height": 1893.0, "confidence": 0.6760318279266357, "class": "palpebral", "class_id": 2, "detection_id": "e639ba17-4747-4ea2-80f7-5f0bc3ae118d"}, {"x": 1435.5, "y": 2374.5, "width": 2871.0, "height": 1875.0, "confidence": 0.5289793610572815, "class": "forniceal", "class_id": 0, "detection_id": "052b064a-6f11-439a-ad3a-76c602ae5c21"}]}