{"inference_id": "5361b79d-0243-4c4b-a1ee-be464a278369", "time": 0.1332990369999152, "image": {"width": 2988, "height": 3984}, "predictions": [{"x": 1445.0, "y": 2692.5, "width": 2890.0, "height": 1537.0, "confidence": 0.7909525632858276, "class": "forniceal_palpebral", "class_id": 1, "detection_id": "5de03bcd-57d0-4730-96a4-4caf23dedfcb"}, {"x": 1442.5, "y": 2789.5, "width": 2885.0, "height": 1241.0, "confidence": 0.48340144753456116, "class": "palpebral", "class_id": 2, "detection_id": "acfe6c13-1c4a-42df-9e4c-4486c3862c2c"}]}