{"inference_id": "f91f8dcf-c535-4921-8c09-2d9478552776", "time": 0.12982744000009916, "image": {"width": 2988, "height": 3984}, "predictions": [{"x": 1591.0, "y": 2547.5, "width": 2572.0, "height": 1469.0, "confidence": 0.7955445051193237, "class": "forniceal_palpebral", "class_id": 1, "detection_id": "22cdf350-231e-4e32-a9aa-48b1fa705a3d"}, {"x": 1586.0, "y": 2547.5, "width": 2518.0, "height": 1525.0, "confidence": 0.786910891532898, "class": "forniceal", "class_id": 0, "detection_id": "f01c2388-dbc9-43d3-9ed9-53d4166525a0"}, {"x": 1585.5, "y": 2633.5, "width": 2525.0, "height": 1569.0, "confidence": 0.7857086062431335, "class": "palpebral", "class_id": 2, "detection_id": "17f31c93-cc72-4784-9782-3affbe8d4c60"}]}